AAA,,Avicon Aviation Consultants & Agents - Pakistan,
AAB,,Abelag Aviation NV t/a Luxaviation Belgium - Belgium,ABG
AAC,,Army Air Corps - United Kingdom,Armyair
AAD,FE,"Arrendamientos Aereos, S.A. d/b/a flytrip - Panama",Panabear
AAE,CT,Air Atlanta Europe Limited - Malta,Euroviking
AAG,JI,Armenian Airlines LLC - Armenia,Apriocot
AAH,KH,"Aeko Kula, Inc d/b/a Aloha Air Cargo - United States of America",Aloha
AAI,,Air Aurora - United States of America,Borealis
AAJ,,Alfa Airlines SD Co. Ltd. - Sudan,Alfa Sudan
AAK,,"Alaska Island Air, Inc. - United States of America",Alaska Island
AAL,AA,American Airlines - United States of America,American
AAM,,"Aim Air - Moldova, Republic of",Aim Air
AAN,,CTR Atmospherica Aviation A.S. - Czech Republic,Atmojet
AAO,,Alpha Aviation s.r.o. - Czech Republic,Hero
AAP,,Arabasco Air Services - Saudi Arabia,Arabasco
AAR,OZ,"Asiana Airlines, Inc. - Korea, Republic of",Asiana
AAT,,Congo Falcon - Congo,Africa Airlines
AAU,,Aeropa S.r.l. - Italy,
AAV,,Astro Air International Inc. d/b/a Pan Pacific Airlines - Philippines,Astro-Phil
AAX,,Advance Aviation Co. Ltd. - Thailand,Advance Aviation
AAY,G4,Allegiant Air LLC - United States of America,Allegiant
AAZ,,Aeolus Air Limited - The Gambia,Aeolus
ABA,,Aero-Beta GmbH & Co. KG. - Germany,Aerobeta
ABC,CR,UBM Aviation - OAG - United Kingdom,
ABD,CC,Flugfélagið Atlanta ehf - Iceland,Atlanta
ABE,,Aban Air - Iran,Aban
ABF,,Scanwings Oy - Finland,Skywings
ABH,,"Hokuriku-Koukuu Co., Ltd - Japan",
ABI,,"Alba-Air Aviacion, S.L. - Spain",Airalabacete
ABJ,E4,ATA - Aerotaxi Abaete Ltda - Brazil,Abaete
ABK,,Airbus Canada - Canada,Airbus Canuck
ABL,BX,"Air Busan - Korea, Republic of",Air Busan
ABM,,Aero Albatros - Spain,Albatros Espana
ABN,ZB,Air Albania Shpk - Albania,Air Albania
ABP,,ABS Jets - Czech Republic,Bair
ABQ,PA,M/S Airblue (PVT) Ltd - Pakistan,Pakblue
ABR,5H,ASL Airlines (Ireland) Limited - Ireland,Contract
ABS,J7,Afrijet Business Services d/b/a FlyGabon - Gabon,
ABT,PL,Amazone Airlines - Benin,Benways
ABU,,"Eagle Aviaton Services, Inc - United States of America",
ABV,,ASL Airlines UK Limited - United Kingdom,Cargoblue
ABW,RU,AirBridge Cargo Airlines Limited - Russian Federation,AirBridge Cargo
ABX,GB,"ABX Air, Inc. - United States of America",Abex
ABY,G9,Air Arabia PJSC - United Arab Emirates,Arabia
ABZ,,Air Ambulance Services Limited - Bahamas,Island Lifeflight
ACA,AC,Air Canada Inc. - Canada,Air Canada
ACC,,Airspeed Charter Ltd. - Jamaica,
ACD,,Academy Airlines - United States of America,Academy
ACE,,"Aero Charter Elite Services, LLC d/b/a Aviation Aces - United States of America",Sky Ace
ACF,,Centro de Formacion Aeronautica de Canarias - Spain,Forcan
ACG,,AOSAC - Airline Operations Support and Aviation Consultant - Canada,
ACH,,Africa's Connection STP - Sao Tome And Principe,
ACI,SB,Air Caledonie International SA d/b/a Aircalin - New Caledonia,Air Calin
ACJ,,"AC Aviation Co., Ltd - Thailand",Sinojet
ACK,,Nantucket Airlines - United States of America,Ack Air
ACL,JK,"Aercaribe Aerolina del Caribe, S.A. - Colombia",Admire
ACM,,AVIAC S.A. de C.V. (Aereo Vias Centroamericanas Sociedad Anonima de Capital Variable) - Honduras,
ACN,2F*,Azul Conecta Ltda - Brazil,Azul Conecta
ACP,8V*,Astral Aviation Ltd. - Kenya,Astral Cargo
ACR,,"Aerocenter, Escuela de Formacion de Pilotos Privados de Avion - Spain",Aerocenter
ACS,,Aircraft Sales and Services (Pvt) Ltd. d/b/a ASSL Air - Pakistan,Aircraft Sales
ACT,,"Flight Line, Inc. - United States of America",American Check
ACU,,Air Cargo Transportation System Limited - Kenya,Afrispirit
ACW,,"Servicios Aereos Across, S.A. de C.V. - Mexico",Acro Jets
ACY,,Alpha Crux LLC - Russian Federation,Crux
ACZ,,Blocked -,
ADA,,"Airservices Australia, Flight Inspection Unit - Australia",Auscal
ADB,,Antonov Design Bureau / Antonov Airlines - Ukraine,Antonov Bureau
ADC,,AD Astra Executive Charter Sp. z.o.o. - Poland,AD Astra
ADD,,Advanced Air Co. Ltd. - Japan,
ADF,,"Adefa, S.A. - Spain",
ADG,,"Aerea Flying Training Organization, S.A. - Spain",Aerea Training
ADI,,Audeli Air Express - Spain,Audeli
ADJ,,"Aladdin Jet Co., Ltd. - China",Shendeng Jet
ADL,,Aerodynamics Ltd. - United Kingdom,Cotswold
ADM,,Air Dream College - Portugal,Dream College
ADN,,Aero-Dienst GmbH - Germany,Aerodienst
ADO,HD,"Air Do Co., Ltd. - Japan",Air Do
ADP,,"Aerodiplomatic, S.A. de C.V. - Mexico",Aerodiplomatic
ADS,,Anderson Air Limited - Canada,Anderson
ADT,,"Arrendaminetos y Transportes Turisticos, S.A. de C.V. - Mexico",Arrenda-Trans
ADU,,Airdeal Oy - Finland,Airdeal
ADV,,Advanced Flight Training Ltd - United Kingdom,Advanced
ADY,3L,Air Arabia Abu Dhabi - United Arab Emirates,Nawras
ADZ,HQ,Compass Cargo Airlines Ltd. - Bulgaria,Migrator
AEA,UX,"Air Europa Lineas Aereas, S.A. - Spain",Europa
AEB,Z3*,Avion Express Brasil Ltda - Brazil,Vion Express
AEC,,"Aeroservicios de Almeria 2000, S.L. - Spain",
AED,,EADS CASA - Spain,
AEE,A3,"Aegean Airlines, S.A. - Greece",Aegean
AEF,,Aerea - Spain,
AEG,,Airest Inc. - Estonia,Airest Cargo
AEH,NL,Aero4M d.o.o. d/b/a Amelia International - Slovenia,Vega
AEJ,,Aerojet Executive C.A. - Venezuela,Aerojet
AEL,,Aegle Aviation (Aruba) N.V. - Aruba,Rhombus
AEN,,Aireon Canada Limited - Canada,
AEP,,"Aerotec Escuela de Pilotos, SL - Spain",Aerotec
AER,KO,"Alaska Central Express, Inc. d/b/a Ace Air Cargo - United States of America",Ace Air
AES,,Aerospace Engineering Services - Malta,Gemina
AET,,Aeronautical Radio of Thailand Ltd - Thailand,Aerothai
AEV,,"Aeroventas, S.A. - Mexico",Aeroventas
AEW,,Aegean Executive S.A. - Greece,Seagull
AEX,,"Airway Express, Inc. - United States of America",Avco
AEY,,Aeroservicios Centroamericanos S. de R.L. - Panama,Zeus
AEZ,XZ,Aeroitalia S.r.l. - Italy,Aeroitalia
AFA,,Alfa Air s.r.o. - Czech Republic,Blue Alfa
AFB,,Bulgarian Air Force - Bulgaria,Bulaf
AFC,,Aerorutas del Sur C.A. - Venezuela,Aerorutas
AFD,,AirFutures Airlines Limited - Ghana,
AFE,FS*,Airfast Indonesia PT - Indonesia,Airfast
AFF,,AF-Aviation Limited - United Kingdom,Airferry
AFG,FG,Ariana Afghan Airlines - Afghanistan,Ariana
AFH,,Air Afghanistan International - Afghanistan,Air Afghanistan
AFK,,Africa Air Links - Sierra Leone,Africa Links
AFL,SU,"PJSC ""Aeroflot"" - Russian Federation",Aeroflot
AFM,,Aerospeed Formation et Maintenance - France,Epic Air
AFN,,Atlantsflug Ltd - Iceland,Hekla
AFO,,"Aero Empresa Mexicana, S.A. - Mexico",Aero Empresa
AFP,,Portuguese Air Force - Portugal,Portuguese Air Force
AFQ,,Alba Servizi Aerotrasporti S.p.A. - Italy,Alba
AFR,AF,Air France - France,Airfrans
AFS,,Air Data Ltd. - United Kingdom,
AFT,,Blocked -,
AFU,,"Aviofun, D.o.o. - Slovenia",Aviofun
AFV,,"AvFinity, LLC - United States of America",
AFW,AW*,Africa World Airlines Limited - Ghana,Blackstar
AFY,,Africa Chartered Services - Nigeria,Africa Chartered
AFZ,,Atlantic Flight Training Limited d/b/a Atlantic Flight Training Academy - Ireland,Afta
AGA,,Ashianeh - Iran,Iran Hangar
AGD,,"Agricolair, S.L. - Spain",
AGE,,"Aeromanage, UAB - Lithuania",Aeromanage
AGF,,Air Georgia Ltd d/b/a Aircompany Air Georgia - Georgia,Air Georgia
AGG,,Air Grischa Hikopter AG - Switzerland,Air Grischa
AGH,,Altagna - France,Altagna
AGK,,Agat Airlines - Russian Federation,Agat
AGL,,Air Galaxy Limited - Bangladesh,Galaxy Cargo
AGM,,Aviation West Charters - United States of America,Angel Med
AGO,,AAC - Angola Air Charter Ltd. - Angola,Angola Charter
AGR,,ASL B.V. - Netherlands,Ace Europe
AGS,,"AOT Ground Aviation Services Co., Ltd. - Thailand",Blue Port
AGT,1A,Amadeus IT Group SA. - Spain,Amadeus
AGU,,"Open Joint Stock Company ""Angara Airlines"" - Russian Federation",Sarma
AGV,,Air Glaciers - Switzerland,Air Glaciers
AGY,,Air Go Egypt - Egypt,Egyptian Bird
AGZ,,Agrolet-Mci Ltd. - Slovakia,Agrolet
AHC,,Ascent Helicopters Ltd. - Canada,Ascent
AHD,,Czech Air Handling - Czech Republic,Airhandling
AHE,,Airport Helicopter Basel AHB AG - Switzerland,Airport Helicopter
AHF,,"Aspen Helicopters, Inc. - United States of America",Aspen
AHI,,"Servicios Aereos de Chihuahua Aerochisa, S.A. de C.V. - Mexico",Aerochisa
AHJ,,"Aviones Y Helicopteros Ejecutivos, S.A. de C.V. - Mexico",Avycop
AHK,LD*,AHK Air Hong Kong Limited - Hong Kong,Air Hong Kong
AHL,,"Aerolineas Hidalgo, S.A. de C.V. - Mexico",Hidalgo
AHM,,"Atlantis Helicopters de Mexico, S.A. de C.V. - Mexico",Heli Atlantis
AHN,,"Avia Group Handling, LLC - Russian Federation",
AHS,,AHS Air International - Pakistan,
AHT,,"HTA Helicopteros, Lda - Portugal",Heliapra
AHW,S8*,Sky Capital Airlines Ltd. - Bangladesh,Sky Capital
AHX,MZ,"Amakusa Airlines Co., Ltd. - Japan",Amakusa Air
AHY,J2,Azerbaijan Airlines CJSC - Azerbaijan,Azal
AIA,8R,Regourd Aviation d/b/a Amelia - France,Amelia
AIB,,Airbus Industrie - France,Airbus Industrie
AIC,AI,Air India Limited - India,Air India
AID,,Christian Konig - Century Airbirds - Austria,Century Airbirds
AIE,3H,Air Inuit Ltd/Ltee. - Canada,Inuit
AIF,,Aim Aviation - Israel,
AIG,,Air Inter Gabon - Gabon,
AIH,KJ,"Air Zeta Co., Ltd. - Korea, Republic of",Quantum Sky
AII,,A247 - Russian Federation,Alpha Twin
AIK,,African Airlines International Limited - Kenya,African Airlines
AIM,,"Trabajos Aereos Murcianos, S.L. - Spain",Pijo
AIO,,"Chief of Staff, United States Air Force - United States of America",Air Chief
AIQ,FD,Thai AirAsia Co. Ltd. - Thailand,Thai Asia
AIS,,Air SurEste - Compañía de Aviación - Spain,Sureste
AIT,,Air Taurus LLC - Ukraine,Air Taurus
AIU,,"Air Segura, S.L. - Spain",
AIV,,Avex International - Pakistan,
AIW,,AEROHELI International GmbH & Co. KG - Germany,Airwolf
AIX,,Air Andrew Limited - Canada,Andrew
AIY,,Aircrew Check and Training Australia - Australia,Aircrew
AIZ,IZ,Arkia Israeli Airlines Ltd. - Israel,Arkia
AJB,,American Jet S.A. - Argentina,Amjet
AJD,,Astonjet Limited - Malta,Catch Me
AJE,,"Aero Jet Express, S.A. de C.V. - Mexico",Jet Express
AJG,,Atlantic Jets - Venezuela,Atlantic Jets
AJH,,Aeroaljarafe S.L. - Spain,Aljarafe
AJI,7Z*,"Ameristar Jet Charter, Inc. - United States of America",Ameristar
AJJ,,Avcon Jet Africa (Pty) Ltd. - South Africa,Avjet
AJK,4W*,Allied Air Limited - Nigeria,Bambi
AJN,,"Automotriz Baja Notre, S.A. de C.V. - Mexico",Bajante
AJO,,Av8jet Charter Limited - Malta,Aviate Jet
AJP,,Anap Business Jets Limited - Nigeria,Anapjets
AJQ,,"Aerotecnica Jet Services, Inc. - Panama",Panajet
AJR,,A-Jet Aviation Co. Ltd. - Mongolia,Jet Mongolia
AJS,,Aeroejecutivos Colombia - Aeroejecutivos Aeroservicios Ejecutivos - Colombia,Aeroejecutivos
AJT,M6,"Amerijet International, Inc. - United States of America",Amerijet
AJU,,Airjetsul - Portugal,Airjetsul
AJV,,"Advance Aviation Jet Co., Ltd. - Thailand",Lee Jet
AJX,NQ,Air Japan Company Ltd. - Japan,Air Japan
AJY,,Ajwaa Airlines - Egypt,Ajwaa Airlines
AJZ,,Anglo American South Africa Limited - South Africa,Anglo Jet
AKA,,"Air Korea Co. Ltd. - Korea, Republic of",
AKB,,Aktjubavia - Kazakhstan,Karab
AKD,,Alfa KR - Kyrgyzstan,Alfa Asia
AKE,,Air Maken - Equatorial Guinea,Air Maken
AKF,,Aero Toyota Corporation - Japan,
AKG,,84 Squadron RAF Akrotiri - United Kingdom,Grifter
AKI,,Ibk-Petra - Sudan,
AKJ,QP,SNV Aviation Pvt Ltd t/a Akasa Air - India,Akasa Air
AKK,,Aklak Air Inc. - Canada,Aklak
AKK,,Sundt Air Management - Norway,Aker
AKL,IK,Air Kiribati Limited - Kiribati,Air Kiribati
AKM,,Acme - Spain,Amce Aereo
AKN,,Alkan Air Ltd. - Canada,Alkan Air
AKP,,Askaria Air Pakistan - Pakistan,Askari Air
AKQ,,Aerospace Consortium Limited - Kenya,Moonflight
AKS,,Airworks Kenya Limited - Kenya,Akel
AKT,5T,Bradley Air Services Limited t/a First Air / Canadian North - Canada,Arctic
AKU,,Alkebulan Airlines Corporation - Zambia,Alkebulan
AKV,,Airvan Kenya Limited - Kenya,Fly Sun West
AKX,EH,"ANA Wings Co., Ltd. - Japan",Alfa Wing
AKZ,,AK Navigator LLC - Kazakhstan,Absolute
ALB,,Aero Albatros - Mexico,Albatros
ALC,,"Southern Jersey Airways, Inc. - United States of America",Acom
ALE,,Alliance Executive Jets Ltd. - Malta,Alliance Malta
ALF,,Allied Command Europe (Mobile Force) - Belgium,Aceforce
ALG,,"Avia Group Handling, LLC - Russian Federation",
ALI,,Airlift A.S. - Norway,Airlift
ALK,UL,SriLankan Airlines Limited - Sri Lanka,Srilankan
ALL,,Air Arabia for Air Transport - Libyan Arab Jamahiriya,Arabia Avia
ALM,,Alfa Air - Morocco,
ALN,,Alkan Air - Egypt,Alkan Aviation
ALP,,"Allpoints Jet Co., Ltd. - China",Allpoints
ALR,,Alborz Air - Iran,Alborz
ALX,,Alpi Jets GmbH - Austria,Alpijets
ALZ,,Azure Aviation Ltd. - Bahamas,Azure
AMB,,DRF - Stiftung Luftrettung Gemeinnuetzige AG - Germany,Civil Air Ambulance
AME,,Aeronave Militar Espanola. Ministerio de Defensa (Spanish Air Force) - Spain,AME
AMF,,"Ameriflight, LLC - United States of America",Amflight
AMH,,Air Macran - Iran,Macran
AMI,,"Air America, Inc. - Puerto Rico",Airmek
AMJ,,Amjet Executive S.A. - Greece,Amjet Exec
AMK,,AMAC Corporate Jet AG - Switzerland,AMAC
AMN,,Air Montenegro - Yugoslavia,Montenegro
AMO,,Angel Martinez Ridao (SAETA) - Spain,
AMP,4A,Aero Transporte S.A. (ATSA) - Peru,Atsa
AMQ,,AMC Aviation SP z.o.o. - Poland,Amex
AMR,,Air Specialties Corporation d/b/a Air American / Total Air - United States of America,Air Am
AMS,,Air Muskoka - Canada,Air Muskoka
AMT,,Air Mountain - Switzerland,Air Mountain
AMU,NX,Air Macau Company Limited - Macau,Air Macau
AMV,,Aircraft Maintenance Company (AMC Airlines) - Egypt,AMC Airlines
AMW,6A,Armenia Airways Air company CJSC - Armenia,
AMX,AM,Aerovias de Mexico S.A. de C.V. d/b/a Aeromexico - Mexico,Aeromexico
AMZ,,Amiyi Airline Limited - Nigeria,Amiyi Air
ANA,NH,All Nippon Airways Co. Ltd. - Japan,All Nippon
ANB,,Air Navigation And Trading Co. Ltd. - United Kingdom,Air Nav
AND,,Servicios Aereos de Los Andes S.A.C. - Peru,Servi Andes
ANE,YW,"Air Nostrum Lineas Aereas del Mediterraneo, S.A. - Spain",Air Nostrum
ANG,PX,Air Niugini Pty Limited d/b/a Air Niugini - Papua New Guinea,Niugini
ANH,,Alajnihah Air Transport - Libyan Arab Jamahiriya,Alajnihah
ANI,,Air Atlantic (Nig) Limited - Nigeria,Nigalantic
ANK,KA,"Aero Nomad Airlines, LLC - Kyrgyzstan",Aero Nomad
ANL,,Nacoia Lda - Angola,Air Nicoia
ANM,,"Antares Airtransport, Maintenance & Service GmbH - Germany",Antares
ANO,TL*,Capiteq Limited d/b/a Airnorth - Australia,Topend
ANQ,,"Aerolinea de Antioquia, S.A. (ADA) - Colombia",Antioquia
ANR,YE,Yan Air Ltd. - Ukraine,Yanair
ANS,O4,Andes Lineas Aereas S.A. - Argentina,Aeroandes
ANT,4N,Air North Charter and Training Ltd. t/a Air North - Canada,Air North
ANV,,Nestoil Limited - Nigeria,Nestav
ANW,,Fly Me (Pty) Ltd. - South Africa,Angel Wings
ANZ,NZ,Air New Zealand Limited - New Zealand,New Zealand
AOA,,Air Ocean Airlines LLC - Ukraine,Air Ocean
AOB,,"Aerocaribe Cord, С.А. - Venezuela",???ib? Cord
AOC,,Air Eclipse International S.r.l. - San Marino,Aramis
AOD,,Aero Vodochody - Czech Republic,Aero Czech
AOF,,Atair Pty Ltd. - South Africa,Atair
AOI,,Astoria Inc. - Canada,Astoria
AOJ,,Avcon Jet AG - Austria,Asterix
AOM,,Air Ocena Maroc Aviation Group - Morocco,Ocean Maroc
AON,,Aero Entreprise - France,Aero Enterprose
AOO,,Trebet Aviation Limited - Nigeria,Trebet Aviation
AOP,,"Aerospecservice, Aircompany - Russian Federation",
AOR,,Afro International Ent. Limited - Nigeria,Inter-Afro
AOS,,Aeros Limited t/a Aeros Flight Training - United Kingdom,Aeros
AOU,,Air Tractor d.o.o. - Croatia,Air Tractor
AOV,,Aero Vision - France,Aerovision
AOW,,Air Andaman Corporation Limited - Thailand,Air Andaman
AOX,,Aerotaxi Del Valle - Colombia,Aerovalle
APA,,Air Park Aviation Ltd. - Canada,Can-Am
APC,,"Airpac Airlines, Inc. - United States of America",Airpac
APE,,Parcel Express - United States of America,Air Parcel
APF,HP,Amapola Flyg AB d/b/a PopulAir - Sweden,Amapola
APG,Z2,Philippines AirAsia Inc. t/a AirAsia Philippines - Philippines,Cool Red
APH,,"Alpha Aviation, Inc. - United States of America",Airflight
API,,"ASA Pesada, Lda. - Angola",Asa Pesada
APJ,MM,Peach Aviation Limited - Japan,Air Peach
APK,P4,Air Peace Limited - Nigeria,Peace Bird
APL,,"Corporativo Aero Principal, S.A. de C.V. - Mexico",Aero Principal
APN,,Alpine Airlines - France,Air Alpes
APP,,Alpavia d.o.o. - Slovenia,Alpavia
APR,,Air Polonia Cargo Ltd. - Poland,AP Cargo
APS,,"Aerotransporte Peruanos Internacionales, S.A. - Peru",Apisa
APU,,Transporte Aereo Expreso Moche S.A.C. - Peru,Apuka
APW,,"Alpha Three Aviation, Inc. - United States of America",Triple Ace
APX,,Naljets Limited - United Kingdom,Apex
APZ,YP,"Air Premia Inc. - Korea, Republic of",Air Premia
AQA,,"Aeroatlas, S.A. - Colombia",ATCO
AQB,,Aqualata Air S.L. (Aqua Air) - Spain,Aquair
AQC,,"Alquiladora de Casas, S.A. de C.V. - Mexico",Alquiladora
AQL,,Altair Airlines - Kazakhstan,Altacargo
AQO,,"Aluminum Company Of America, Alcoa Aircraft Operations - United States of America",Alcoa Shuttle
AQS,,Airstream a.s. - Czech Republic,Airstream
AQT,,"Aviones de Renta de Quintana Roo, S.A. de C.V. - Mexico",Avioquintana
ARA,W3,Arik Air - Nigeria,Arik Air
ARB,,"AirBahn, Inc. - United States of America",Airbahn
ARE,4C,Aerovias de Integration Regional d/b/a LATAM Airlines Colombia - Colombia,LAN Colombia
ARF,,Animal Rescue Flights - United States of America,Animal Flights
ARG,AR,Aerolineas Argentinas - Argentina,Argentina
ARH,,"Aerohelicopteros, C.A. - Venezuela",Aerohelca
ARI,,"Aero Vics, S.A. de C.V. - Mexico",Aerovics
ARJ,,"Aerojet de Costa Rica, S.A. - Costa Rica",
ARK,,Aero Link Air Services S.L. - Spain,Link Service
ARL,,Airlec air Espace - France,Airlec
ARM,,"Megaviation Srl - Moldova, Republic of",Sunsky
ARN,RN*,Aeronexus Corporate Pty Ltd - South Africa,Aeronex
ARO,,Arrow Aviation Ltd. - Canada,Arrow
ARP,,RPA-Aviataxi Ltd. - Russian Federation,
ARQ,,Airco Aircraft Charters Ltd. - Canada,Airco
ARR,,"Avalair Aircraft Management, LLC - United States of America",Avalair
ARS,,"Aeronaves Hafe, S.A. de C.V. - Mexico",Hafe
ARU,AG,Arubaanse Luchtvaart Maatschappij N.V dba Aruba Airlines - Aruba,Aruba
ARV,,Aravco Ltd. - United Kingdom,Aravco
ARW,,Aria - France,Ariabird
ARX,,"Air Xpress, Inc. - United States of America",Airex
ARY,,ATC CJSC - Armenia,Yeraz
ARZ,,"Airborne Imaging, Inc. - United States of America",Airborne
ASA,AS,"Alaska Airlines, Inc. - United States of America",Alaska
ASB,,Air-Spray 1967 Ltd. - Canada,Air Spray
ASC,,Alas del Sur - Boliva,
ASD,,Egypt Air Holding Company d/b/a Air Sphinx - Egypt,Air Sphinx
ASE,,"Servicios de Aviacion Asertec, S.A. de C.V. - Mexico",Asertec
ASF,,Austrian Air Force - Austria,Austrian Airforce
ASG,,Air Speed Charter (Pvt) Ltd - Pakistan,
ASH,YV,"Mesa Airlines, Inc. - United States of America",Air Shuttle
ASI,,AeroGuard Flight Training Center - United States of America,Aerosun
ASJ,,SAS Astonjet - France,Astonjet
ASK,,Aero Sky S.L. - Spain,Multisky
ASL,JU,JSC for Air Traffic-Air SERBIA Belgrade t/a Air Serbia a.d. Beograd - Serbia,Air Serbia
ASM,,Awesome Flight Services (PTY) Ltd. - South Africa,Awesome
ASO,,Aerosul Taxi Aéreo Ltda - Brazil,Aerosul
ASP,,AirSprint Inc. - Canada,Airsprint
ASR,,Aero Sotravia S.a.r.l. - France,Sotravia
ASV,RS,"Air Seoul, Inc. - Korea, Republic of",Air Seoul
ASW,,Asia Airways - Tajikistan,Asiaways
ASX,,Air Special - Czech Republic,Airspec
ASY,,Royal Australian Air Force - Australia,Aussie
ASZ,,"Ascension Air Management, Inc. - United States of America",Ascension
ATA,XD,Air Transport Association of America (ATA) - United States of America,
ATB,,Atlantair Ltd. - Canada,Starlite
ATC,TC,"Air Tanzania Company Limited - Tanzania, United Republic of",Tanzania
ATD,,"Aerotours Dominicana, C. Por. A. - Dominican Republic",Aerotours
ATE,,Al-Atheer Aviation - Saudi Arabia,
ATF,,Compania Aerotecnicas Fotograficas - Spain,Aerotecnicas
ATG,F5,"Aerotranscargo SRL - Moldova, Republic of",Moldcargo
ATH,,Aircraft Systems South Africa - South Africa,Globestar
ATI,,Art Avia LLC - Russian Federation,Art Avia
ATJ,,CTR Atmospherica Jets s.r.o. - Czech Republic,Atmofly
ATL,,Atlas Air Service AG - Germany,Air Bremen
ATN,8C,Air Transport International LLC - United States of America,Air Transport
ATO,,ATM Information Service Japan - Japan,
ATP,,"Servicios Aereos del Altiplano, S.A. de C.V. - Mexico",Altiplano
ATQ,,CHC Helicopters Nigeria - Nigeria,Colibri
ATS,,Atlas Khomein Kish Air Taxi Service Co. - Iran,Air Atlas
ATT,,Air Tashkent - Uzbekistan,Hann
ATU,,Aerotours GmbH - Germany,Berlin Sky
ATV,4A*,Avanti Air GmbH & Co. KG - Germany,Avanti Air
ATX,T6,"AirSWIFT Transport, Inc. - Philippines",Airswift
ATY,,Airtraffic Limited - Kenya,Aircare
ATZ,,"Ace Air - Korea, Republic of",Ace Taxi
AUA,OS,Austrian Airlines AG d/b/a/ Austrian - Austria,Austrian
AUB,,Auburn University - United States of America,Aubie
AUC,,Aero Marine Consulting Pty Ltd. d/b/a Transaustralian Air Express Pty. Ltd. - Australia,Auscargo
AUD,,"TransNorthern Airways, LLC. - United States of America",Genie
AUE,,"Universal Aviation Academy - Korea, Republic of",Air Universe
AUH,,Abu Dhabi Amiri Flight - United Arab Emirates,Sultan
AUI,,dba UIA - Ukraine,Ukraine International
AUK,UI*,"Auric Air Services Limited - Tanzania, United Republic of",Auric Services
AUL,5N,Joint Stock Company Smartavia Airlines - Russian Federation,Dvina
AUN,,Common Sky A & N Luftfahrt GmbH - Germany,Common Sky
AUP,,Avia Business Group - Russian Federation,
AUR,GR,Aurigny Air Services Limited - Guernsey,Ayline
AUS,,Aus-Air - Australia,
AUU,,Aurora Flight Sciences - United States of America,Argo
AUV,7Q,FlyOne Asia LLC - Uzbekistan,Asia Union
AUX,,Air Uganda International Ltd. - Uganda,
AVA,AV,"Avianca - Aerovias Nacionales de Colombia, S.A. - Colombia",Avianca
AVC,,Aviootriad Varna Ltd - Bulgaria,Airteam Varna
AVD,,"Alamo Aviacion, S.L. - Spain",Alamo
AVF,,"Aves Flight Share, S.A. de C.V. - Mexico",Aves Flight
AVG,,Air Falcon - Djibouti,Djibouti Falcon
AVH,,"Aviser, S.A. - Spain",Aviser
AVJ,YK,Avia Traffic Company LLC - Kyrgyzstan,Atomic
AVK,,AV8 Helicopters - South Africa,Aviate-Copter
AVL,,Aviation Adventures - United States of America,Sky Ventures
AVN,NF,Air Vanuatu (Operations) Limited - Vanuatu,Air Van
AVP,,Avcorp Registrations Ltd. - United Kingdom,Avcorp
AVQ,,AVIC - International Flight Training Academy (AIFA) - South Africa,Avic
AVR,EX,Regional Express Americas SAS - Avianca Express - Colombia,Avaexpress
AVS,,Artac - Spain,Artac
AVU,,Avia Sud Aérotaxi - France,Aviasud
AVW,,Aviro Air S.R.L. t/a AviroAir Airlines - Romania,Aviro
AVX,,Aeroclub de Vitoria - Spain,
AVY,,"Aerovaradero, S.A. - Cuba",Aerovaradero
AVZ,,Air Valencia - Spain,Air Valencia
AWA,2A,Astra Airways Limited d/b/a Air Astra - Bangladesh,
AWB,,"Airways International, Inc. - United States of America",Airnat
AWC,ZT*,Titan Airways Ltd. - United Kingdom,Zap
AWD,,Providence Aviation Services (Pvt) Limited - Pakistan,
AWF,,Arab Air Cargo - Jordan,Sinbad
AWG,A2,Anima Wings Aviation S.A. - Romania,Anima Wings
AWH,,Aerowest GmbH - Germany,Aerowest
AWI,ZW,Air Wisconsin Airlines Corporation (AWAC) - United States of America,Wisconsin
AWJ,,Sahel Airlines - Niger,Sahel Airlines
AWK,,Airwork New Zealand Limited - New Zealand,Airwork
AWO,,Awood Air Ltd. - Canada,Awood Air
AWP,,Aeroworld Pakistan Private Ltd - Pakistan,
AWQ,QZ,PT. Indonesia AirAsia - Indonesia,Wagon Air
AWR,,Awan Airlines - Libyan Arab Jamahiriya,Awan Air
AWS,,Arab Wings Company - Jordan,Arab Wings
AWU,7E,Sylt Air GmbH - Germany,Sylt-Air
AWV,,Airwave Transport Inc. - Canada,Airwave
AWX,,CAA Directorate of Airspace Policy (IFP) - United Kingdom,Allweather
AWY,,Airways Aviation Academy Ltd. - United Kingdom,Red Kite
AWZ,,AirWest - Sudan,
AXA,,RP Aircraft Management GmbH - Austria,Amira
AXB,IX,Air India Express Limited - India,Express India
AXD,,Air Express - Sudan,Air Sudex
AXE,ED,"AirExplore, s.r.o. - Slovakia",Galileo
AXG,,Air X Charter (Germany) GmbH & Co. KG. - Germany,Fortune
AXH,,"Servicios Aereos A&H, C.A. - Venezuela",Servay
AXI,,"Aeron International Airlines, Inc. - United States of America",Air Freighter
AXJ,,Alexjets San Marino S.r.l. - San Marino,Alex Jet
AXL,Q3,Anguilla Air Services Ltd. - Anguilla,
AXM,AK,Air Asia Sen Bhd. t/a Air Asia - Malaysia,Red Cap
AXO,,"Axio, LLC - United States of America",Axio
AXP,,"Pulse Flight Training, S.L. - Spain",Aeromax Spain
AXQ,,Action Airlines (Action Air Charter) - United States of America,Action Air
AXS,,Axis Aviation San Marino S.r.l. - San Marino,Axis
AXT,,"AX Transporter, S.A. de C.V. - Mexico",Axtransporter
AXV,,Ava Airlines - Iran,Ava
AXY,,Air X Charter Limited - Malta,Legend
AYA,,Federal Aviation Administration (FAA) Academy - United States of America,Academy Air
AYB,,Force Terrestre Belge - Belgium,Belgian Army
AYC,,Aya Aviation - Israel,
AYG,AU*,Ascend Airways Malaysia Sdn. Bhd. - Malaysia,Astra
AYH,,Avioandes S.A. - Ecuador,Andes
AYJ,,Zeman Nextgen - Germany,Alley Jet
AYK,,Aykavia Aircompany - Armenia,
AYM,,"Airman, S.L. - Spain",Airman
AYN,FS,FlyArystan JSC - Kazakhstan,Arystan
AYR,,Flight Training Europe S.L. - Spain,Cygnet
AYT,,Ayit Aviation & Tourism - Israel,Ayit
AYU,,"Yuhi Air Lines Co., Ltd - Japan",
AYV,,Airways Services & Support AS & S C.A. - Venezuela,Vargway
AZB,ZN,Zambia Airways (2014) Limited d/b/a Zambia Airways - Zambia,Air Zambia
AZB,,Azamat - Kazakhstan,Tumara
AZD,,Zimex Aviation Austria AG - Austria,Mailman
AZE,,Arcus Air Logistic GmbH - Germany,Arcus Air
AZF,,Air Zermatt AG - Switzerland,Air Zermatt
AZG,7L,Silk Way West Airlines - Azerbaijan,Silk West
AZH,,ASG Helicopter Services - Azerbaijan,Heliaze
AZJ,,Zas Air - Egypt,
AZL,,Azal Airlines - Yemen,Alsadi
AZM,ZU,Azman Air Services Ltd - Nigeria,Azman Air
AZO,A4,JSC Azimuth Airlines - Russian Federation,Igavia
AZP,ZP,Compañía de Aviación Paraguaya S.A. d/b/a Paranair - Paraguay,Guarani
AZQ,ZP*,Silk Way Airlines - Azerbaijan,Silk Line
AZS,ZR*,Aviacon Zitotrans Air Company JSC - Russian Federation,Zitotrans
AZT,,"Azimut, S.A. - Spain",Azimut
AZU,AD,Azul Linhas Aereas Brasileiras - Brazil,Azul
AZV,ZF,AZUR air Limited Liability Company - Russian Federation,Azur Air
AZW,UM,Air Zimbabwe (PVT) Ltd. - Zimbabwe,Air Zimbabwe
AZY,AJ,"Aztec Worldwide Airlines, Inc. - United States of America",Aztec World
AZZ,,Azza Transport Co. Ltd. - Sudan,Azza Transport
BAA,,Balkan Agro Aviation - Bulgaria,Balkan Agro
BAC,,"East Aero Service, LLC - Russian Federation",
BAD,,"Flight Development, LLC - United States of America",Badlands
BAF,,Belgian Air Force - Belgium,Belgian Airforce
BAG,,Birdbase Aviation GmbH - Austria,Birdbase
BAH,,The Amiri Flight - Bahrain - Bahrain,Bahrain
BAI,,"Pueblo Bonito Air, S.A. de C.V. - Mexico",Bonito Air
BAJ,,"Baker Aviation, Inc. - United States of America",Baker Aviation
BAN,,British Antarctic Survey - United Kingdom,Penguin
BAO,,Baden Aircraft Operations GmbH - Germany,Avangard
BAP,,Trans International Express - United States of America,Big Apple
BAQ,,"Baltic Jet Cargo, SIA - Latvia",Lat Cargo
BAR,,Abu Dhabi Aviation - United Arab Emirates,Barakah
BAS,,Aero Services - Barbados,Aeroserv
BAT,,British Airways (BA) Limited - United Kingdom,Gherkin
BAV,QH,Bamboo Airways Joint Company Limited - Vietnam,Bamboo
BAW,BA,British Airways P.L.C. - United Kingdom,Speedbird
BAX,,Best Aero Handling Ltd - Russian Federation,
BAY,,Bravo Airways - Ukraine,
BBA,,Bombardier Inc. - Canada,Bombardier
BBB,,Blackbird Air Charter A/S - Denmark,Blackbird
BBC,BG,Biman Bangladesh Airlines - Bangladesh,Bangladesh
BBE,,Ababeel Aviation Co. Ltd. - Sudan,Babel Air
BBF,,B-Air Charter GmbH & Co. KG - Germany,Speedcharter
BBG,BZ,Blue Bird Airways - Greece,Cadia Bird
BBG,,Blue Bird Airways - Greece,Cadia Bird
BBI,,X2 Air Limited - Nigeria,Sky Net
BBJ,,"Blue Air Lines - Korea, Republic of",Blue Korea
BBK,,B&K Aero KZ LLP - Kazakhstan,Babak
BBL,0B,PT BBN Airlines Indonesia - Indonesia,Iron Bird
BBN,,CAA Airworthiness Division - United Kingdom,Brabazon
BBO,,Babcock Mission Critical Services Portugal - Portugal,Babcock
BBQ,,Eastern Air Express LLC - United States of America,Eastern Express
BBT,B5,BBN Hava Yollari ve Tasimacili A.S. - Turkey,Big Blue
BBX,,Bel Air Aviation A/S - Denmark,Bluebel
BBY,,Blue Bird Aviation - Yemen,Yemen Blue
BBZ,,Blue Bird Aviation Ltd. - Kenya,Cobra
BCB,,Caribexpress - Barbados,Wavebird
BCF,,B.A.C.H. Flugbetriebs GmbH - Austria,Bach
BCG,,Management Unit of North Sea Mathematical Models (RBINS-MUMM) - Belgium,Belgian Coastguard
BCJ,,Blue Jet Charters sp. z.o.o. - Poland,Blue Boy
BCK,,"Priority Aviation Company, Inc. - United States of America",Bankcheck
BCN,,Ocean Air - Mauritania,Blue Ocean
BCP,,Sybajet San Marino S.r.l. - San Marino,Sybajet
BCR,,British Charter - United Kingdom,Backer
BCS,QY,European Air Transport Leipzig GmbH - Germany,Postman
BCU,E6*,"Bond Air Cargo, LLC d/b/a Bringer Air Cargo - United States of America",Bacair
BCY,WX,Cityjet - Ireland,City-Ireland
BDA,BZ*,Blue Dart Aviation Ltd - India,Blue Dart
BDF,,Surveillance Australia Pty Ltd - Australia,Border Police
BDG,,Mississippi State University - United States of America,Bulldog
BDH,,Bird Dog Aviation CC. - South Africa,
BDI,,Air & Training Center-West - Denmark,Birdie
BDJ,,"Deer Jet (Beijing) Co., Ltd. - China",Crown Jet
BDM,,Air Bandama - Cote D'Ivoire,Bandama
BDN,,Boscombe Down DERA - United Kingdom,Gauntlet
BDR,J4,Badr Airlines - Sudan,Badr Air
BDS,,South Asian Airlines Ltd. (SAAL) - Bangladesh,South Asian
BDV,,Aberdair Aviation Limited - Kenya,Aberdav
BDX,,Mail Bonded Services International Limited t/a Bonded Excursions - Bahamas,Sky Pusher
BEA,,Bellagio Airlines - Nigeria,Bellagio Air
BEC,,State Air Company Berkut - Kazakhstan,
BED,,"Belgorod Aviation Enterprise, Joint-Stock Company - Russian Federation",Belogorye
BEF,,"Balear Express, S.L. - Spain",Balear Express
BEG,,Bulgarian Eagle - Bulgaria,Bulgarian Eagle
BEH,,Bel Air Helicopters ApS - Denmark,Bluecopter
BEJ,,SD Aviation S.A.S. - France,Beejet
BEL,SN,Brussels Airlines N.V. - Belgium,Beeline
BEM,,Servicio Autonomo de la Fuerza Aerea Venezolana (SAFAV ) - Venezuela,Safav
BEN,,"Schweitzer Engineering Laboratories, Inc. - United States of America",Franklin
BER,,Fly Air41 Airways d.o.o. - Croatia,Berlin
BEU,,Bateleur Air Charter Services CC - South Africa,Bateleur
BEV,,BellAvia Ltd. - Greece,Bev Air
BEY,,"Bestfly, S.L. - Spain",Bestfly
BEZ,,Kingfisher Air Services - United States of America,Sea Breeze
BFA,,Presidence du Faso - Burkina Faso,
BFC,,"Basler Flight Service, Inc. - United States of America",Basler
BFD,,Bertelsmann AG - Germany,Media Jet
BFF,,Air Nunavut Limited - Canada,Air Baffin
BFG,,Bright Flight Ltd - Bulgaria,Bright Flight
BFK,,"Inner Mongolia Northern Express General Aviation Co., Ltd. - China",Northern Express
BFL,J0*,Buffalo Airways Ltd. - Canada,Buffalo
BFM,,Beijing Panam International Aviaition Academy Co. Ltd. - China,Fan May
BFN,,Compagnie Nationale Naganagani - Burkina Faso,
BFS,,"UAB, BAA Training - Lithuania",Wolves
BFT,,Border Air Training - United Kingdom,Border
BFW,,Bahrain Defence Force - Bahrain,Summan
BFX,,Fly Away GmbH & Co. KG - Germany,Blue Fox
BFY,,Jogo Aviation N.V. dba Bestfly Aircraft Management Aruba - Aruba,Mwango Best
BGA,4Y*,Airbus Transport International - France,Belouga
BGB,,Big Bend Community College - United States of America,Big Bend
BGC,,"Good Jet Co., Ltd. - China",Yandu
BGE,,Aerobridge - United States of America,Aerobridge
BGF,,Special Purpose Aviation Operator-SAO - Bulgaria,Bulgarian
BGG,,"Aero BG, S.A. de C.V. - Mexico",Aero BG
BGH,8H,BH Air Ltd. - Bulgaria,Balkan Holidays
BGI,,Brisith Gulf International Co. Ltd. - Sao Tome and Principe,British Gulf
BGK,,British Gulf International Airlines -Fez - Kyrgyzstan,Gulf Inter
BGL,NA,Binani Global Air Services Limiuted t/a Binani Air - Nigeria,Binani
BGR,,Bridger Aerospace - United States of America,Bridger
BGS,AB*,Sun Air Bulgaria AD - Bulgaria,Sunny
BGX,,"Bigas Grup Helicopters, S.L. - Spain",
BHA,U4,Buddha Air Pvt. Ltd. - Nepal,Buddha Air
BHC,,Aerotaxis de la Bahia - Mexico,Bahia
BHD,,"Bangkok Helicopter Services Co., Ltd - Thailand",Bangkok Dusit
BHH,,BH Heli Ltd - Bulgaria,
BHI,,Balkh Airlines - Afghanistan,Sharif
BHK,,Blu Halkin Ltd. - United Kingdom,Bluhalkin
BHL,,Bristow Helicopters Group Ltd. - United Kingdom,Bristow
BHM,,Bulgaria Heli Med Service EAD - Bulgaria,Heli Medic
BHN,,Bristow Helicopters (Nig) Limited - Nigeria,Bristow Helicopters
BHO,,Bhoja Airlines - Pakistan,Bhoja
BHR,,"Bighorn Airways, Inc. - United States of America",Bighorn
BHS,UP,Bahamasair Holdings Limited - Bahamas,Bahamas
BHT,,Bright Air - Netherlands,Brightair
BHU,,Business Air Ltd. - Hungary,Business Hungary
BHV,,Specavia Air Company - Russian Federation,Aviaspec
BHZ,,BHS Aviation AG - Switzerland,Alpine Star
BIA,,"Bohlke International Airways, Inc. - Virgin Islands (US)",Bohlke
BIC,0A,"Alphaland Aviation, Inc - Philippines",Balesin
BIG,,"Big Island Air, Inc. - United States of America",Big Isle
BIK,,Avio Bravo Ltd. - Bulgaria,Red Ray
BIL,,Billund Air Center A/S - Denmark,Bilair
BIM,,"Rocket Air Charter, LLC - United States of America",Big Fish
BIN,,Boise Interagency Fire Center - United States of America,Bison-Air
BIO,,Bioflight A/S - Denmark,Bioflight
BIR,,"Bird Leasing, Inc. - United States of America",Bird Air
BIT,,"Northeast Aviation, Inc. - United States of America",Run Bitty
BIV,,Aviaservice - Georgia,Aviaservice
BIZ,,"Bizjet de Mexico, S.A. de C.V. - Mexico",Bizmex
BJA,,"Baja Air, S.A. de C.V. - Mexico",Baja Air
BJC,,Baltic Jet Aircompany - Latvia,Baltic Jet
BJF,,Baja Fly S. de R.L. de C.V. - Mexico,Baxa
BJK,,Atlantic Airlines - United States of America,Blackjack
BJN,,"Beijing Airlines Co., Ltd - China",Air Jinghua
BJQ,,Blue Jet Airways KG - Kyrgyzstan,Azrqa
BJS,,Business Jet Solutions - United States of America,Solution
BJT,,"ACM Aviation, Inc. - United States of America",Bay Jet
BJU,,Aerojet Airlines - Ukraine,Jet Express
BJV,,"Beijing VistaJet Aviation Co., Ltd - China",Beijing Vistajet
BJX,,Blue Jet Airways Limited - South Sudan,Blue Flight
BKA,,"Bankair, Inc. - United States of America",Bankair
BKB,,"State Of West Virginia, Aviation Division - United States of America",Black Bear
BKE,,"Airbrock Management and Charter Services, Inc. - United States of America",Air Brock
BKF,,BF-Lento Oy - Finland,Bakerflight
BKH,,Barkston Heath FTU - United Kingdom,Barkston
BKI,,Bknjet Havacilik A.Ş. - Turkey,Summer
BKJ,,"Barken International, Inc. - United States of America",Barken Jet
BKK,,Blink Ltd - United Kingdom,Blinkair
BKL,,Aircompany Barcol - Russian Federation,Barcol
BKM,,"Advisors Aviation, LLC - United States of America",Cardinal
BKN,,Saint Louis University - United States of America,Billiken
BKO,,Briko Air Service Ltd - Trinidad And Tobago,Briko
BKP,PG,Bangkok Airways Co. Ltd. - Thailand,Bangkok Air
BKS,,"Atlantic Coast Aircraft Services, Inc. - United States of America",Berks
BKT,,TAB Charters (Pty) Ltd. - South Africa,Blacktail
BKY,,Bluesky Airways - Botswana,Bluesky Airways
BLB,,Blue Bird Aviation Co. Ltd. - Sudan,Bluebird Sudan
BLC,,Bellesavia - Belarus,Bellesavia
BLD,,Bournemouth Commercial Flight Training Centre - United Kingdom,Blackadder
BLE,,"Executive Air Services, LLC - United States of America",Bluewater
BLF,,Blue1 Oy - Finland,Bluefinn
BLG,,Aviapartner - Belgium,Aviapartner
BLH,,Blue Horizon Travel Club - United States of America,Blue Horizon
BLI,,Thyssen Krupp AG - Germany,Blueline
BLK,5E,"USAC Airways 695, LLC d/b/a Aero - United States of America",Aero Black
BLL,,Baltic Airlines - Russian Federation,Baltic Airlines
BLM,,"Helicopteros Personales, S.A. - Panama",Heli Per
BLO,,VC Belogorie - Russian Federation,Belogorie
BLP,,Blimp S.L - Spain,
BLQ,,CFS Aviation CC t/a Corporate Flight Services - South Africa,Blue Sqaure
BLR,,Metropolitan Aviation - United States of America,Blueridge
BLS,JV,Perimeter Aviation LP d/b/a Bearskin Airlines - Canada,Bearskin
BLT,,Astonfly - France,Blue Tie
BLU,,"Solutions Air Charter, LLC - United States of America",Bluegrass
BLX,6B*,TUIfly Nordic AB - Sweden,Bluescan
BLY,,Blue Ridge Aero Services - United States of America,Blue Aero
BLZ,,"Aero Barloz, S.A. de C.V. - Mexico",Aeroloz
BMA,2T,BermudAir Limited - Bermuda,Gosling
BMD,,British Medical Charter - United Kingdom,British Medical
BME,,Briggs Marine Environmental Services Ltd. - United Kingdom,Briggs
BMF,,Baltijas Meridians - Latvia,Baltic Meridians
BMG,,Image Air Charter Ltd - Canada,Boomerang
BMJ,CH*,"Bemidji Aviation Services, Inc. - United States of America",Bemidji
BMK,,"GST Aero, Aircompnay - Kazakhstan",Murat
BMN,,"Bowman Aviation, Inc. - United States of America",Bowman
BMP,,"Bundled Aerial Mapping Assets, LLC - United States of America",Air Bama
BMT,,Bahamas Habitat - United States of America,Symonette
BMV,,Alatau Airlines - Kazakhstan,Oliga
BMW,,BMW Flugidienst - Germany,BMW-Flight
BMX,,Banco de Mexico - Mexico,Banxico
BNA,,Bun Air Corporation Ltd. - United States of America,Bun Air
BNB,,"Beyond General Aviation Co., Ltd. - China",Dazzle
BNC,,"Sundance Air, Inc. - United States of America",Barnacle Air
BNE,,Benina Air - Libyan Arab Jamahiriya,Benina Air
BNF,,Bristol Flight Training Centre Ltd - United Kingdom,Brunel
BNG,,BN Group Limited - United Kingdom,Vectis
BNH,,"Guangzhou Baoneng Business Aviation Co., Ltd. - China",Baoneng Jet
BNI,,Bartolini Air Regional - Poland,Bartolini
BNL,NB,Berniq Airways - Libyan Arab Jamahiriya,Manara
BNM,,Melitair Limited - Malta,Melitair
BNO,,Babcock Scandinavian AirAmbulance AS - Norway,Norse
BNR,,Royal Air Ltd. - Benin,Benin Royal
BNS,,Valley National Corp. d/b/a Bancstar - United States of America,Bancstar
BNT,,Bentiu Air Transport - Sudan,Bentiu Air
BNV,,Benane Aviation Corporation - Mauritania,Benane
BOA,,Boniair D.O.O.E.L. - North Macedonia,Kumanovo
BOC,,"Aerobona, S.A. de C.V. - Mexico",Aerobona
BOD,,Bond Air Services Ltd. - Uganda,Ugabond
BOE,,Boeing Commercial Airplane Group - United States of America,Boeing
BOF,,Bornfly ApS - Denmark,Bornflight
BOG,,Live Oak Banking Company - United States of America,Bird Dog
BOH,,Air Bohemia A.S. - Czech Republic,Bohemia
BOI,,Aboitiz Air Transport Corporation d/b/a 2GO Air - Philippines,Abair
BOL,2L*,Transportes Aereos Bolivianos (TAB) - Bolivia,Bol
BOM,,Haute Aviation GmbH - Austria,Batman
BOO,,Bookajet Aircraft Management Ltd - United Kingdom,Bookajet
BOR,,Bolidor S.A. - Uruguay,Bolidorsa
BOT,BP,Air Botswana Corporation - Botswana,Botswana
BOV,OB,Boliviana de Aviacion (BoA) - Bolivia,Boliviana
BOX,3S*,AeroLogic GmbH - Germany,German Cargo
BPC,3B*,Braspress Air Cargo Transportes Aereos Ltda - Brazil,Braspress
BPH,,Phoenix Helicopter Academy - United Kingdom,Black Phoenix
BPK,,Berkhut ZK - Kazakhstan,Venera
BPO,,Bundespolizei-Fliegergruppe - Germany,Pirol
BPS,RP,Budapest Aircraft Service Ltd. d/b/a BASe Airlines Zrt. - Hungary,Base
BPT,,Bonus Aviation - United Kingdom,Bonus
BPX,,"Phoenix East Aviation, LLC. - United States of America",Blue Phoenix
BQB,,AXIS Aviation GmbH - Austria,Ice
BRC,,Breeze Aviation - Bulgaria,Bravi
BRC,,Bringer Air Cargo Taxi Aereo Ltda - Brazil,
BRD,5B,Bridges Air Cargo Limited - Malta,Bridges
BRE,,Breeze Ltd. - Ukraine,Aviabreeze
BRF,,Air Bravo - Uganda,Air bravo
BRG,8E,"Bering Air, Inc. - United States of America",Bering Air
BRH,,Star Air Cargo (Pty) Ltd - South Africa,Brightstar
BRI,,Barrick - Chile,Barrick
BRJ,,"Bairline Fluggesellschaft mbH & Co, KG - Austria",Bairline
BRK,,Heavy Airlift Wing - Hungary,Bartok
BRL,,TopBrass Aviation Limited - Nigeria,Brass Line
BRM,,"Top Helicopteros, S.L. - Spain",
BRN,,"Eclipse Airlines, Inc. d/b/a Branson Airlines, Inc. - United States of America",Branson
BRO,,2 Excel Aviation Ltd - United Kingdom,Broadsword
BRP,,"Airport Bratsk, JSC - Russian Federation",Aerobra
BRQ,UZ,Buraq Air Transport (BRQ) - Libyan Arab Jamahiriya,Buraqair
BRR,,"Mountain Air Service, Inc. - United States of America",Mountain Air
BRS,,Forca Aerea Brasileira (F.A.B.) - Brazil,FAB
BRT,,British International Helicopter Services Limited - United Kingdom,British
BRU,B2,Belavia - Belarus,Belavia
BRW,,AV8R Academy LLC t/a AV8 Flight School - United States of America,Boundary
BRX,TF*,Braathens Regional Airways AB - Sweden,Braathens
BRY,,"Burundayavia, JSC - Kazakhstan",Burair
BRZ,,Bravo Air Ltd. - Georgia,Gremair
BSA,,Air Bissau International Lda - Guinea Bissau,Bissau International
BSB,,"Air Wings - Moldova, Republic of",Arbas
BSC,KW*,AeroStan Aircompany - Kyrgyzstan,Big Shot
BSD,,"Blue Star Airlines, S.A. de C.V. - Mexico",
BSF,,Bkue Sky Airways Joint Stock Company - Vietnam,Blue Flight
BSG,,Blue Square Aviation Group Malta Ltd. - Malta,
BSH,,"Beijing Capital Airlines Helicopter General Aviation Services Co., Ltd - China",Capital Rotor
BSI,,Brasair Transportes Aereos - Brazil,Brasair
BSM,,Southeastern Oklahoma State University - United States of America,Blue Storm
BSN,,Connectair Charters Ltd. - Canada,Bastion
BSO,,Aeroclub Barcelona-Sabadell - Spain,
BSQ,BH,Basra Airlines d/b/a BSQ - Iraq,
BSS,,"Air Business, S.L. - Spain",Aero Negocios
BST,,"Lone Star Aviators, LLC - United States of America",Big State
BSV,,Blue Star Aviation C.A. - Venezuela,Bluestarven
BSW,,"Zhong Dong Business Jet Co., Ltd. - China",Rapid Wing
BTA,,Belcanto Airlines - Belarus,Belcanto
BTB,,Air National Guard - United States of America,158 Fighter Wing
BTC,,B2C Airways SL - Spain,Octopus
BTH,,Baltijas Helicopters - Latvia,Baltijas Helicopters
BTI,BT,Air Baltic Corporation S/A - Latvia,Airbaltic
BTK,ID,PT. Batik Air Indonesia d/b/a Batik Air - Indonesia,Batik
BTL,,"Baltia Air Lines, Inc. - United States of America",Baltia
BTM,,BLUE TEAM flight School - Spain,Blue Team
BTN,B3,Tashi Air Private Ltd. t/a Bhutan Airlines - Bhutan,Bhutan Air
BTO,,Batot Air - Burkina Faso,
BTP,,Kingcrete Associates Pvt. Ltd. - Pakistan,Bahria Town
BTQ,4B,"Boutique Air, Inc. - United States of America",Boutique
BTS,,"Aerolineas Nacionales Albatros, S.A. de C.V. - Mexico",Aerolines Albatros
BTU,,Rolls Royce Ltd. (Bristol Engine Division) - United Kingdom,Rolls
BTX,,Volkswagen AirService GmbH - Germany,Beetle
BTZ,L9*,"Bristow, LLC - United States of America",Bristow Group
BUC,H6,European Air Charter Ltd. - Bulgaria,Eurocharter
BUD,,Air Budapest Club Ltd. - Hungary,Buddy
BUF,,Buff Air Services - Kenya,Speedhawk
BUG,,"Innovation First Transportation, Inc. - United States of America",Hexbug
BUK,,Buckley Air Ltd. - New Zealand,Buckley
BUR,,Air Bucharest - Romania,
BUS,,Blocked -,
BUT,,Butlers Aviation - Bahamas,Butlers
BUY,,Freedom II Bermuda Limited - Bermuda,Bermuda
BVA,,"Buffalo Airways, Inc. - United States of America",Buffalo Air
BVG,,"Bvg Viajes, S.A. de C.V. - Mexico",Beeveegee Viajes
BVL,LB*,Bul Air Ltd - Bulgaria,Bulgary
BVN,,"Baron Aviation Services, Inc. - United States of America",Show-me
BVR,,ACM Air Charter GmbH - Germany,Bavarian
BVT,J8,Berjaya Air Sdn. Bhd. - Malaysia,Berjaya
BVV,,"S.park+, Joint-Stock Company - Russian Federation",Spark
BVZ,,Abavia - Georgia,Abazia
BWA,BW,Caribbean Airlines Limited - Trinidad and Tobago,Caribbean Airlines
BWD,,BlueWest Helicopters ApS - Denmark,Bluewest
BWE,,"Baltimore Air Transport, Inc. - United States of America",BeeWee
BWH,,BlueWest Helicopters (Vesterflug EHF) - Iceland,
BWI,,Blue Wing Airlines N.V. - Suriname,Blue Tail
BWJ,,HK Bellawings Jet Limited - China,Bellawing
BWK,,Alter Aeroservicios S.A. de C.V. - Mexico,Alteraero
BWM,,Beirut Wings S.a.l. - Lebanon,Beirut Wings
BWS,,Bass Airways CC - South Africa,Bass Exec
BWY,,Fleet Requirements Air Direction Unit - United Kingdom,Broadway
BXA,,Bahrain Executive Air Services Co. (Bexair) - Bahrain,Bexair
BXJ,,"Brixtel Group, Inc. - United States of America",Brixtel Jet
BXR,,"Redding Aero Enterprises, Inc. - United States of America",Boxer
BXX,,"Badlands Aviation, LLC - United States of America",Strongbox
BYA,,"Berry Aviation, Inc. - United States of America",Berry
BYB,,Spot Jet Services - Lebanon,Byblos Bird
BYD,B4,Beond-Simdi Operations Private Ltd. - Maldives,Beond
BYF,,San Carlos Flight School - United States of America,Bay Flight
BYG,,"Bygone Aviation, LLC - United States of America",Bygone
BYL,,"Bylina, Joint-Stock Company - Russian Federation",Bylina
BYR,,Berytos Airlines - Lebanon,
BYS,,Joint Stock Company Aviacompany BySky - Belarus,Bel Sky
BYT,,Patriot Aviation Limited - United Kingdom,Byte
BZA,,"Aerolineas Bonanza, S.A. de C.V. - Mexico",Bonan Air
BZC,,Blocked -,
BZE,,Zenith Aviation Ltd. - United Kingdom,Zenstar
BZP,,Jubilee Aviation Support Services Ltd. - Nigeria,Jass
BZQ,,Seneca College - Canada,Sting
BZR,,Airbiz Aviation Services Worldwide - Pakistan,
BZS,,"Aero Biniza, S.A. de C.V. - Mexico",Biniza
BZY,,Fresh Air Aviation - United States of America,Breezy
BZZ,,Butane Buzzard Aviation Corporation - United Kingdom,Buzzard
CAA,,Civil Aviation Authority of the Czech Republic - Czech Republic,Inspector
CAB,,Chesapeake Air Service - United States of America,Chesapeake Air
CAC,,Conquest Airlines - United States of America,Conquest Air
CAD,7D,PT Cardig Air - Indonesia,Cardig Air
CAE,,Centrafrique Air Express - Central African Republic,Express Centraf
CAF,,Blocked -,
CAG,,Club Acrobatico Mediterraneo - Spain,
CAH,,E+S Air S.r.l. - Italy,Smartair
CAI,XC,Turistik Hava Tasimacilik A.S. - Corendon Airlines - Turkey,Corendon
CAJ,,Air Caraibes Atlantique - Guadeloupe,Car Line
CAK,,Southwest Aircraft Charter LC - United States of America,Cactus
CAL,CI,China Airlines - Taiwan,Dynasty
CAN,,Contact Air Sarl - Niger,Gober Air
CAO,CA*,"Air China Cargo Co., Ltd. - China",Airchina Freight
CAP,,U.S. Air Force Auxiliary/Civil Air Patrol - United States of America,Cap
CAQ,,TOO Cerium Air - Kazakhstan,Qazaq Eagle
CAR,,Inter RCA - Central African Republic,Quebec Romeo
CAS,,Christman Air System - United States of America,Christman
CAT,,Copenhagen Airtaxi A/S - Denmark,Aircat
CAU,,"Canarias Aeronautica, S.L. - Spain",Canarias Link
CAV,MO,Calm Air International Ltd. - Canada,Calm Air
CAX,,Consorcio Aereo de Xalapa - Mexico,Consorcio
CAY,KX,Cayman Airways Limited - Cayman Islands,Cayman
CAZ,,CAT Aviation AG - Switzerland,Eurocat
CBA,,Air Navigation Services of the Czech Republic - Czech Republic,Calibra
CBC,,"SkyShare, LLC - United States of America",Sky Share
CBD,,Lockheed Martin Aeronautics - United States of America,Catbird
CBE,,"JH Transportation, LLC - United States of America",Crucible
CBG,GX,"Guangxi Beibu Gulf Airlines Co., Ltd. - China",Green City
CBH,,"Corporate Eagle Management Services, Inc. - United States of America",Club House
CBJ,JD,"Beijing Capital Airlines Co., Ltd - China",Capital Jet
CBL,,"Nicholson Air Service, Inc. d/b/a Cumberland Airways - United States of America",Cumberland
CBM,,DragonFly Executive Air Charter - United Kingdom,Cambrian
CBN,,Southern Illinois University d/b/a Aviation Flight - United States of America,Carbondale
CBO,,"Aerotaxi del Cabo, S.A. de C.V. - Mexico",Taxi Cabo
CBR,,Cobra Aviation - South Africa,Strike
CBS,,Air Columbus - Ukraine,Air Columbus
CBT,,"Catalina Flying Boats, Inc. - United States of America",Catalina Air
CBV,,Aereo Cabo - Mexico,
CBW,,"Suzhou Aviation Co., Ltd. - China",Superwings
CBX,,S.C. COBREX Trans S.R.L. - Romania,Cobrex
CBY,,Coningsby FTU - United Kingdom,Typhoon
CBZ,,Non Stop Aviation - United States of America,Cool Breeze
CCA,CA,Air China Limited - China,Air China
CCD,,"Dalian Airlines Co., Ltd. - China",
CCE,,Cairo Air Transport Company (Cairo Aviation) - Egypt,
CCG,,Canadian Coast Guard - Canada,Canadian Coastguard
CCH,,"Chilchota Taxi Aereo, S.A. de C.V. - Mexico",Chilchota
CCI,,BAA Aviation Limited - China,Kungfu
CCJ,,Capital Jet Charter Corp t/a CapJet - United States of America,Cap Jet
CCK,,Carlisle Air Corporation d/b/a Carlisle Air Group - United States of America,Carlisle Air
CCM,XK,Air Corsica - France,Corsica
CCQ,,"Capital City Air Carriers, Inc. - United States of America",Cap City
CCS,,"COMAC Shanghai Aircraft Customer Service Co., Ltd. - China",Comac Express
CCT,,Connect Air Ltd. - Canada,Connect
CCV,,"Centro de Helicopteros Corporativos, S.A. de C.V. - Mexico",Helicorporativo
CCW,,Coptrade Air Transport - Sudan,Coptrade Air
CCX,,"Colt International, Inc. - United States of America",
CCY,,"Cherry Air, Inc. - United States of America",Cherry
CCZ,,Blocked -,
CDA,,Aerocardal - Chile,Aerocardal
CDC,GJ,"Zhejiang Loong Airlines Co., Ltd. - China",Loong Air
CDE,,Comed Group - United Kingdom,Comex
CDG,SC,Shandong Airlines - China,Shandong
CDI,,"CDI Cargo Airlines Co., Ltd. - China",Hualong
CDL,,"Sunbird Airlines, Inc. - United States of America",Carolina
CDQ,,"Chodang University - Korea, Republic of",Chodang Flight
CDR,,Bombardier Inc. - Canada,Canadair
CDS,,Spectrem Air Ltd - South Africa,Specdas
CDT,,Real Aero Club de Reus-Costa Dorada - Spain,Aeroreus
CDU,,Joint-Stock Company Aerotrans - Russian Federation,
CDV,,"Airline Skol, LLC - Russian Federation",Skol
CDX,,Cedar Executive - Lebanon,Cedarex
CDY,,HeliAviation Limited - United Kingdom,Caddy
CEB,5J,"Cebu Air, Inc. d/b/a Cebu Pacific Air - Philippines",Cebu Air
CEE,,"Servivios Aereos Centrales, S.A. de C.V. - Mexico",Centra Aereos
CEF,,Czech Air Force - Czech Republic,Czech Air Force
CEG,,CEGA Aviation Limited - United Kingdom,Cega
CEH,,"Central Helicopter Service, Ltd - Japan",
CEL,C2,Ceiba Intercontinental - Equatorial Guinea,Ceiba Line
CEM,,Central Mongolia Airways - Mongolia,Central Mongolia
CEO,,PT. Jet Eksekutif Travya - Indonesia,Jetset
CEP,,"Chipola Aviation, Inc. - United States of America",Chipola
CER,,"Cosmopolitan Air Operations, S.A.P.I. de C.V. - Mexico",Cosmer
CES,MU,China Eastern Airlines - China,China Eastern
CET,,Centrafrican Airlines - Central African Republic,Centrafrican
CEU,,ASAS Linhas Aereas - Brazil,Asas Air
CEV,,Centre D'essais En Vol - France,Centev
CEW,,Central Airways - Central African Republic,Trydonair
CEY,Y2,"Air Century, S.A. - Dominican Republic",Centuryflight
CEZ,,Cesszani Aviation - South Africa,
CFA,,China Flying Dragon Aviation Co. - China,Feilong
CFC,,Canadian Armed Forces - Canada,CanForce
CFD,,Cranfield University - United Kingdom,Aeronaut
CFE,CJ,Cityflyer Express Limited t/a BA Cityflyer - United Kingdom,Flyer
CFF,,Aerofan - Spain,Aerofan
CFG,DE,Condor Flugdienst GmbH - Germany,Condor
CFH,,Care Flight (NSW) Ltd - Australia,Care Flight
CFI,,Flight Inspection Center of the General Administration of Civil Aviation of China - Cambodia,China Jet
CFJ,,Fujian Airlines - China,Fujian
CFK,,Centrafric'air S.A. - Central African Republic,
CFL,,Bromma Air Maintenance AB - Sweden,Calibration
CFN,,Church Fenton FTU - United Kingdom,Church Fenton
CFP,,Corporacion Asesora S.A. (Faucett S.A.) - Peru,Faucet
CFR,,California Department of Forestry and Fire Prevention - United States of America,Calfire
CFS,EM,Empire Airlines - United States of America,Empire Air
CFT,,"Jet Freighters, Inc. - United States of America",Casper Freight
CFU,,CAA Flying Unit - United Kingdom,Minair
CFX,,Cfa Air Charters (Pty) Ltd - South Africa,Ceefa Charter
CFZ,,Zhongfei General Aviation Co. - China,Zhongfei
CGA,8Z,"Congo Airways SA (CGA) - Congo, The Democratic Republic of",
CGB,,Air Cargo Belize Limited - Belize,Cargo Belize
CGC,,Cal Gulf Aviation - Sao Tome and Principe,Cal-Gulf
CGD,,"Charlotte, NC Air National Guard - United States of America",
CGE,,Nelson Aviation College - New Zealand,College
CGF,,Cargo Air Ltd - Bulgaria,Clever
CGG,,Walmart Aviation - United States of America,Charge
CGH,GT,"Guilin Airline Co., Ltd. t/a Air Guilin - China",Welkin
CGI,,Bristow Ireland Limited - Ireland,Coastguard Ireland
CGL,,Craft Avia Center Sapi de C.V. - Mexico,Avia Copter
CGM,,"Trabajos Aereos Y Publicidad Andaluza, S.L. - Spain",
CGN,9H,Changan Airlines Limited Company t/a Air Changan - China,Chang an
CGR,,Compagnia Generale Ripreseaeree S.p.A. - Italy,Comprip
CGS,SH*,SolitAir Cargo Express Services DWC-LLC - United Arab Emirates,Global South
CGT,,"CNG-Transavia, Joint-Stock Company - Russian Federation",Transgaz
CGU,,Chinguetti Airlines - Mauritania,Chinguetti
CGV,,Aero Clube de Algarve - Portugal,Clube Algarve
CGY,,Corporacion Paraguaya de Aeronautica S.A. - Paraguay,
CGZ,GY,"Colorful GuiZhou Airlines Co., Ltd - China",Colorful
CHA,,"Central Flying Service, Inc. - United States of America",Charter Central
CHB,PN,China West Air Ltd. - China,West China
CHC,,China Ocean Helicopter Corp. - COHC - China,China Helicopter
CHD,,"223rd Flight Unit, State Airline - Russian Federation",Chkalovsk-Avia
CHE,,"Top Flight Air Service, Inc. - United States of America",Check Air
CHF,,Tianjin Jeppesen International Flight College Co. Ltd. - China,Chao Fei
CHG,X7,Challenge Airlines (BE) S.A. - Belgium,Challenge
CHH,HU,Hainan Airlines Holding Company Limited - China,Hainan
CHI,,Cougar Helicopters Inc. - Canada,Cougar
CHJ,,"Star Jet Co., Ltd. - China",Shining
CHL,,Cranfield Helicopters Ltd. - United Kingdom,
CHM,,Chemech Aviation (Pvt) Limited - Pakistan,
CHN,,Channel Island Aviation - United States of America,Channel
CHO,,Chrome Air Service - Nigeria,Chrome Air
CHR,,"Chairman Airmotive II, LLC - United States of America",Chairman
CHU,,Church Aircraft Ltd - United States of America,Churchair
CHX,,Hubschrauber IM Luftrettungsdienst - Germany,Christoph
CHY,ZY,"China Air Cargo Co., Ltd. - China",China Cargo
CHZ,X6,Challenge Air Cargo Limited - Malta,Cargo Rock
CIA,,Civil Aviation Authority of the Slovak Republic - Slovakia,Calimera
CIC,,ICC International Cargo Charters Canada Ltd.. d/b/a ICC Canada Ltd. - Canada,Air Trader
CID,,Asia Continental Airlines - Kazakhstan,Acid
CIE,,Czech Government Flying Service - Czech Republic,Czechia
CIF,,Caribbean Flights - Venezuela,Carflights
CIG,SA*,Air Company Sirius-Aero Ltd - Russian Federation,Sirius Aero
CIJ,,C&I Corporation - Romania,Nikolaus
CIL,CF*,CIAF Leasing - Egypt,CIAF Leasing
CIN,C7,Saffron Aviation (Pvt) Ltd. d/b/a Cinnamon Air - Sri Lanka,Cinnamon
CIO,,Il Ciocco International Travel Service Srl - Italy,Ciocco
CIV,,Civil Aviation Authority Of New Zealand - New Zealand,Civair
CIW,,Afrik Airways - Cote D'Ivoire,
CJE,,Custom Jet Charters LLC - United States of America,Custom Jet
CJG,,Zhejiang Airlines - China,Zhejiang
CJI,,"Corporate Jets, Inc. - United States of America",Sea Jet
CJM,,Corporate Jet Management Ltd. - United Kingdom,Checkmark
CJR,,Caverton Helicopters Ltd. - Nigeria,Caverton Air
CJS,,"Commonwealth Jet Service, Inc. - United States of America",Commonwealth
CJT,W8,Cargojet Airways Ltd. - Canada,Cargojet
CJX,RY,Jiangxi Air Company Limited d/b/a Jiangxi Air - China,Air Crane
CJZ,,"Caliber Jet Charter, LLC - United States of America",Caliber Jet
CKA,,"Cook Inlet Aviation, Inc. - United States of America",Cook-Air
CKC,,"CKC Services, Inc. - United States of America",
CKE,,"Corporate Aviation Services, Inc. - United States of America",Checkmate
CKJ,,People's Liberation Army Air Force - China,PLAAF
CKK,CK,China Cargo Airlines Ltd. - China,Cargo King
CKL,,Cronos Airlines Benin - Benin,Space
CKM,,Rivaflecha S.L. (BKS Air) - Spain,Cosmos
CKR,,Crown Air Systems - United States of America,Crown Air
CKS,K4,Kalitta Air LLC - United States of America,Connie
CLA,,Linhas Aereas CCS Air - Venezuela,Atlantic
CLB,,Cobham Flight Inspection Limited - United Kingdom,Calibrator
CLD,,Clowes Estates Ltd. - United Kingdom,Clowes
CLE,,Colemill Enterprises - United States of America,Colemill
CLF,,Centreline AV Limited - United Kingdom,Clifton
CLG,CE,Chalair Aviation S.A.S.U. - France,Challair
CLK,,Clark Aviation Corp. - United States of America,Clarkair
CLL,,"Aerovias Castillo, S.A. - Mexico",Aerocastillo
CLM,,"Cargo Link (Caribbean), Inc. - Barbados",Cargo Link
CLN,,Cloepatra Aviation - Egypt,Cloepatra
CLP,,Aero Club de Portugal - Portugal,Club Portugal
CLR,,Trans America - United States of America,Clinton Airways
CLS,,Clemens Aviation - United States of America,Clemens
CLX,CV,"Cargolux Airlines International, S.A. - Luxembourg",Cargolux
CLY,,"Clay Lacy Aviation, Inc. - United States of America",Lacy
CLZ,,Cloud 9 Air charters - South Africa,Cloudnine
CMA,2C,CMA CGM Air Cargo S.A.S. - France,French Cargo
CMB,,U.S. Transportation Command - United States of America,Camber
CMC,,CMC Electronics Inc. - Canada,Esterline
CMD,,CALSTAR Air Medical Services LLC - United States of America,Calstar Med
CME,,Commerce Bank - United States of America,Commerce Bank
CMF,,Air Care Alliance - United States of America,Compassion
CMG,,Comet Airlines Limited - Nigeria,Sunspy
CMH,,Commair Aviation Limited - United Kingdom,Commodore
CML,,"Community Airlines - Tanzania, United Republic of",Community
CMM,,"CAMEX Adria Airlines, letalske storitve, d.o.o. - Slovenia",Camex Adria
CMN,,Eckles Aircraft Co. - United States of America,Cimmaron Aire
CMO,,KGFM Transport And Logistics (Pty) Ltd - South Africa,Camelot
CMP,CM,"Copa Airlines, Inc - Panama",COPA
CMR,,Cam Air Management Ltd. - United Kingdom,Cameo
CMS,Z7*,CAMEX Airlines LLC - Georgia,Camex
CMT,,Casement Aviation - United States of America,Casement
CMU,,Northern Aviation Service Co. Ltd. - Thailand,Lanna Air
CMX,,"El Caminante Taxi Aereo, S.A. de C.V. - Mexico",El Caminnate
CMZ,,"CM Sair, Compagnie Mauritanienne des Services ET - Mauritania",Cee-Em Stairs
CNA,,"Canavia Líneas Aéreas, SLU - Spain",Canavia
CNC,,"Corporacion Aereo Cencor, S.A. de C.V. - Mexico",Cencor
CND,CD,Corendon Dutch Airlines - Netherlands,Dutch Corendon
CNF,PM,Canaryfly S.L. - Spain,Canary
CNG,,Coastal Airways - United States of America,Sid-Air
CNH,,"Aquila Air, Inc. - United States of America",Chenango
CNI,,Empresa Nacional de Servicios Aereos - Cuba,Seraer
CNJ,,Nanjing Airlines - China,Ninghang
CNK,,Sunwest Aviation Ltd. - Canada,Chinock
CNL,,"Centennial Airlines, Inc. - United States of America",Wyo-Air
CNM,,Air China Inner Mongolia - China,Mengyuan
CNP,,Levaero Aviation Inc. - Canada,Cargo North
CNR,,"Condor Aero Services, Inc. - United States of America",Conaero
CNS,,"Cobalt Air, LLC - United States of America",Chronos
CNU,,Air Consul - Spain,Air Consul
CNV,,U.S. Navy Reserve Logistic Air Forces - United States of America,Convoy
CNW,CO,"North-Western Cargo International Airlines Co., Ltd. - China",Tang
CNY,,Central Airways Limited - Sierra Leone,Central Leone
COB,,Cobra Jet Aviation - Egypt,Cobra Jet
COH,,Coltishall FTU - United Kingdom,Colt
COI,,"Coinspectra Aviacion, C.A. - Venezuela",Coaviation
COJ,,Coral Jet - Cayman Islands,Coral Jet
COL,,SC Aviation - United States of America,Colony
CON,,ConocoPhillips Co. - United States of America,Conoco
COO,,"Cove Aviation Partners, LLC - United States of America",Cove
COP,,"Copper State Air Service, Inc. - United States of America",Copper State
COR,,Blocked -,
COS,,"Air 7, LLC - United States of America",Coastal Jet
COT,,"Costa Airlines, C.A. - Venezuela",Coair
COU,,Airlines of Carriacou Limited - Grenada,Air Carriacou
COV,,Signchoose Ltd. t/a Helicentre Coventry - United Kingdom,Helicentre
COW,,Cowi A/S - Denmark,Cowi
COX,,"Cox Aviacion, S.A. de C.V. - Mexico",Cox Aviacion
COY,7C*,Coyne Airways Ltd. - United Kingdom,Coyne Air
CPA,CX,Cathay Pacific Airways Ltd. - Hong Kong,Cathay
CPD,,Capital Airlines Limited - Kenya,Capital Delta
CPE,,Copterline OU - Finland,Copterline
CPG,,"Corporacion Aeroangeles, S.A. de C.V. - Mexico",Corpornag
CPI,,C.A.I. - Compagnia Aeronautica Italiana S.p.A. - Italy,Aircai
CPJ,,Phenix Jet Cayman SEZC - Cayman Islands,Dragon Eye
CPK,,Federal State Budgetary Organization Gagarin Research & Test Cosmonaut Training Center - Russian Federation,Cedar
CPM,,Compagnie Mauritanienne Des Transports - Mauritania,
CPN,,Caspian Airlines Service Company Ltd. - Iran,Caspian
CPO,,Corporate Aircraft Company - United States of America,Mokan
CPP,,Copterplus Finland Oy - Finland,Copterplus
CPR,EF,Aerolinea del Caribe - Peru S.A.C. - Peru,Caribe-Peru
CPT,,Corporate Air - United States of America,Air Spur
CPU,,Air Support A/S - Denmark,
CPV,,Air Corporate S.r.l. - Italy,Aircorporate
CPX,,"Capital Air Service, Inc. - United States of America",Capair
CPY,,Air Company - Romania,Air Company
CQC,,Central Queensland Aviation College - Australia,
CQH,9C,Spring Airlines Limited Corporation - China,Air Spring
CQN,OQ,"Chong Qing Airlines Co., Ltd - China",Chong Qing
CRA,C8*,Cronos Airlines - Equatorial Guinea,Cronos
CRB,,"Caribbean Air Tours & Services Charters, S.A. de C.V. - Honduras",Catsa
CRC,QC*,Cameroon Airlines Corp - Camair-Co - Cameroon,Camairco
CRE,,"Jet Out, LLC - United States of America",Cream City
CRF,,Croix Rouge Francais - France,Croix Rouge
CRG,,Costa Rica Green Airways - Costa Rica,Greenair
CRH,,"CRI Helicopters Mexico, S.A. de C.V. - Mexico",Heli-Mex
CRI,,"Crown Air, S.A. de C.V. - Mexico",Croair
CRJ,,Air Cruzal - Angola,Air Cruzal
CRK,HX,Hong Kong Airlines Limited - Hong Kong,Bauhinia
CRL,SS,Corse Air International - France,Corsair
CRM,,"Commander Mexicana, S.A. de C.V. - Mexico",Commandermex
CRN,,Carson Air Ltd. - Canada,Carson
CRP,,"Aerotransportes Corporativos, S.A. de C.V. - Mexico",Aerotranscorp
CRQ,YN,Air Creebec (1994) Inc. - Canada,Cree
CRR,,Canadian Pacific Railway - Canada,Railcar
CRS,,"Comercial Aerea, S.A. de C.V. - Mexico",Comercial Aerea
CRT,,"Caribintair, S.A. - Haiti",Carbintair
CRV,,Acropolis Aviation Limited - United Kingdom,Acropolis
CRX,,Cross Aviation Ltd. - United Kingdom,Crossair
CRY,,South Cerney - United Kingdom,Cerney
CSB,2I*,21 Air LLC - United States of America,Cargo South
CSC,3U,Sichuan Airlines Co. Ltd. - China,Sichuan
CSD,,"Courier Services, Inc. - United States of America",Delivery
CSE,,Coral Seas Express Ltd. - Solomon Islands,
CSG,CZ*,"China Southern Airlines Cargo Co., Ltd. - China",Southern Cargo
CSH,FM,Shanghai Airlines Co. Ltd. - China,Shanghai Air
CSI,,"CSI Aviation, Inc. - United States of America",Sandia
CSJ,,"Castle Aviation, Inc. - United States of America",Castle
CSK,,"Flightcraft, Inc. - United States of America",Cascade
CSL,,"Minson Aviation, Inc. d/b/a California Air Shuttle (Oxnard,Ca) - United States of America",California Shuttle
CSM,,Ratkhan Air - Kazakhstan,Lorry
CSN,CZ,"China Southern Airlines Co., Ltd. - China",China Southern
CSO,,"Casino Airlines, Inc. - United States of America",Casair
CSP,,"Casper Air Service, Inc. - United States of America",Casper Air
CSQ,II,"IBC Airways, Inc. - United States of America",Chasqui
CSR,,CAE GmbH - Germany,Caesar
CSS,O3,Shun Fung Airlines Company Limited - China,Shun Feng
CST,,Shoreline Aviation - United States of America,Shoreline
CSU,,Chari Aviation Services - Chad,Chari Service
CSV,CQ,"Coastal Travels Limited - Tanzania, United Republic of",Coastel Travel
CSW,CS,Chair Airlines AG t/a chair - Switzerland,Eiger
CSX,,"Choice Airways, Inc - United States of America",Choice Air
CSY,,Shuangyang General Aviation Co. - China,Shuangyany
CSZ,ZH,Shenzhen Airlines - China,Shenzhen Air
CTA,,Aero Charter and Transport - United States of America,Char-Tran
CTC,,"Corporacion Ejecutiva de Transporte Aereo, S.A. de C.V. - Mexico",Corp Ejecutiva
CTD,,"Aerocorporativos, S.A. de C.V. - Mexico",Aerocorporativos
CTE,,"Atlanta Air Charter, Inc. - United States of America",Cornerstone
CTF,,Cutter Aviation - United States of America,Cutter Flight
CTG,,Canadian Coast Guard - Canada,Canadian Coast Guard
CTH,,China General Aviation Corp. - CGAC - China,Tonghang
CTJ,HT,"Tianjin Air Cargo Co., Ltd. - China",Tianjin Cargo
CTK,,Looporder Ltd t/a East Midlands Helicopters - United Kingdom,Costock
CTL,,"Central Air Southwest, Inc. - United States of America",Central Commuter
CTM,,Commandement du Transport Aerien Militaire Francais - France,Cotam
CTN,OU,Croatia Airlines - Croatia,Croatia
CTO,,Cape Air Transport - Australia,
CTP,,"CTP Aviation, LLC - United States of America",Woodside
CTQ,,CTK Network Aviation Ltd. - Ghana,Citylink
CTR,,"Aerolineas Centauro, S.A. de C.V. - Mexico",Centauro
CTS,,Charters Ejecutivos S.A. de C.V. - Mexico,Executive
CTV,QG,PT. Citilink Indonesia - Indonesia,Supergreen
CTW,C3*,"Cargo Three, Inc. (Cargo Tres, Sociedad Anónima) - Panama",Third Cargo
CTX,,"Centennial Aviation, Inc. - United States of America",Centen
CTY,,Cryderman Air Service - United States of America,Century
CUA,KN,"China United Airlines Co., Ltd. - China",China United
CUB,CU,"Cubana de Aviacion, S.A. - Cuba",Cubana
CUH,UQ,Urumqi Airlines Co. Ltd. - China,Loulan
CUJ,CE*,"Club Jet Charter, LLC - United States of America",Club Jet
CUK,,Polo Aviation Ltd. - United Kingdom,Chukka
CUL,,"Coulson Aviation (USA), Inc. - United States of America",Coulson
CUO,,"Aerocuahonte, S.A. de C.V. - Mexico",Cuahonte
CUT,,Court Helicopters - South Africa,Court Air
CVA,3C,Air Chathams Limited t/a Air Chathams - New Zealand,Chatham
CVD,,"Aviation Consultants, Inc. - United States of America",
CVE,,Cabo Verde Express - Cape Verde,Kabex
CVF,,Dassault Falcon Jet Corporation - United States of America,Cloverleaf
CVJ,,"Comercializacion de Aviacion Ejecutiva, S.A. de C.V. - Mexico",Comerejecutiva
CVK,,Cavok Air - Ukraine,Cargo Line
CVL,,Coval Air Ltd. - Canada,Coval
CVN,,CET Aviation - Equatorial Guinea,CET Aviation
CVO,,"Center Vol, S.A. - Spain",Centervol
CVR,,Chevron U.S.A. - United States of America,Chevron
CVS,,Convers Avia Airline - Russian Federation,Convers
CVT,,Peran - Kazakhstan,Cveta
CVU,,"Grand Canyon Airlines, Inc. - United States of America",Canyon View
CVV,,Comercial de Aviacion C.A. (Comeravia) - Venezuela,Comeravia
CVX,,Centro Industrial Aeronautico C.A. (CIACA) - Venezuela,Ciaca
CVZ,,Aerocaribe Airlines - Venezuela,Caribe
CWA,,Can West Corporate Air Charters Ltd. - Canada,Can West
CWE,WQ,Cargo Wings Express - Tunisia,Cargo Wings
CWG,,"Wing Aviation Charter Services, LLC. - United States of America",Clear Wing
CWH,,Canadian Warplane Heritage Museum - Canada,Warplane Heritage
CWK,,Continental Wings - Comoros Airlines - Comoros,Conticom
CWL,,Cranwell FTU - United Kingdom,Cranwell
CWM,,Air Marshall Islands - Marshall Islands,Air Marshalls
CWN,FQ,Crown Airlines - Libyan Arab Jamahiriya,Crown Airlines
CWP,,Australian Customs Service - Coastwatch - Australia,Coastwatch
CWR,,"Beijing City International Business Jet Co., Ltd - China",City World
CWS,,Cretan Wings - Greece,Cretan
CWT,,ACT International Airlines Inc. d/b/a Texas Airways - United States of America,Texas Airways
CWW,,Canair - Canada,Canair
CWX,,"Crow Executive Air, Inc. - United States of America",Crow Express
CWY,,Woodgate Aviation (NI) Ltd. - United Kingdom,Causeway
CWZ,,"Capitol Wings Airline, Inc. - United States of America",Capwings
CXA,MF,Xiamen Airlines - China,Xiamen Air
CXB,,Comlux Aruba N.V. - Aruba,Starlux
CXE,9Q,Caicos Express Airways - Turks And Caicos Islands,Caicos
CXF,,VCAP Aviation LLC - United States of America,Cards Flight
CXI,XR,Touristic Aviation Services Ltd. t/a Corendon Airlines Europe - Malta,Touristic
CXK,,ATP Flight School - United States of America,Career TracK
CXN,,"China Southern Airlines Xiongan Airlines Co., Ltd. - China",Strong Air
CXO,,"Conroe Aviation Services, Inc. - United States of America",Conroe Air
CXT,,"Coastal Air Transport, Inc. - Virgin Islands (US)",Coastal
CYA,,"Cheyenne Airways, Inc. - United States of America",Cheyenne Air
CYC,,"Circadian Aviation, LLC - United States of America",Circadian
CYE,,"Ordos General Aviation Co., Ltd. - China",Sakira
CYF,U8,Tus Airways Ltd. - Cyprus,Tus Air
CYN,,"Colorful Yunnan General Aviation Co., Ltd. - China",Color Jet
CYO,,"ATI Jet, Inc. - United States of America",Coyote
CYP,CY,Charlie Airlines Ltd. t/a Cyprus Airways - Cyprus,Cyprus
CYS,,Cypress Airlines - Canada,Skybird
CYT,,Crystal Air - United States of America,Crystal Air
CYZ,CF,China Postal Airlines Ltd. - China,China Posta
CZA,,Blocked -,
CZB,,Blocked -,
CZC,,Blocked -,
CZD,,Blocked -,
CZE,,Blocked -,
CZF,,Blocked -,
CZG,,Blocked -,
CZH,,Blocked -,
CZI,,Blocked -,
CZJ,,Blocked -,
CZK,,Blocked -,
CZL,,Blocked -,
CZM,,Blocked -,
CZN,,Blocked -,
CZO,,Blocked -,
CZP,,Blocked -,
CZQ,,Blocked -,
CZR,,Blocked -,
CZS,,Blocked -,
CZT,,Blocked -,
CZU,,Blocked -,
CZV,,Blocked -,
CZW,,Blocked -,
CZX,,Blocked -,
CZY,,Blocked -,
CZZ,,Blocked -,
DAA,,"Decatur Aviation, Inc. - United States of America",Decur
DAB,,Dassault Aviation - France,
DAC,,Dominion Air Ltd. - Nigeria,Dominion Air
DAD,,Air Express (Pvt) Ltd - Pakistan,Dewan Express
DAE,D5,"DHL Aero Expreso, S.A. - Panama",Yellow
DAF,,Danish Air Force - Denmark,Danish Airforce
DAH,AH,Air Algerie - Algeria,Air Algerie
DAJ,,"Jet A Co., Ltd. - Thailand",Stratus
DAK,,4 Airways Limited - Malta,Duck Airways
DAL,DL,"Delta Air Lines, Inc. - United States of America",Delta
DAM,,Global Jet Middle East FZCO - San Marino,Dokanur
DAO,D3,Daallo Airlines - Djibouti,Dalo Airlines
DAP,V5,Aerovias DAP - La Aerolineas de la Patagonia - Chile,DAP
DAR,,Danish Army - Denmark,Danish Army
DAS,,Dialogue-S-Aero - Kazakhstan,Dialogue
DAY,,Daya Aviation (Pvt) Ltd - Sri Lanka,Daya
DAZ,,"Desert Air Transport, Inc t/a DesertAir Alaska - United States of America",Dezert Air
DBA,,"Air Alpha, Inc. - United States of America",Double-A
DBC,,"Gemini Air Group, Inc. - United States of America",Diamond Back
DBE,,Danube-Air Ltd. - Hungary,Dove
DBG,,Air Dabia (Gambia) Limited - The Gambia,Danbo
DBJ,,Duchess Of Brittany (Jersey) Ltd. - United Kingdom,Duchess
DBP,BU,"Compagnie Africaine d'Aviation (CAA) - Congo, The Democratic Republic of",African
DBT,,DBT-Transportes Aereos Lda (DB Aviation) - Portugal,Star Ship
DBX,,"Big White Bear Jet Co., Ltd. - China",White Bear
DCA,,"Aerotaxi del Caribe, S de R.L. de C.V. - Mexico",Delcaribe
DCD,,Air26 S.A. - Angola,Ducard
DCF,,DC Aviation Al-Futtaim LLC - United Arab Emirates,Desert Star
DCL,,Transportes Aereos Don Carlos Ltda. - Chile,Don Carlos
DCM,,"Fltplan, LLC - United States of America",Dot Com
DCN,,"Federal Armed Forces, Federal Republic of Germany - Germany",Diplomatic Clearance
DCO,,"Distribuidora Y Comercializadora Jaz, S.A. de C.V. - Mexico",Aerojaz
DCS,,DC Aviation GmbH - Germany,Twin Star
DCT,,Directflight Limited. - United Kingdom,Airtask
DCU,,DC Aviation San Marino S.r.l. - San Marino,Ocean Star
DCW,,DC Aviation Limited - Malta,Malta Star
DCX,,"Daimler-Chrysler, Inc. - United States of America",Daimler
DCY,,"Inversiones Y Promociones Ducoy, S.L. - Spain",Ducoy
DCZ,,Blocked -,
DDA,,D & D Aviaion - United States of America,Dusty
DDS,,Addis Airlines Plc - Ethiopia,Addis Line
DDY,,"Servicios Aereos Dandy, S.A. de C.V. - Mexico",Dandy
DEE,,Transportation America Corporation d/b/a Dixie Airways - United States of America,Tacair
DEF,,Aviation Defense Service - France,Tirpa
DEJ,,Dana Executive Jets - United Arab Emirates,Danajet
DEK,,AviaStar Air Company - Belarus,Dek Aero
DEM,,"Destiladora de Alcoholes Y Mieles, S.A. de C.V. - Mexico",Destila Mieles
DEN,,SAS Danmark A/S - Denmark,
DES,,"Servicios Aereos Especializados Destina, S.A. de C.V. - Mexico",Destina
DEV,,Red Devils Parachute Display Team - United Kingdom,Red Devils
DEX,,"Interflight, Inc. - United States of America",Dulles Express
DFC,,Aeropartner s.r.o. - Czech Republic,Dark Blue
DFL,,Babcock Scandinavian AirAmbulance AB - Sweden,Mediflight
DFS,,"Dwyer Aircraft Sales, Inc. - United States of America",Dwyair
DGA,,"Yellow River Delta General Aviation Co., Ltd - China",Yellow River
DGC,,Servicio Aereo de la Guardia Civil - Spain,
DGJ,,DigaJet Aviation GmbH - Germany,Deega Jet
DGO,,Dgo Jet. S.A. de C.V. - Mexico,Dgo jet
DGP,,Cuerpo Nacional de Policia - Spain,
DGT,,Digital Equipment Corporation - United States of America,Digital
DGV,,Smart Airlines LLC - Armenia,Smart Airlines
DGX,,Dasnair SA - Switzerland,Dasna
DHA,Q7*,DHL Air (Austria) GmbH - Austria,Yellow Tail
DHC,,De Havilland Aircraft of Canada Ltd - Canada,De Havilland
DHE,,DAP Helicopteros Ltda. - Chile,Helidap
DHK,D0,DHL Air (UK) Limited - United Kingdom,World Express
DHR,,"Creamer Pilot Services, LLC - United States of America",Dark Horse
DHV,,DHL Aviation (Pty) Ltd. - South Africa,Worldstar
DHX,ES*,DHL Air (Bahrain) B.S.C. Closed - Bahrain,Dilmun
DIA,,"Direct Air, Inc. - United States of America",Blue sky
DIC,,"Aeromedica, S.A. de C.V. - Mexico",Aeromedica
DIG,OP,DAC International Airlines Ltd. d/b/a PassionAir - Ghana,Dac Air
DIR,4D,Aerro Direkt S.r.l. d/b/a Flyyo - Romania,Direkt Wings
DIS,,Aerodis Aviacion S.L. - Spain,Aerodis
DJB,,Djibouti Airlines - Djibouti,
DJE,,"Durango Jet, S.A. de C.V. - Mexico",Durango Jet
DJH,,"Deer Jet Aviation Co., Ltd. - China",Jet Flag
DJI,DJ,Air Djibouti SAS - Djibouti,Delta Juilet
DJR,,"Desert Jet, LLC - United States of America",Desert Jet
DJT,B0,DreamJet SAS d/b/a La Compagnie - France,Dreamjet
DKA,,Dokia Air S.r.l. - Romania,Dokia Air
DKE,,Jubilee Airways Ltd. - United Kingdom,Duke
DKH,HO,Juneyao Airlines Co. Ltd. - China,Air Juneyao
DKN,,Air Deccan - India,Air Deccan
DKR,,Darik Sky - Bulgaria,Dima
DKT,,Sioux Falls Aviation - United States of America,Dakota
DKZ,,Dala Air T.o.o. - Kazakhstan,Nomad
DLA,EN,Air Dolomiti S.p.A. Linee Aeree Regionali Europee - Italy,Dolomiti
DLC,,"Ruili Jingcheng Helicopters Co., Ltd. - China",Soarcopter
DLF,,Direct Fly Sp. z.o.o. - Poland,Red Wisent
DLG,,"Aerolineas del Golfo, S.A. de C.V. - Mexico",Delgolfo
DLH,LH,Deutsche Lufthansa AG - Germany,Lufthansa
DLJ,,"Dinglong Business Aviation Co., Ltd. - China",Ding Air
DLK,,Deccan Aviation (Lanka) Private Limited - Sri Lanka,Dekkanlanka
DLN,,Deucalion Aviation Limited - United Kingdom,
DLR,,Dala Air Services Ltd. - Nigeria,Dala Air
DLS,,"Aero Modelo, S.A. de C.V. - Mexico",Aeromodelo
DLX,,"Dreamline Aviation, LLC - United States of America",Dreamline
DLY,,Air Independence GmbH - Germany,Daily
DMB,,Aerorental - Panama,Aerorental
DMC,,"Aerodinamica de Monterrey, S.A. de C.V. - Mexico",Dinamicamont
DMD,,Namdeb Diamond Corporation Namibia - Namibia,Diamondjet
DMF,,"Dmcfly, S.A. de C.V. - Mexico",Demly
DMI,,"Aeroservicios Dimamicos, S.A. de C.V. - Mexico",Aerodinamico
DML,GJ*,Getjet Airlines Latvia - Latvia,Dreamland
DMN,,Diamond Flight Academy Scandinavia AB - Sweden,
DMQ,D9,Daallo Airlines (Somalia) - Somalia,Dalo
DMR,,Panorama Jets - Dominican Republic,Helidosa
DMS,,Diamond Sky OU - Estonia,Diamond
DNA,DN,Dan Air S.r.l. - Romania,Dan Air
DNC,,"Aerodynamics Malaga, S.L. - Spain",Flyingolive
DND,,Eldinder Airlines - Sudan,Dinder
DNI,,"Servicios Aereos Denim, S.A. de C.V. - Mexico",Aero Denim
DNK,,"D & K Aviation, Inc. - United States of America",Direct Jet
DNN,,Blocked -,
DNO,,Doniya Air Gambia - The Gambia,Doniya
DNR,,Dynamair Aviation Inc. - Canada,Dynamair
DNU,R6*,DAT LT UAB d/b/a DAT - Lithuania,Danu
DNY,,Danish Navy - Denmark,Danish Navy
DOC,,Norsk Luftambulanse A/S - Norway,Helidoc
DOD,,USAF Air Mobility Operations Control Center - United States of America,
DOG,,"Canine Companions for Independence, Inc. - United States of America",Canine Flight
DOI,,"U.S. Department of the Interior, Office of Aircraft Services - United States of America",Interior
DOJ,,US Department Of Justice Prisoner & Alien Transportation Service (JPATS) - United States of America,Justice
DOK,,Nordic Air Ambulance A/S - Denmark,Doctor
DOL,,"Ebsco, Inc. d/b/a Million Air Longview - United States of America",Dollar Sign
DOM,,Domergue Aviation - France,Dome Air
DON,,Donair Flying Club Ltd. - United Kingdom,Donair
DOR,,General Atomics Aerotec Systems GmbH - Germany,Dornier
DOS,,"U.S. Department of State, International Narcotics and Law Enforcement Affairs (INL Air Wing) - United States of America",Dosair
DOV,,Dove Air Services Co Ltd - Sudan,Dovair
DOW,,Best Jets International - United States of America,Downtown
DPA,,David Pieris Aviation (Private) Limited - Sri Lanka,David Air
DPC,,Blocked -,
DPH,,"Domodedovo Airport Handling, CJSC - Russian Federation",
DPL,,Dome Petroleum Ltd. - Canada,Dome
DPS,,Alabama Department of Public Safety - United States of America,Blue-Gray
DQA,Q2,Island Aviation Services Ltd. - Maldives,Island Aviation
DRA,,Deer Air Co. Ltd. - China,
DRB,,Didier Rousset Buy - Chile,Didier
DRC,4H,"Air Congo S.A. - Congo, The Democratic Republic of",Leo Parc
DRE,,"Michigan Airways, Inc. d/b/a Drummond Island Air - United States of America",Michigan
DRF,,Dream Flyers Training Center - Spain,
DRJ,,Mid East Air Charters - Saudi Arabia,Desert Jet
DRK,KB,Druk Air Corporation Ltd. - Bhutan,Royal Bhutan
DRL,,"Omni Air Transport, LLC - United States of America",Driller
DRM,,Aviation South West Limited - United Kingdom,Dartmoor
DRO,,"Adro Servicios Aereos, S.A. de C.V. - Mexico",Adro Servicios
DRS,,Dreamshore Aero - United States of America,Dreamshore
DRU,6R,"Open Joint Stock Company ""ALROSA"" (Mirny Air Enterprise) - Russian Federation",Mirny
DRX,,Des R. Cargo Express - Mauritania,
DRY,,Deraya Air Taxi PT. - Indonesia,Deraya
DRZ,,"Derazona Air Service, PT. - Indonesia",Derazona
DSA,,"Danbury Airways, Inc. - United States of America",Danbury Airways
DSB,,"Air Arabia DMM, LLC - Saudi Arabia",
DSC,,Addis Air Cargo Services P.L.C. - Ethiopia,Addis Cargo
DSF,,Dassault Falcon Service France - France,Dassault France
DSH,DW,LLC Air Company Shohin Airlines - Tajikistan,Shihin
DSO,,Dassault Falcon Service - France,Dassault
DSP,,Suraviation S.L. - Spain,Suraviation
DSQ,,Dasab Airlines - Nigeria,Dasab Air
DST,,Star Aviation S.p.A. - Algeria,Star Aviation
DSU,,Delta State University - United States of America,Delta State
DSV,,Direct Aero Services - Romania,
DSW,,Dornier Seawings GmbH - Germany,Sea Star
DTA,DT,TAAG - Linhas Aereas de Angola Airlines - Angola,DTA
DTE,,Tamas Darida Enterprise - Hungary,Darida-Air
DTG,LV,Airzena LLC d/b/a Aircompany AIRZENA - Georgia,Zena
DTH,SF,Tassili Airlines d/b/a Domestic Airlines - Algeria,Tassili Air
DTL,8G,Aero Dili Transport Services S.A. d/b/a AERO DILI - East Timor,Aero Dili
DTN,,DATA International Aviation - Sudan,Data Air
DTO,,AeroDesierto S.A. - Chile,Aerodesierto
DTR,DX,DAT A/S - Denmark,Danish
DTV,,"Centre Airlines, Inc. - United States of America",Dutch Valley
DTX,,Deltex - Czech Republic,Deltex
DUA,,Dushanbe Air - Tajikistan,Dushanbe Air
DUB,,Dubai Air Wing / Royal Flight - United Arab Emirates,Dubai
DUC,,Class Aviation - Mauritania,Richat
DUG,,Aerotecnica S.A. - Venezuela,Atsaven
DUN,,Dunair - Mauritania,Dunair
DVB,,"Don Avia, CJSC - Kazakhstan",Donsebai
DVI,,Aero Davinci Internacional S.A. de C.V. - Mexico,Aero Davinci
DVN,,Dvin-Avia - Armenia,Dvin-Avia
DVR,3R,Divi Divi Air NV - Netherlands Antilles,Divi Air
DVY,,"Legends Airways, LLC - United States of America",Devil Ray
DVZ,,"Aerotaxi DVZ, S.A. de C.V. - Mexico",Aerotaxi Dvz
DWC,,Empire Aviation San Marino S.r.l. - San Marino,Smooth
DWG,,"Valkyrie Aero, LLC - United States of America",Dark Wing
DWI,DM,DW Dominican Wings. S.A. d/b/a Arajet - Dominican Republic,
DWR,,Delaware Skyways LLC - United States of America,Delaware
DWW,,DAS Private Jets GmbH - Germany,Private Jet
DXE,OY,Dronamics Europe Airlines Limited - Malta,Black Swan
DXT,,"Air Management Group, JSC - Russian Federation",Dexter
DYM,,"Dynamic Air, S.L. - Spain",Dynamic Sky
DYN,,"Aerodynamics, Inc. d/b/a Great Lakes Jet Express - United States of America",Aerodynamics
DYT,,Yankee Delta - France,Duvalair
DZC,,Blocked -,
DZD,,Yazd Airways - Iran,Yazd Airways
DZR,,Midwest Aviation - United States of America,Dozer
EAA,,Elit'Avia International SM S.r.l. - San Marino,Imola
EAB,,Eagle Atlantic Airlines Limited - Ghana,
EAC,,Executive Air Charter - United States of America,Execair
EAD,,"EAA - Escola de Aviacao AeroCondor, S.A. - Portugal",Aero-Escola
EAF,3E,Electra Airways Ltd. - Bulgaria,Electra
EAG,,Emerald Airlines (UK) Limited - United Kingdom,Emerald City
EAI,EA,Emerald Airlines (Ireland) Limited - Ireland,Gemstone
EAJ,,Airenka Hava Tasimaciligi A.Ş. - Turkey,Enka Jet
EAK,,JSC Aircompany Euro-Asia Air - Kazakhstan,Eakaz
EAL,2D*,"Eastern Airlines, LLC - United States of America",Eastern
EAM,,Embassy Airlines Limited - Nigeria,Embassy Air
EAO,,Elit'Avia San Marino S.r.l. - San Marino,Marino
EAP,,Aero-Pyrenees - France,Aero-pyrenees
EAQ,,Eastern Australia Airlines Pty Ltd. - Australia,
EAR,,"Transporte Ejecutivo Aereo, S.A. de C.V. - Mexico",Ejecutivo-Aereo
EAS,,Executive Aerospace (Pty) Ltd. - South Africa,Aerospace
EAT,,Air - Transport Europe spol. s.r.o. - Slovakia,Trans Europe
EAU,MA*,Elitavia Malta Ltd - Malta,Elite
EAW,,Walya Airways - Ethiopia,Walya
EAX,,European Aviation School of Barcelona S.L. - Spain,Aereas
EBC,,"Aero Ejecutivo de Baja California, S.A. de C.V. - Mexico",Caliexet
EBE,,Minebea Technologies PTE. Ltd. - United States of America,Minebea
EBF,,Echo Airlines Ltd. - Bahamas,
EBJ,,European Business Jets plc - United Kingdom,Sky Elite
EBS,,AEG Aviation Services - United States of America,
EBV,,Aerbrava S.C.P. - Spain,
ECA,,Excellent Air GmbH - Germany,Dark Knight
ECC,,Eclair s.r.o. - Czech Republic,Eclair
ECD,,Ecotour - Mexico,Ecotour
ECG,,"Aero Ejecutivos R.C.G., S.A. de C.V. - Mexico",Ejecutivis RCG
ECH,,"ESN Jet Service, LLC - Russian Federation",
ECI,,"Eastern Carolina Aviation, Inc. - United States of America",Eastern Carolina
ECJ,,"East Coast Jets, Inc. - United States of America",Eastcoast Jet
ECL,,"Aeronautica Castellana, S.A. - Spain",Aero Castellana
ECM,,"Aerolineas Comerciales, S.A. de C.V. - Mexico",Aero Comerciales
ECN,,"Euro Continental Air, S.L. - Spain",Euro Continental
ECO,8J,Linea Aerea Eco Jet S.A. - Bolivia,Ecojet
ECQ,,Eco Air Limited - Nigeria,Skybridge
ECR,,"Energia Creadora, S.A. de C.V. - Mexico",Energia
ECS,,Executive Aircraft Charter And Charter Services Ltd. - Ireland,Echo
ECT,,East Coast Airways (Pty) Ltd. - South Africa,Eastway
ECU,,Ecuavia Compania Limitada - Ecuador,Ecuavia
ECV,,Ecuatoguineana de Aviacion (EGA) - Equatorial Guinea,Equatoguinea
ECW,,Eco Airways S.A. - Burkina Faso,Ecotravel
ECX,,"Ecomex Air Cargo, Lda. - Angola",Air Ecomex
ECZ,,Blocked -,
EDC,,Air Charter Scotland Limited - United Kingdom,Saltire
EDD,,"Servicios Aereos Bio Pappel, S.A. de C.V. - Mexico",Lineas Durango
EDG,,"Western Air Charter, Inc. d/b/a Jet Edge - United States of America",Jet Edge
EDL,,Polizeihubschrauberstaffel Bayern - Germany,Police Edelweiss
EDN,,Eden - Israel,
EDO,,Edacom d.o.o. - Slovenia,Edacom
EDR,8W,Fly AllWays N.V. - Suriname,Birdview
EDS,,EDS Air Services - Switzerland,
EDV,9E,"Endeavor Air, Inc. - United States of America",Endeavor
EDW,WK,Edelweiss Air AG - Switzerland,Edelweiss
EDY,,Apollo Air Services Ltd - United Kingdom,Solway
EEC,,Carry Air - France,Quick Speed
EEE,,Blocked -,
EEF,,Estonian Airforce - Estonia,Estonian Airforce
EEJ,,Euro Executive Jet Ltd. - United Kingdom,Ejay
EEL,,Eagle European Ltd. - United Kingdom,Solace
EEM,,"Ejecutivo Aereo de Mexico, S.A. de C.V. - Mexico",Ejeaermex
EES,,Eagle Express Ltd. - Serbia,Eagle Star
EEU,,Eurofly Service - Italy,Eurofly
EEX,,"Executive Express Aviation, S.A. de C.V. - Mexico",Executive Express
EFA,QE,Express Freighters Australia Pty Limited - Australia,Express Freight
EFB,,Emerald Jets S.A.L. - Lebanon,Emerald Jets
EFC,,Emirates Flight Training Academy - United Arab Emirates,Al Wasel
EFD,,EFD Eisele Flugdienst GmbH - Germany,Ever Flight
EFE,,E-Freight International Ltd - Sudan,Efreight Sudan
EFF,,Westair Aviation Limited - Ireland,Emerald
EFG,,Elifriulia - Italy,Elifriulia
EFO,,"Estop Estudios de Fotografia, S.A. - Spain",
EFS,,"Efaos, Agencia de Viagens e Turismo, Lda - Angola",Efaos
EFT,,"Execuflight, Inc. - United States of America",Zipline
EFW,A0,BA EuroFlyer Limited d/b/a British Airways - United Kingdom,Griffin
EFX,8E*,Easy Fly Express Limited - Bangladesh,Easy Express
EFY,VE,Clic Air S.A. - Colombia,
EGA,,Ecuato - Guineana de Aviacion - Equatorial Guinea,
EGC,,First Wing Aircraft Charter and Maintenance - United States of America,Eagle Creek
EGE,,"Eagle Air, Inc. - United States of America",Eagle Air
EGJ,YR,"Grand Canyon Airlines, Inc d/b/a Scenic Airlines - United States of America",Eagle Jet
EGL,,Capital Air Ambulance Ltd. - United Kingdom,Prestige
EGM,,Aeroclub Esztergom - Hungary,Aero Estergom
EGO,,Gauteng Air Cargo CC - South Africa,Gauteng
EGP,,"Thai Aerospace Services Co. Ltd, - Thailand",Tasco
EGS,,Longhorn Gator LLC d/b/a/National Jets - United States of America,Everglades
EGT,,EGT Jet Ltd. - Bulgaria,Bulgarian Jet
EGU,,Eagle Air Ltd. - Uganda,African Eagle
EGV,,Enrique Gleisner Vivanco - Chile,Gleisner
EGY,,Egyptian Air Force - Egypt,
EHA,,East Hampton Aire - United States of America,Aire Hampton
EHC,,European Helicenter - Netherlands,Fly Heli
EHD,,E H Darby Aviation - United States of America,Platinum Air
EHR,,Nordurflug ehf - Iceland,Rotor
EIC,,Express International Cargo Corporation - Sao Tome And Principe,Excargo
EIN,EI,Aer Lingus Limited - Ireland,Shamrock
EIS,,E.I.S. Aircraft GmbH - Germany,Cool
EIX,,Irish AOC Aviation Services Limited d/b/a Stellaer 212 - Ireland,Stellaer
EJA,,"Netjets Aviation, Inc. - United States of America",Execjet
EJC,,"Grupo de Aviacion Ejecutiva, S.A. de C.V. - Mexico",Grupoejecutiva
EJE,,"Hebei Tonghe General Aviation Co., Ltd. - China",Voodoo
EJM,,"Executive Jet Management, Inc. - United States of America",Jet Speed
EJO,,Execujet Middle East - United Arab Emirates,Midjet
EJP,,"Aeroservicios Ejecutivos Corporativos, S.A. de C.V. - Mexico",Ejecorporativos
EJT,,ONE Aviation Corporation - United States of America,Eclipse Jet
EJU,EC,easyJet Europe Airline GmbH - Austria,Alpine
EJV,,"Compania Ejecutiva, S.A. de C.V. - Mexico",Ejecutiva
EJX,,Egyptian Aviation - Egypt,
EJZ,,Executive Jet Service - Sao Tome And Principe,
EKA,,Equaflight Service - Congo,Equaflight
EKC,,"East Kansas City Aviation, Inc. - United States of America",Blue Goose
EKJ,,Equajet - Congo,Equajet
EKO,,ECO Airlines SIA - Latvia,Ecoair
EKT,,European SAO Limited - Malta,Blue Knight
EKY,,"Aviation Partners, S. De R.L. de.C.V. d/b/a EasySky - Honduras",
ELA,,Elitaliana S.p.A. - Italy,
ELE,Q4,"euroairlines, S.L. - Spain",Euroline
ELF,,flyGR8 - Greece,Ellasjet
ELG,,Elangeni GmbH - Austria,Elangeni
ELH,,Babcock Mission Critical Services Italia S.p.A. - Italy,Lario
ELI,,Elio Jet A.S. - Czech Republic,Elio
ELJ,,Elite Jet s.r.o. - Slovakia,Topjet
ELM,,"Crelam, S.A. de C.V. - Mexico",Crelam
ELN,,Elin Group Limited - Nigeria,Elin Bird
ELR,,Elrom Aviation And Investments - Israel,
ELS,,El Sal Air - El Salvador,El Sal
ELT,,"Elliott Aviation, Inc. - United States of America",Elliott
ELU,,Egyptian Leisure Airlines - Egypt,Egyptian Leisure
ELV,,Elvetia Aviation S.A.P.I de C.V. - Mexico,Elvetia
ELW,,Yellow Wings Air Serivces Ltd. - Kenya,Yellow Wings
ELX,,"Elan Express, Inc - United States of America",Elan
ELY,LY,EL AL Israel Airlines Ltd. d/b/a El Al - Israel,El Al
ELZ,,Elite Air - United States of America,Elite Air
EMA,,Egyptian Aviation Company - Egypt,
EMB,,"Empresa Brasileira de Aeronautica, S/A - Brazil",Embraer
EMC,,247 Aviation Limited - United Kingdom,Nightingale
EMD,,"Ballard Aviation, Inc. d/b/a Eaglemed - United States of America",Eaglemed
EMI,,Premium Air Shuttle Ltd. - Nigeria,Blue Shuttle
EML,,"EMA S.A., Empresa de Melos Aereos - Portugal",Emalusa
EMM,,Emperor Aviation Ltd. - Malta,Ruler
EMN,,Examiner Training Agency - United Kingdom,Agency
EMO,,Skyemotion GmbH - Austria,Emotion
EMP,,"Empire Air Service, Inc. - United States of America",Empire
EMR,,Zemmour Airlines - Mauritania,Zemmour
EMS,,"Aero Servicios Empresariales, S.A. de C.V. - Mexico",Serviempresarial
EMU,E3,East Asia Airlines Limited t/a Sky Shuttle - Macau,
EMZ,,"Ethiopian Mozambique Airlines, Ltd - Mozambique",Emoz
ENC,,"Endecots, S.A. - Ecuador",Endecots
END,,"Arrendadora y Transortadora Aerea, S.A. de C.V. - Mexico",Arrendadora
ENE,,"Enerjet, S.A. de C.V. - Mexico",
ENF,,ENAV S.p.A. - Italy,Enav Check
ENG,,Thunderbird Airways Inc. d/b/a ENG Aviation - United States of America,Cross Clamp
ENK,,"Executive Airlink, Inc. - United States of America",Sunbird
ENL,,Servicios Optimos de Aeroenlace S.A. de C.V. - Mexico,Optimos
ENN,,Blocked -,
ENR,,Scenic Air (Pty) Ltd - Namibia,
ENS,,"Entergy Services, Inc. - United States of America",Entergy Shuttle
ENT,E4*,Enter Air Sp. z.o.o. - Poland,Enter
ENV,,Victoria Aviation - United Kingdom,Endeavour
ENW,,Airnor - Aeronaves del Noroeste - Spain,Aeronor
ENX,,Enex Aviation Ltd - United Kingdom,Genesis
ENY,MQ,"Envoy Air, Inc. - United States of America",Envoy
ENZ,,Jota Aviation Ltd - United Kingdom,Enzo
EOA,,Elilombarda S.R.L. - Italy,Lombarda
EOK,RF,"Aero K Airlines - Korea, Democratic People's Republic of",Aerokorea
EOL,,Airailes - France,Eole
EOM,,"Aero Ermes, S.A. de C.V. - Mexico",Aero Ermes
EOP,,"Eolo Plus, S.A. de C.V. - Mexico",Eolo Plus
EOS,,Eliossola Srl - Italy,Eliossola
EPA,DZ,"Donghai Airlines Co., Ltd. - China",Donghai Air
EPB,,"Donghai Business Aviation Co., Ltd. - China",Dong Jet
EPC,,Europilot Center B.V. - Belgium,Europilot
EPE,EG*,Air Eagle (Pvt) Ltd. - Pakistan,
EPH,,Air Parsiana - Iran,Parsiana Sky
EPI,,Epic Flight Academy/Epic Aviation - United States of America,Epic Red
EPJ,,Trabajos Aereos Espejo S.L. - Spain,Espejo
EPL,,Aero Transportes Empresariales - Mexico,Empresariales
EPN,,"Europlane, S.L. - Spain",Europlane
EPR,,"Express Airways, D.o.o. - Slovenia",Emperor
EPS,,"Epps Air Service, Inc. - United States of America",Epps Air
EPT,,Empresa Publica de Transporte Aereo Militar - Bolivia,Tamep
EPU,,"Aero Elite Acapulco, S.A. de C.V. - Mexico",Elitacapulco
EQC,,Ecuatorial Cargo - Equatorial Guinea,Ecua-Cargo
EQE,,QE Europe Ltd. - Malta,Eurojet
EQR,EJ,Equatorial Congo Airlines (ECAir) - Equatorial Guinea,Equatorial Congo
EQT,,"Equatorial Airlines, S.A. - Equatorial Guinea",
EQZ,,Equatair Air Service (Z) Limited - Zambia,Zambia Cargo
ERA,,"Eurocommander, S.A. - Spain",Eurocommander
ERC,,Esso Resources Canada Ltd. - Canada,Esso
ERD,,Air Emeralds d.o.o. - Serbia,Air Emeralds
ERE,,"Erie Airways, Inc. - United States of America",Air Erie
ERF,RF*,Erofey LLC t/a E-Cargo Airlines - Russian Federation,Gulliver
ERH,,"Bristow U.S., LLC - United States of America",Era
ERI,,"Aero Servicios Regiomontanos, S.A. de C.V. - Mexico",Asergio
ERK,,Aerosec - Chile,Aerosec
ERL,,"Aerolab, C.V. de S.A. - Mexico",Aerolab
ERM,,"Aeromaan, S.A. de C.V. - Mexico",Eomaan
ERU,,Embry-Riddle Aeronautical University - United States of America,Riddle
ERX,,Earth Airlines services Limited - Nigeria,Earth Air
ERY,,Sky Quest LLC - United States of America,Erie Shore
ESA,,Seagreen Air Transport - United States of America,Seagreen
ESB,,"Aereosaba, S.A. de C.V. - Mexico",Aereosaba
ESD,,Eastindo Services - Indonesia,Eastindo
ESE,,"Ensenada Vuelos Especiales, S.A. de C.V. - Mexico",Ensanada Especial
ESF,E7,"Estafeta Carga Aerea, S.A. de C.V. - Mexico",
ESJ,,Eastern Skyjets - United Arab Emirates,Eastern Skyjets
ESK,,"EliteSky Express - Congo, The Democratic Republic of",Elite Sky
ESM,,Executive Aircraft Services S.A.L. - Lebanon,Exec Aircraft
ESO,,Avitat - United Kingdom,
ESP,,Esperia Aviation Services S.p.A. - Italy,
ESQ,,Europ Star Aircraft GmbH - Austria,Europ Star
ESR,ZE,"Eastar Jet Co. Ltd. - Korea, Republic of",Eastarjet
ESU,,"Empresa de Transporte Aereocargo del Sur, S.A. - Venezuela",Emtrasur
ESW,,ASG Business Aviation LLC - Azerbaijan,W-Business
ESZ,,"Aeronautica La Esperanza, S.A. de C.V. - Mexico",Esperanza
ETA,,"Midwest Jet Management, LLC d/b/a Reynolds Jet - United States of America",Time Machine
ETD,EY,Etihad Airways d/b/a Etihad - United Arab Emirates,Etihad
ETE,,"Servicios Aereos Elite, S.A. de C.V. - Mexico",Saelite
ETF,,Unidades Aeromoviles del Ejercito De Tierra - Spain,
ETH,ET,Ethiopian Airlines Group d/b/a Ethiopian Airlines - Ethiopia,Ethiopian
ETI,,Hummingbird Aviation Services AB - Sweden,Jethawk
ETL,,Patterson Aviation Company - United States of America,Entel
ETP,,Empire Test Pilots School - United Kingdom,Tester
ETR,ES,Estelar Latinoamerica C.A. d/b/a Estelar - Venezuela,Estel
ETS,,Eltsovka Airlines - Russian Federation,Eltsovka
ETU,,"Eastunion, LLC - Russian Federation",
ETZ,,"Aerotransportes Zodiac, S.A. de C.V. - Mexico",Aero Zodiac
EUC,,Eurocontrol - Belgium,
EUD,,Euro Mediterranean Airlines - Egypt,
EUI,,Euravia - Spain,Euravia
EUK,EG,Aer Lingus (U.K.) Limited - United Kingdom,Green Flight
EUL,,EURO LINK GmbH - Germany,Eurolink
EUP,,Pan Europeenne - France,Savoy
EUS,,Eurus Aviation S.A.P.I. de C.V. - Mexico,Eurus
EUW,,EFS European Flight Service AB - Sweden,Eurowest
EVA,BR,EVA Airways Corporation - Taiwan,Eva
EVC,,"RCS Services, LLC - United States of America",Ever Clear
EVE,E9,Evelop Airlines S.L. d/b/a iberojet - Spain,Evelop
EVJ,,"Everjets - Aviacao Executiva, S.A. - Portugal",Everjets
EVK,,Everett Aviation - Kenya,Everett
EVL,,Evolem Aviation - France,Evolem
EVM,,Natural Enviroment Research Council - United Kingdom,Science
EVQ,,Everett Aviation Lda - Mozambique,Everett Air
EVR,,"Aeronautical Academy of Europe - Academa Aeronautica de Evora, S.A. - Portugal",Diana
EVX,,ATR (Avion de Transport Regional) - France,Green Spirit
EVY,,"34 Squadron, Royal Australian Air Force - Australia",
EWA,,"Ewest Air - Korea, Republic of",Ewest
EWF,,TFC Flugbetrieb und - Technik Beratungsgellschaft mbH - Germany,Garmanair
EWG,EW,Eurowings GmbH - Germany,Eurowings
EWL,E6,Eurowings Europe Limited - Malta,Black Pearl
EWR,ZD,EWA Air S.A.S. - Mayotte,Mayotte Air
EWS,,East West Airlines - Syrian Arab Republic,East West
EWZ,,East Wing - Kazakhstan,E-Wing
EXA,,I.M.P. Group Limited - Canada,Canadian Execaire
EXB,,Brazilian Army Aviation - Brazil,Brazilian Army
EXC,,EC Charter C.A. - Venezuela,Ecair
EXD,,ExecuJet Aviation (Pty) Ltd. - South Africa,Platinun Exec
EXE,,"Executive Flight, Inc. - United States of America",Exec
EXG,,"Air Exchange, Inc. - United States of America",Exchange
EXH,,Executive Helicopters Limited - Ireland,Exec Heli
EXI,,"Excel Air Services, Inc. - Liberia",Excel Air
EXJ,,Executive Jet Charter Limited - United Kingdom,Volante
EXL,,Sunshine Express Airlines Pty. Ltd. d/b/a Sunshine Express Airline - Australia,
EXM,,CAA Flight Examiners - United Kingdom,Exam
EXN,,Exin - Poland,
EXO,,Blocked -,
EXP,,Island Air Express - United States of America,Island Express
EXS,LS,Jet2.com Limited t/a Jet2.com - United Kingdom,Channex
EXU,,"Executive Airlines, S.L. - Spain",Sacir
EXV,8D,FITS Aviation (Pvt) Ltd - Sri Lanka,Expoavia
EXX,,International Air Corp. - United States of America,Express International
EYC,,AIR X Executive Jets GmbH - Germany,
EYH,,"Glasym, S.A. de C.V. - Mexico",Glasimo
EYS,,Flygtransporter Nykoping AB - Sweden,Extrans
EYT,,Etihad Flight College - United Arab Emirates,Jernas
EZA,MG,Eznis Airways LLC - Mongolia,
EZB,,Flugschule Eichenberger AG - Switzerland,Eichenberger
EZC,,Blocked -,
EZI,,Aerojet Tomza S.A. de C.V. - Mexico,Jetza
EZJ,,Ezjet GT Inc. - Guyana,Guyana Jet
EZS,DS,Easyjet Switzerland S.A. - Switzerland,Topswiss
EZT,,Ezy Airlines - Thailand,Thai Ezy
EZY,U2,easyJet UK Limited - United Kingdom,Easy
EZZ,2E*,ETF Airways d.o.o. - Croatia,Enterprize
FAC,,Atlantic Helicopters - Faroe Islands,Faeroecopter
FAD,F3,flyadeal Airline Company - Saudi Arabia,Adeal
FAF,,Force Aerienne Francaise - France,France Air Force
FAG,,Fuerza Aerea Argentina - Argentina,Fuaer
FAH,,ASL Airlines (Hungary) Kft - Hungary,Blue Strip
FAI,,"Falcon Air, Inc. - United States of America",Motor-City
FAJ,,Fly Aman - Syrian Arab Republic,Amanjet
FAK,,Financial Airxpress - United States of America,Facts
FAL,,Friendship Air Alaska - United States of America,Friendship
FAM,,Fuerza Aerea Mexicana - Mexico,
FAN,,AF-Air International - Angola,Fanbird
FAP,,F Air - Czech Republic,Fair School
FAQ,,Aerofaq - Ecuador,
FAR,,AG.raum GmbH - Germany,Torro
FAS,FL*,"Florida Air Cargo, Inc. - United States of America",Florida Cargo
FAT,,Air Taxi (Aviation Connectivity and Infrastructure Developers Pvt. Ltd.) - India,Air Taxi
FAU,,Falcon Airline Limited - Nigeria,Falcon Airline
FAV,,Fair Aviation Pty Ltd. - South Africa,Fairavia
FAW,,"Falwell Aviation, Inc. - United States of America",Falwell
FAX,,Midwest Air Freighters - United States of America,Fairfax
FAY,,Fayban Air Services - Nigeria,Fayban Air
FAZ,,"Flint Aviation Services, Inc. - United States of America",Flint Air
FBA,IF,Fly Baghdad - Iraq,Iraq Express
FBB,VF,Fly Armenia Airways LLC - Armenia,Yerevan
FBE,,Pan African Airlines Leasing Company Ltd - Mauritius,Afribee
FBF,,"Fine Air Services, Inc. - United States of America",Fine Air
FBG,,Fleet Air BG - Bulgaria,Fleet Big
FBJ,,Baby Jet Airlines Limied - Ghana,Baby Jet
FBL,,Fly Erbil - Iraq,Fly Erbil
FBN,,"Florida Air Transport, Inc. - United States of America",Florida Transport
FBO,,TAG Farnborough Airport Ltd. - United Kingdom,
FBR,,Avangard Aviation GmbH - Germany,Avangard
FBS,6W,FlyBosnia d.o.o. - Bosnia Hercegovina,Bosnia Air
FBU,BF,French bee - France,French Bee
FBW,,"Aviation Data Systems, Inc. - United States of America",
FBX,,"Flying Business Aviation, S.A. de C.V. - Mexico",Business Jet
FBY,,"Fly Bai, S.L. - Spain",Bai Fly
FBZ,FO,F.B. Lineas Aereas S.A. t/a Flybondi - Argentina,Bondi
FCA,,Fly-Coop Légi Szolgáltató Kft. - Hungary,Coopair
FCE,,"Maxair Charter, Inc. d/b/a/ Flight Choice - United States of America",Flight Choice
FCG,,"FCG - Flight Consulting Group Ltd, LV - Latvia",
FCH,,FlyUnion Airlines - Tajikistan,Sky Union
FCI,,"Air Carriers, Inc. - United States of America",Fast Check
FCJ,,"AirSprint US, Inc. - United States of America",Fracjet
FCK,,FCS Flight Calibration Serivces GmbH - Germany,Nav Checker
FCM,N7,Nordic Regional Airlines Oy - Finland,Finnbird
FCO,,Aerofrisco - Mexico,Aerofrisco
FCP,,Flight Corporation - New Zealand,Flightcorp
FCS,,Nedgistic Express Services & Aviation N.V. - Aruba,Nesa
FCV,,Flight Centre Victoria - Canada,Navair
FCY,,Fly Company Ltd. - Romania,Fly Company
FCZ,,Blocked -,
FDA,JH,Fuji Dream Airlines Co. Ltd. - Japan,
FDB,FZ,Dubai Aviation Corporation d/b/a flydubai - United Arab Emirates,Sky Dubai
FDC,,Fly Diamond Company - Libyan Arab Jamahiriya,Diamond Airline
FDD,,Feeder Airlines - Sudan,
FDF,,"IVV Femida, Ltd - Russian Federation",
FDJ,,"Freedom Air, LLC. - United States of America",Freedom Jet
FDL,,Farmingdale State University - United States of America,Farmingdale State
FDM,,"Freedom Airlines, Inc. - United States of America",Liberty
FDN,,Dolphin Air - United Arab Emirates,Flying DolpYhins
FDO,,France Douanes - France,French Custom
FDP,,FDS-Ops Sp.z.o.o. - Poland,
FDR,7V,Federal Airlines (Pty) Ltd. - South Africa,Fedair
FDS,,African Medical and Research Foundation - Kenya,Flydoc
FDT,4F,Freedom Airline Express Ltd. - Kenya,Freedom Eagle
FDU,,Fly Dushanbe Airlines - Tajikistan,Eurasian
FDX,FX,Federal Express Corporation d/b/a FedEx - United States of America,Fedex
FDY,9X,"Southern Airways Express, LLC - United States of America",Friendly
FDZ,,Flight Deck Support - Luxembourg,Blue Lux
FEC,,"Denver Express, Inc. - United States of America",Falcon Express
FEE,,Aeroservicios Fares C.A. - Venezuela,Fares
FEI,,Eagle Air Iceland (Flugfelagid Ernir) - Iceland,Arctic Eagle
FEL,,FlyExec Ltd - Lebanon,
FEN,,Airbus Helicopters UK Ltd. - United Kingdom,Fenestron
FEO,,"Aeroferinco, S.A. de C.V. - Mexico",Aeroferinco
FER,,Feria Aviacion - Spain,Feria
FES,,"Aero Taxis Y Servicios Alfe, S.A. de C.V. - Mexico",Aero Alfe
FET,,"Old Dominion Freight LT Lines, Inc. - United States of America",Freightline
FEX,,FlightExec Limited - Canada,Flightexec
FFA,4F*,FLY4 Airlines Green Limited - Ireland,Sunshine
FFB,,Africair Service - Senegal,Foxtrot Foxtrot
FFC,,Synergy flight Training / Fairoaks Flight Centre - United Kingdom,Fairoaks
FFD,,Feuerwehriensatz - Germany,Florian
FFE,,FFL Fachschule Fuer Luft-Fahrzeugfuehrer GmbH - Germany,Smart Trainer
FFF,,Freedom Air Services Ltd. - Nigeria,Inter Freedom
FFH,,Shalom Air Services - Nigeria,Peace Air
FFL,,"ForeFlight, LLC - United States of America",Foreflight
FFM,FY,FlyFirefly Sdn. Bhd - Malaysia,Firefly
FFN,,"Fly & Fun, S.L. - Spain",
FFP,,Federal Aviation Administration - United States of America,Flight Pro
FFS,,Florida Dept Of Agriculture - United States of America,Forestry
FFT,F9,"Frontier Airlines, Inc. - United States of America",Frontier Flight
FFU,,GEC Marconi Avionics Ltd. - United Kingdom,Ferranti
FFV,5H*,Five Fourty Aviation Limited - Kenya,Swift Tango
FFX,,Flex Linhas Aéreas S.A. - Brazil,
FFY,,"Florida Flyers Flight Academy, Inc. - United States of America",Flyers Air
FGA,,Georgian Aviation Federation - Georgia,Georgia Fed
FGB,,Air 65 S.a.r.l. - France,Kitebird
FGD,,Conair Group Inc. d/b/a Conair - Canada,Fireguard
FGH,,Fan Airways Limited - Ghana,Fanair
FGN,,Gendarmerie Nationale - France,France Gendarme
FGO,C0*,"FTL Airlines, SA - France",Red Cargo
FGP,,Flying-Research Aerogeophysical Center Ltd. - Russian Federation,Flying Center
FGR,,"Mid-Pacific Air Service, LLC. - United States of America",Frigate
FGS,,Elitellina - Italy,Elitellina
FGT,,"Aerofreight, S.A. de C.V. - Mexico",
FGY,,Froggy Corporate Aviation - Australia,
FHG,,Flying Hope E.V. - Germany,Flying Hope
FHM,MI,Freebird Airlines Europe Limited - Malta,Eurobird
FHR,,hoper S.A. - Greece,Hoper Heli
FHS,KS,PT Surya Mataram Nusantara d/b/a FlyJaya - Indonesia,Surya
FHV,,Flyverhjemmevaernet - Denmark,Patrol
FHY,FH,Hurkus Havayolu Tasimacilik Ve Ticaret S.A. - Freebird Airlines - Turkey,Freebird
FIA,5F,"FlyOne Airlines S.R.L. - Moldova, Republic of",Fia Airlines
FIB,,Elthuraya Aviation - Sudan,Thuraya
FIC,,"Aerosafin, S.A. de C.V. - Mexico",Aerosafin
FIE,3F,FLYONE Armenia - Armenia,Armrider
FIH,,FinnHEMS Oy - Finland,Finnhems
FIK,,"JF Air Traffic, Inc. - United States of America",Fikes
FIL,,"Fly Line, S.L. - Spain",Flyline
FIN,AY,Finnair Oyj - Finland,Finnair
FIS,,Wingglider Limited - United Kingdom,Sherry
FIX,,Fox Aviation d.o.o. - Slovakia,Fox Aviation
FIZ,,Let’s Fly Helicopter & Jets - France,Cocktail
FJA,,Fiji Airlines Limited t/a Fiji Link - Fiji,Link Fiji
FJB,,Fastjet Zambia Limited - Zambia,Fastbird
FJC,,Falcon Jet Centre - United Kingdom,Falconjet
FJE,7F,Fanjet Express Ltd. - Kenya,Fanjet
FJI,FJ,Air Pacific Ltd. t/a Fiji Airways - Fiji,Fiji
FJK,,Fly Jet.kz - Kazakhstan,
FJL,9P,Fly Jinnah - Pakistan,Okaab
FJO,,Flexjet Operations Malta Limited - Malta,Flex Europe
FJR,,Solitaire Air Ltd. Co. (d/b/a Fly Jordan) - Jordan,Solitaire Air
FJS,,"Florida Jet Service, Inc. - United States of America",Floridajet
FJT,,"Future Air Co., Ltd. - China",Future Air
FJW,FN,fastjet Zimbabwe Limited - Zimbabwe,Zimbird
FJX,,Jet Sky Cargo and Air Charter Limited - Kenya,
FKH,2U,Fly Khiva Group LLC - Uzbekistan,Fly Khiva
FKL,,Levaero Aviation - Canada,
FKZ,,Fly Kumba - Zimbabwe,Kumba
FLA,,Flite Aviation Limited t/a Flite - Malta,Bluerock
FLC,,"United States Department of Transport, Federal Aviation Administration, Flight Inspection Services. - United States of America",Flight Check
FLD,,Fly Solutions Limited - Malta,Dedication
FLE,F8,Flair Airlines Ltd - Canada,Flair
FLF,,Friendship Airlines Ltd. - Uganda,Friend Air
FLG,S9,Big Charter Pvt. Ltd. d/b/a FlyBig - India,Krish
FLH,,"Sky Bus, Inc. - United States of America",Mile High
FLI,RC,Atlantic Airways Faroe Islands - Faroe Islands,Faroeline
FLJ,,Flexjet Operations Limited - United Kingdom,Flexair
FLK,,FlyLink Express - Spain,Flylink
FLL,,Federal Airlines - Sudan,Federal Airlines
FLM,,Flying Lamm S.L. - Spain,
FLN,WV,FlyNamibia Aviation (Pty) Ltd. d/b/a FlyNamibia - Namibia,Brave
FLO,,Flycom - Slovenia,
FLP,,FL140 Parachutisme Bordeaux - France,Parapro
FLR,,Fleetair - South Africa,Fleetair
FLS,,"Flying Fast, S.A. de C.V. - Mexico",Rapidos
FLU,,Flugschule Basel AG - Switzerland,Yellow Flyer
FLV,,"Flight, Joint-Stock Company - Russian Federation",Belouga
FLW,,Flitewatch Holdings Limited - Malta,Flite Watch
FLX,,"Flight Express, Inc. - United States of America",Flight Express
FLZ,YS,"Flightlink Limited - Tanzania, United Republic of",Flightlink
FMA,,"Fumigacion Aerea Andaluza, S.A. - Spain",Faasa
FMC,Y6,Fly Mode Flight Centre Limited - Kenya,Flymode Air
FMF,,Egyptian Aviation Academy - Egypt,Egypt Acadeny
FMG,,FMG Verkehrsfliegerschule Flughafen - Germany,Husky
FMK,,Fly Mara Airlines - Kenya,Flymara Airlines
FML,ML,Sky Mali - Mali,Eagle Bird
FMR,,"Flamingo Air, Inc. - United States of America",Flamingo Air
FMS,,Hadison Aviation - Sudan,Hadi
FMX,,"FlyFast, S.A. de C.V. - Mexico",Fastmex
FMY,,Aviation Legere de L'armee de Terre - France,French Army
FNA,,Norlandair - Iceland,
FNB,,FNA - Israel,
FNE,,Farnair Europe B.V. - Netherlands,Farnair Europe
FNF,,Finnish Air Force - Finland,Finnforce
FNG,,Finnish Border Guard - Finland,Finnguard
FNI,,Heli Holland Offshore B.V. - Netherlands,
FNK,,IAS Itzehoer Airservice GmbH - Germany,Funky
FNL,,Oulun Tilauslento Oy - Finland,Finn Flight
FNN,,Blocked -,
FNO,,Atlantic Air Solutions S.L. - Spain,Riazor
FNS,,Finesse Executive Limited - United Kingdom,Finesse
FNT,,Finlight Airline L.L.C. - Russian Federation,Avialight
FNV,,Transaviaservice - Georgia,Transaviaservice
FNY,,France Marine Nationale - France,French Navy
FOA,,Fortune Air (Pty) Ltd - South Africa,Fortune Air
FOC,,Office Federal de Aviation Civile - Switzerland,FOCA
FOE,OE,Fly One Airlines S.r.l. - Romania,First Eagle
FOF,,Flyfofo Airways - South Africa,Fofa
FOI,,Flight Ops International - United States of America,
FOM,NV,Chingis Airlines Unity LLC - Mongolia,
FOP,,Fokker Flight Operations - Netherlands,
FOR,,Formula One Management Limited - United Kingdom,Formula
FOS,,Bel Ltd - Russian Federation,
FOT,,"Aviat Aviacion Y Trabajos Aereos, S.L. - Spain",Avifoto
FOW,,Fliteport - United Arab Emirates,
FOZ,,Stars Airways - Syrian Arab Republic,Stars Airways
FPA,,Flygprestanda AB - Sweden,
FPC,,"Flight Pro International, LLC - United States of America",Pro Connect
FPF,,FJR Private Flight - United Arab Emirates,Siji
FPI,,flyPersia - Iran,Persia
FPO,5O,ASL Airlines France S.A. - France,French Post
FPR,,Fuerza Aerea Del Peru - Peru,
FQA,QO,Quikjet Cargo Airlines Pvt. Ltd. d/b/a Quikjet Airlines - India,
FRA,,FR Aviation Limited t/a Draken Europe - United Kingdom,Rushton
FRB,,Fly RAK - United Arab Emirates,Rakway
FRC,,Franconia Air Service GmbH - Germany,Franconia
FRD,,Ford Motor Company - United States of America,Ford
FRE,,Boeing Tactical - United States of America,Freedom
FRF,,Fleet Air International Ltd. - Hungary,Fairfleet
FRG,,"Freight Runners Express, Inc. - United States of America",Freight Runners
FRI,,Freedom Air (Pty) Ltd. t/a North East Charters - South Africa,Freeflight
FRM,,"Federal Armored Service, Inc. - United States of America",Fedarm
FRN,,First Nation Airways (SS) Limited - Nigeria,First Nation
FRO,,FROST Air ApS - Denmark,Frost
FRQ,,Afrique Chart'Air - Cameroon,Charter Afrique
FRR,,Fresh Air Ltd. - Nigeria,Fresh Air
FRU,,Securite Civile Francaise - France,French Rescue
FRV,,"Carver Aero, LLC d/b/a Revv Aviation - United States of America",Rev Aero
FRX,,Fort Aero - Estonia,Fort Aero
FSA,,Foster Aviation - United States of America,Foster-Air
FSB,,FSB Flugservice & Development GmbH - Germany,Seabird
FSC,,Four Star Aviation - Virgin Islands (US),Four Star
FSE,,AFS Alpine Flightservice GmbH - Austria,Falco
FSF,,Fly7 Finland Oy - Finland,Rocky
FSH,,Fly Smart LLC - Kyrgyzstan,Smart Hawk
FSJ,,"Freesky Aviation Co., Ltd. - China",Free Sky
FSK,,Africa Charter Airlines CC - South Africa,African Sky
FSL,,Flints Aero Services Limited - Nigeria,Crystal Light
FSM,,Airpilot Escuela De Vuelo S.L. - Spain,
FSN,,Flight Plan Solutions - United States of America,
FSO,,Sky One S.r.o. - Slovakia,Sky Air
FSP,,"Aperture Aviation, Inc. - United States of America",Snapshot
FSQ,,Fly Sky Airlines LLC - Kyrgyzstan,Kyrgyz Bird
FSR,,The Flightstar Corporation - United States of America,Flightstar
FSS,,Cherokee Air Limited - Bahamas,Abaco
FST,,"Flight Support, Inc. - United States of America",Flightron
FSU,,Fly Sky Airlines - Ukraine,Ukraine Bird
FSX,,"Flagship Express Services, Inc. - United States of America",Flag
FSY,,Privateair Inc. - Canada,Frosty
FTC,,FTC Aviation - San Marino,Fantastic
FTD,,"Andrew Bettis Aviation, LLC d/b/a AB Jets - United States of America",Fortitude
FTE,,"Fotografia F3, S.A. - Spain",Fotografia
FTG,,Flying Technology Airline Limited - Russian Federation,Technology
FTH,,"Mountain Aviation, Inc. - United States of America",Foothills
FTJ,,"Fu Tai Business Jets Co., Ltd. - China",Fu Tai
FTK,,North Carolina Forest Service - United States of America,Firetac
FTL,,"Flightline, S.L. - Spain",Flight-avia
FTM,,Flyteam Aviation Ltd. - United Kingdom,Flyteam
FTN,,"Victory Air, LLC - United States of America",Frontrunner
FTO,,Tropic Ocean Airways LLC - United States of America,Wagner
FTP,,"Keystone Aerial Surveys, Inc. - United States of America",Footprint
FTR,,Finist'air - France,Finistair
FTS,,Fly2Sky Malta Ltd. - Malta,Questa
FTT,,Flight Fast Track LLC - United States of America,Fast Air
FTU,,China Civil Aviation Flight University - China,Flight University
FTX,,"FX TerraDynamics, S.A. de C.V. - Mexico",Terra Dynamics
FTY,,ABC Bedarfsflug GmbH t/a Fly Tyrol - Austria,Fly Tyrol
FUC,,Fumicar - Ecuador,Fumicar
FUF,,"Servicios Aereos Fun Fly, S.A. De C.V. - Mexico",
FUH,,"Jilin First International Aviation Academy Co., Ltd. - China",Gallant
FUJ,,Fujairah Aviation Centre - United Arab Emirates,Fujairah
FUL,,Five Forty Uganda Limited - Uganda,Orange Crane
FUM,,"Fuxion Line Mexico, S.A. De C.V. - Mexico",Funline
FUS,,Fumisol - Ecuador,Fumisol
FUU,,Fly My Sky Aviation - Serbia,Blue Sparrow
FVA,,Cardinauair Virginia - United States of America,Air Virginia
FVJ,VK,Fly for Value Aviation Limited d/b/a ValueJet - Nigeria,Valujet
FVS,,Falcon Aviation Services - United Arab Emirates,Falcon Aviation
FWA,,"Wiseman Aviation, Inc. - United States of America",Pinecone
FWD,,Fair Wind Air Charter - United States of America,Fair Wind
FWI,TX,Air Caraibes - Guadeloupe,French West
FWK,,"Flightworks, Inc. - United States of America",
FWR,,Flightaware - United States of America,Flightaware
FWY,,"Fly Select Airways, S.A. de C.V. - Mexico",Select Ways
FXA,,Fly Express Airlines LLC - Egypt,Express Airlines
FXC,,"Flexjet Vertical Lift, LLC - United States of America",Flex Copter
FXF,,"Vip Air Charter, Inc. - United States of America",Fox Flight
FXJ,,Volare Acquisitions Limited d/b/a Flexjet International - Ireland,Flex Ireland
FXT,W2,Flexflight ApS - Denmark,
FXW,,"Associated Aircraft Group, Inc. - United States of America",Flexwing
FXZ,X2,FlyX Airlines - Zimbabwe,Fly Ex
FYC,,Fly Cham - Syrian Arab Republic,Cham Sky
FYD,,Flying Devil SA - Switzerland,Flying Devil
FYE,,Easy Link Aviation Services - Nigeria,Flyme
FYG,,Flying Service N.V. - Belgium,Flying Group
FYJ,,Flyjet Sp. z.o.o. - Poland,
FYL,,Flying Group Luxembourg S.A. - Luxembourg,Flyinglux
FYN,,PT. Flyindo Aviasi Nusantara - Indonesia,Flandy
FYO,,Fly Yemen Airlines - Yemen,Yemen Wings
FYR,,"Trabajos Aereos Fotografia Y Reportajes, S.L. - Spain",
FYS,,European Flyers - Spain,European Flyers
FYT,,Bakhtar Star Airlines - Afghanistan,
FYW,,Flyways Linhas Aereas Ltda - Brazil,Maisbrasil
FZA,FU,"Fuzhou Airlines Co., Ltd. - China",Strait Air
FZC,,Blocked -,
FZM,,Trabajos Aeroes de Cordoba S.L. - Spain,
FZW,,Flyafrica Zimbabwe (PVT) Limited - Zimbabwe,
GAB,,Aerobell Airlines - Costa Rica,Cali
GAC,,GlobeAir AG - Austria,Dream Team
GAD,,South Coast Aviation (Bournemouth) Ltd. - United Kingdom,Southcoast
GAE,,"Shenzhen Gulf Aviation Co., Ltd. - China",Gulf Aviation
GAF,,German Air Force - Germany,German Air Force
GAG,,GreyBird Aviation Group - Denmark,Geebird
GAH,,Ga-Ma Helicoptere - France,Gamhelico
GAI,,Gelix Aero - Russian Federation,Surgut Star
GAJ,,"Gama Aviation, LLC. - United States of America",Gama Jet
GAK,5S,Global Aviation Services Group - Libyan Arab Jamahiriya,
GAM,,German Army - Germany,German Army
GAN,,Gander Aviation Ltd. - Canada,Ganair
GAO,5L,LIAT (2020) Ltd. d/b/a Liat Air - Antigua and Barbuda,Soar
GAP,2P,Air Philippines Corporation d/b/a PAL Express and Airphil Express - Philippines,Airphil
GAQ,,Golfe Air Quebec Ltee. - Canada,Golfair
GAR,,Glory Airline - Nigeria,Glory Air
GAS,,Galena Air Service - United States of America,Galena Air Serivce
GAT,,"Gulf Air, Inc. - United States of America",Gulf Trans
GAV,,Global Reach Aviation A/S - Denmark,Gravity
GAW,,Global Airlift Limited - Kenya,Skycrawler
GAX,,"Full Express, Inc. - United States of America",Grand Aire
GBA,,Gulf Air Bahrain B.S.C. - Bahrain,Gulf Bahrain
GBB,GE,Global Aviation Operations (Pty) Ltd - South Africa,Globe
GBC,,Globe Air Cargo - Antigua and Barbuda,Globe Cargo
GBE,,Gabon Express - Gabon,Gabex
GBF,,Global Aviation - Burkina Faso,Nimba
GBG,G2,GullivAir Ltd. - Bulgaria,Vagabond
GBH,,Global Avia Handling Limited Company - Russian Federation,
GBJ,,"RPS System Co., Ltd. - Thailand",Global Thai
GBL,,UAB Global Airways - Lithuania,Litglobe
GBN,,Atlantic Airlines - Gabon,Atlantic Gabon
GBO,,Ogooue Air Cargo - Gabon,
GBR,,"Rader Aviation, Inc. - United States of America",Greenbrier Air
GBS,,Global Air Servies Nigeria Ltd. - Nigeria,Global Serve
GBU,,Transports Aériens de La Guinee-Bissau - Guinea Bissau,Transbissau
GCA,D6,Sunrise Airways Dominicana - Dominican Republic,Aerogeca
GCB,,Lignes Nationales Aeriennes - Linacongo - Congo,Linacongo
GCC,,General Electric Capital Aviation Services - Ireland,GECAS
GCF,,Aeronor - Spain,Aerocarto
GCI,,Guarda Costiera Italiana - Italy,Italian Coast Guard
GCK,,Glock Aviation GmbH - Austria,Glock
GCM,,Comair Flight Services (Pty) Ltd - South Africa,Globecom
GCN,,"Gulf Central Airlines, Inc. - United States of America",gulf Central
GCR,GS,Tianjin Airlines Co. Ltd - China,Bo Hai
GCS,,Skyway Airline - Costa Rica,Sky Tec
GCV,,G-1 RT - Hungary,Gee-Bird
GCW,,flyGAC A/S - Denmark,Globalcrew
GCY,,CHC Global Operations International - United Kingdom,Helibird
GCZ,,Blocked -,
GDB,,Gendarmerie Belge - Belgium,Belgian Gendarmerie
GDC,CN,"Grand China Air Co., Ltd. - China",Grand China
GDG,,"S.P. Aviation, Inc. t/a GoodJET - United States of America",Golden Gate
GDH,,Guneydogu Havacilik Isletmesi Ltd Std - Turkey,Rising Sun
GDK,,Goldeck-Flug Ges.m.b.H. - Austria,Goldeck Flug
GDM,PI,Small Fly Co. Ltd - Malta,Small
GDN,,"Gerry's Dnata, M/S - Pakistan",
GDQ,,"Lincoln, Ne Air National Guard - United States of America",
GDR,,"Gadair European Airlines, S.L. - Spain",Gadair Lines
GDY,,LifeFlight Australia Pty Ltd. - Australia,Guardian
GEA,IG,Global Aviation Co. d/b/a GEA - Iraq,Globalaviation
GEC,LH,Lufthansa Cargo AG - Germany,Lufthansa Cargo
GED,,Europe Air Lines (E.A.L.) - France,Languedoc
GEE,,"Aero GE, S.A. de C.V. - Mexico",
GEL,D4,Airline Geo Sky LLC - Georgia,Sky Georgia
GEM,,"Air Africa International Ltd. - Tanzania, United Republic of",
GEN,,GENSA - General Services Aviation - Brazil,Gensa-Brasil
GEO,,AMS Airlines LLC - Georgia,Apolax
GER,ZQ,German Airways GmbH - Germany,German Eagle
GES,,"Gestair, S.A. - Spain",Gestair
GET,,"Get High, Unipessoal Lda - Portugal",Air Flow
GEV,,"Gestavi, S.L. - Spain",Gestavi
GEX,,Aero Expedition LLC - Georgia,Aero Georgia
GFA,GF,Gulf Air Company B.S.C. (C) - Bahrain,Gulf Air
GFC,,Gail Force Express - United States of America,Gail Force
GFD,,GFD GmbH - Germany,Kite
GFE,,Archer Daniels Midland Company - United States of America,Greenleaf
GFF,,Great Flight - United States of America,Great Ride
GFM,,Grafair Flight Management AB - Sweden,Parrot
GFO,,"Aerovias Del Golfo, S.A. de C.V. - Mexico",Aerovias Golfo
GFR,,Avia-Pusk - Kazakhstan,Apusk
GFS,,"Gulfstream Airlines, Inc. - United States of America",Gulfstar
GFT,,G.A.D. Flights Ltd. - Israel,
GFV,,"Grupo Aeronautico AFA, S.A. de C.V. - Mexico",Grupo- Afa
GFW,,GFW Aviation - Australia,
GFY,,Intercept Aviation LLC - United States of America,Ground Loop
GGA,,"First Flying Squadron, Inc. - United States of America",Jawja
GGE,,Gobierno de la Republica de Guinea Ecuatorial - Equatorial Guinea,Ecuato Guinea
GGF,,Georgian Cargo Airlines Africa S.A. - Senegal,Georgian Africa
GGG,,Genesis Global Aviation Ltd - Nigeria,Genesis
GGL,,Gira Globo Lda. - Angola,Gira Globo
GGN,ZX,2746904 Ontario Inc. d/b/a Great North Airlines - Canada,Great North
GGO,,Go! Aviation Ltd. - Finland,Go Bird
GGS,,"GATSA General de Aerotransorte, S.A. de C.V. - Mexico",Gatsa
GGT,,Trans Island Airways Ltd. - Bahamas,Thunderball
GGW,,Duke Energy Business Services LLC - United States of America,Gigawatt
GHA,,"Group Holdings Aviation, LLC - United States of America",Sutter
GHF,,Ghana Air Force - Ghana,
GHI,,GH Stansted Limited - United Kingdom,
GHK,,Vintage Wings Of Canada - Canada,Golden Hawk
GHL,,"Guilin General Aviation Co., Ltd. - China",Guilin Rotor
GHM,,Aero Service Bolivia - Bolivia,
GHN,GO,Air Ghana Limited - Ghana,Air Ghana
GHP,,"Colvin Aviation, Inc. - United States of America",Grasshopper Ex
GHV,,Ground Handling Service de Mexico - Mexico,Ground Handling
GIA,GA,Garuda Indonesia - Indonesia,Indonesia
GID,,"Grupo Integracion Comercializacion y Servicios, S.A. de C.V. - Mexico",Intecom
GIE,,Elysian Airlines - Guinea,
GIH,,Union Des Transports Africains de Guinee - Guinea,Transport African
GIJ,,Guinee Airways - Guinea,Guinee Airways
GIN,,Gianair Ltd - Ghana,
GIO,,Gio d.o.o. - Slovenia,Gio-Avia
GIX,,"Trans-Aeromax, S.A. - Guinea",Transmax
GIY,,Probiuz Guinee Sarl - Guinea,Probiz
GIZ,,Africa Airlines - Guinea,
GJA,,1590877AB d/b/a NorthStar Air Tours Ltd. - Canada,Grey Jay
GJB,,Trans-Air-Link Co. - United States of America,Sky Truck
GJE,,"Global Air Charters, Inc. - United States of America",Global Jets
GJI,,GainJet Ireland Limited - Ireland,Gainstar
GJM,RE,Airhub Airlines Limited - Malta,Airhub
GJR,,Gjet S.r.l. - San Marino,Elite Globe
GJS,G7,GoJet Airlines LLC - United States of America,Lindbergh
GJT,GW*,GetJet Airlines - Lithuania,Getjet
GJW,,Global Jet Aruba V.B.A. - Aruba,Plata
GKA,,U S Army Parachute Team - United States of America,Golden Knights
GKS,,Hans Airways Limited - United Kingdom,Swarn
GKY,,Gama Aviation (Cayman) SEZC - Cayman Islands,Gama Cayman
GLB,,Global Air Company LLP - Ukraine,Global
GLC,,Global Aircargo Co. - Bahrain,
GLD,,Golden Star Air Cargo Co. Ltd. - Sudan,Golden Star
GLE,,Goliaf Air - Sao Tome and Principe,Goliaf Air
GLF,,Gulfstream Aerospace - United States of America,Gulfstream Test
GLG,2K,Avianca Ecuador d/b/a Avianca - Ecuador,Galapagos
GLH,,Chervon Corporation - United States of America,Gulfhawk
GLJ,,Global Jet Austria GmbH - Austria,Global Austria
GLK,,Aspan Airlines JSC - Kazakhstan,Kazak
GLL,,"Air Gemini, Lda - Angola",Twins
GLO,G3,GOL Linhas Aereas Inteligentes - Brazil,Gol Transporte
GLQ,,El Quilada International Aviation Co. Ltd. - Sudan,Quilada
GLR,9M,Central Mountain Air Ltd. - Canada,Glacier
GLT,,"Aero Charter, Inc. - United States of America",Gaslight
GLU,,Great Lakes Airways (U) Ltd. - Uganda,Lakes Cargo
GLV,,Global Avanti - Venezuela,Avanti
GLX,GC*,Gelix Airlines - Russian Federation,Russian Bird
GLY,,Galaxy Aviation (Pvt) Ltd - Pakistan,Galaxy Aviation
GMA,,Gama Aviation Ltd. - United Kingdom,Gama
GMC,,General Motors Corporation - United States of America,General Motors
GMD,,Gulf Med Aviation Services Ltd. - Malta,Gulf Med
GME,,"GM Helicopters 102 NE Co., Ltd. - Lao People's Democratic Republic",Globe Meridian
GMH,,Hughes Aircraft Company - United States of America,Hughes Express
GMJ,,"Gamisa Aviacion, S.L. - Spain",Gamisa
GML,,G & L Aviation - South Africa,Geeandel
GMM,,"Aerotaxis Guamuchil, S.A. de C.V. - Mexico",Aerogaumuchil
GMN,,"Garmin, Inc - United States of America",Garmin
GMS,NJ,Ghadames Air - Libyan Arab Jamahiriya,Ghadames
GMX,,"Golden Aviation de Mexico, S.A. de C.V. - Mexico",Golden Mexico
GNA,,"Servicios Aereos Gana, S.A. de C.V. - Mexico",Servigana
GNC,,Guinea Cargo - Equatorial Guinea,Guinea Cargo
GND,,Grand Airways Inc. - United States of America,Grand Vegas
GNF,,Green Flag Aviation Co. Ltd. - Sudan,Green Flag
GNJ,,GainJet Aviation S.A. - Greece,
GNL,,"135 Airways, Inc. - United States of America",General
GNN,,Blocked -,
GNS,,Eastern Executive Air Charter Ltd. - United Kingdom,Genesis
GNX,,Genex Ltd - Belarus,Aerogenex
GNY,,German Navy - Germany,German Navy
GNZ,,General Aviation Services Ltd. - Poland,Gonzo
GOA,IC,Just Udo Aviation Private Limited d/b/a Fly91 - India,Goan
GOB,,Dash Aviation Ltd. - United Kingdom,Pilgrim
GOC,,Geocuba - Cuba,Geocuba
GOF,,"Gof-Air, S.A. de C.V. - Mexico",Gof-Air
GOG,,Mframa Airlines Limited - Ghana,Goldways
GOI,,"Gofir, S.A. - Switzerland",Swiss Hawk
GOJ,,Eurojet Aviation Ltd. - United Kingdom,Go Jet
GOK,,Zhayrem Gok - Kazakhstan,Zhayrem
GON,,Gonini Air Services Ltd. - Suriname,Gonini
GOP,,"Gospa Air, S.A. De C.V. - Mexico",Gospa Air
GOS,,Golden Sky Airline - Libyan Arab Jamahiriya,Golden Sky
GOT,,Waltair Europe AB - Sweden,Gotic
GOV,,Blocked -,
GPA,,"Kingman Aviation, Inc. d/b/a Golden Pacific Airlines - United States of America",Gold Pac
GPC,,Gulf Pearl Air Lines - Libyan Arab Jamahiriya,Air Gulfpearl
GPD,TJ,Tradewind Aviation LLC - United States of America,Goodspeed
GPE,,"GP Express Airlines, Inc. - United States of America",Regional Express
GPL,,"DLR Deutsche Forschungsanstalt Fur Luft Und Raumfahfit, Braunschweig - Germany",German Polar
GPM,,"Grup Air-Med, S.A. - Spain",Grupomed
GPO,,Northern Aviation Ltd - United Kingdom,Goosepool
GPR,,"GPM Aeroservicio, S.A. de C.V. - Mexico",Gpm Aeroservicio
GPS,,ABS Avia - Kazakhstan,Alatau
GPX,IV,GP Aviation E.o.o.d. - Bulgaria,Ivory
GRA,,Guardian Air Asset Management (Pty) Ltd. - South Africa,Flex
GRB,PH*,"Phoenix Air Group, Inc. - United States of America",Gray Bird
GRC,,"Grace Flight Of America, Inc. - United States of America",Grace Flight
GRD,,National Grid Co plc - United Kingdom,Grid
GRE,,Greenlandcopter A/S - Greenland,
GRF,,Gryphon Airlines SA (Pty) Ltd - South Africa,Simba
GRG,,Gryphon Air Cargo LLC - Georgia,Lelo
GRI,,Air Cargo Center - Sao Tome and Principe,
GRL,GL,Air Greenland A/S - Greenland,Greenland
GRM,,"Arizona State Gobernment, Cochise County Sheriff's Office - United States of America",Geronimo
GRN,,"Grande Aviation, LLC - United States of America",Grande
GRO,,Gryphon Air S.r.l. - Romania,Oakleaf
GRP,,"Gryphon Air, LLC - United States of America",Air Fox
GRT,,Gabon-Air-Transport - Gabon,
GRV,,"Epsilon Aviation, S.A. - Greece",Night Rider
GRX,,Aircompany Grodno - Belarus,Grodno
GRZ,,Government of Zambia Communications Flight (Aircraft) - Zambia,Com Flight
GSA,,"Garden State Airlines, Inc. - United States of America",Garden State
GSF,,"Aeronaves Ejecutivas GSF, S.A. de C.V. - Mexico",Aero Gesef
GSG,,GS Aviation (Gambia) Limited - Gambia,
GSH,,Gama Aviation FZC - United Arab Emirates,Gamamena
GSI,,Government of the Republic of Slovenia - Slovenia,Slovenia
GSJ,,G-Jet s.r.o. - Czech Republic,Grossjet
GSK,,Global Sky Aircharter Corporation - United States of America,Global Sky
GSL,,Geographic Air Surveys Ltd. - Canada,Survey-Canada
GSM,,Gestair Aviation Malta Limited - Malta,Gestair Malta
GSN,,Geosan LLC - Mongolia,Geosan
GSP,,Global Flight School - Portugal,Global School
GSR,,Gama Aviation San Marino S.r.l. - San Marino,San Marino
GSS,,GSS Airline S.r.l. - San Marino,Cargo Bird
GST,,"Global SuperTanker Services, LLC - United States of America",Supertank
GSV,,Agrocentr-Avia - Kazakhstan,Agrav
GSY,,"Devinaire, LLC - United States of America",Gray Sky
GTF,,"ELJ Aviation, Inc. - United States of America",Gator Flight
GTH,,"General Aviation Flying Services, Inc. - United States of America",Gotham
GTI,5Y,"Atlas Air, Inc. - United States of America",Giant
GTP,,"Aerotaxi Grupo Tampico, S.A. de C.V. - Mexico",Grupotampico
GTR,8S,Galistair Trading Limited - Malta,Galister
GTS,R2,Groupe Transair S.A. - Senegal,Transgroup
GTW,,"American Air Charter, Inc. - United States of America",Gateway
GTX,,"GTA Air, Inc. - United States of America",Big-Dee
GTY,,National Aviation Company - Egypt,
GUA,,"Aerotaxis de Aguascalientes, S.A. de C.V. - Mexico",Aguascalientes
GUC,,"Puer General Aviation Co., Ltd. - China",Leaf Air
GUE,,"Aero Servicio Guerrero, S.A. de C.V. - Mexico",Aero Guerrero
GUF,,Gulf African Airlines Limited - The Gambia,Gulf African
GUG,GU,"AVIATECA, S.A. d/b/a Avianca Guatemala - Guatemala",
GUL,,Gull Air - United States of America,Gull-Air
GUM,,Gum Air N.V. - Suriname,Gum Air
GUN,GV*,"Grant Aviation, Inc. - United States of America",
GUS,,"Guja, S.A. de C.V. - Mexico",Guja
GVA,,"Grupo Aeronautico Ova, S.A. de C.V. - Mexico",Grupova
GVN,,Gavina - Spain,Gavina
GVS,,Globus Avia - Kazakhstan,Glovia
GVX,,Geevax Ltd. - United Kingdom,Geevax
GWA,,"Great Western Air, Inc. - United States of America",G-W Air
GWC,,Gulf Wings - United Arab Emirates,Gulf Wings
GWG,Q9,Green Africa Airways Limited - Nigeria,Green Africa
GWH,,Gulf Wing Aviation Ltd - Ghana,Jupiter
GWN,,Gewan Airways - Kyrgyzstan,Gewan
GWW,,Global Wings SEZC Ltd - Cayman Islands,Global Wings
GWZ,,Golden Wings Charter (Bahamas) - Bahamas,Sun Burn
GXA,G6*,"Global Crossing Airlines, Inc. - United States of America",Gemini
GYG,,Serviceair - Georgia,Natakhtari
GYP,,Eagle Aviation - United Kingdom,Gypsy
GYS,,Air Florya Havacilik Anonim Sirketi - Turkey,
GZC,,Blocked -,
GZP,4G*,Gazpromavia Aviation Company Limited - Russian Federation,Gazprom
GZR,,Aeromanagement Group - United States of America,Gezira
HAA,,Helicopteros Agroforestal Ltda - Chile,Agroforestal
HAE,,"Kenmore Crew Leasing, Inc. - United States of America",Holland Air
HAF,,Hellenic Air Force - Greece,Hellenic Air Force
HAH,,"Hanhwa Business Jet Airlines Co., Ltd - China",Hanma
HAI,,Hai Au Aviation Joint Stock Company - Vietnam,
HAJ,,"Avic Joy General Aviation Co., Ltd. - China",Dingchang
HAK,,Pegasus Helicopters AS - Norway,Helifalcon
HAN,,Aushaan Air Limited - Kenya,King Bee
HAO,,Harty Aviation - Egypt,Harty
HAP,,"Helicopteros Aero Personal, S.A. de C.V. - Mexico",Helipersonal
HAS,,Honduras Airlines - Honduras,Honduras Air
HAT,HT*,Air Horizont - Malta,Sky Runner
HAU,,Skyhaul Pty Ltd - South Africa,Skyhaul
HAV,,Havilah Air Services - Nigeria,Havilah
HAX,,Benair Norway A/S - Norway,Scoop
HAY,,Haya Aviation Services Company Limited - Saudi Arabia,Haya
HBA,,"Trail Lake Flying Service, Inc. d/b/a Harbor Air - United States of America",Harbor Air
HBB,,Nimbus - Spain,
HBC,,"Haitian Aviation Line, S.A. - Haiti",Halisa
HBH,NS,"Hebei Airlines Co., Ltd. - China",Hebei Air
HBI,,CHC Denmark APS - Denmark,Helibird
HBL,,HKJ (Bermuda) Ltd. - Bermuda,
HBR,,Hebridean Air Services - United Kingdom,Hebridean
HBT,,Polizeihubschrauberstaffel Thüringen - Germany,Habicht
HCA,,Lake Havasu Air Service - United States of America,Havasu
HCB,,Helenair (Barbados) - Barbados,Helen
HCC,,Heli and Co S.A. - Belgium,Helianco
HCF,,Helicopterflights Ltd. - Malta,Eagle
HCG,,Helicopteros de Guatemala - Guatemala,
HCH,,"Helicopteros del Caribe, C.A. (HELICA) - Venezuela",Helica
HCK,,Heli-Charter Ltd - United Kingdom,Heli-Charter
HCL,,Helenair Corporation Limited - St. Lucia,Helencorp
HCN,,Halcyon Air Bissau Airways - Guinea Bissau,Halcyon
HCP,,Helicopter - Czech Republic,Heli Czech
HCR,,1903 Aviation AB - Sweden,High Score
HCS,,Helicharter Wales Ltd - United Kingdom,Heliwales
HCT,,Cathelicopters S.L. - Spain,Rotorcat
HCX,,Aerocom Aviation Oy t/a Helsinki Citycopter - Finland,City Copter
HCZ,,Blocked -,
HDB,,HeliDubai Inc - United Arab Emirates,Helidee
HDC,,"Helicopteros de Cataluna, S.A. - Spain",Helicataluna
HDI,,"Hoteles Dinamicos, S.A. de C.V. - Mexico",Dinamicos
HDL,,Hendell Aviation Oy - Finland,Hendell
HDM,,Harley-Davidson Motor Company - United States of America,Hog
HDQ,,Blocked -,
HDR,,Helitrans AS - Norway,Helitrans
HDT,HN,Hadhramout Airways - Yemen,Hadhramout Airways
HEA,,"Heliavia-Transporte Aereo, Lda - Portugal",Heliavia
HEB,,Heli Bernina AG - Switzerland,Helibernina
HEC,,"Heliservicio Campeche, S.A. de C.V. - Mexico",Helicampeche
HED,,Heritage Aviation Developments Ltd. - United Kingdom,Flapjack
HEE,,"Heliejecutivo, S.A. de C.V. - Mexico",Heliejecutivo
HEF,,"HELIMAR - Helicopteros del Mare Nostrum, S.A. - Spain",
HEG,,J.J. Gradin Aviacion - Spain,
HEH,,Helitrans AG - Switzerland,
HEI,,Ricardo Hein B (Aerohein Ltda.) - Chile,Aerohein
HEL,,Helicol. Helicopteros Nacionales de Colombia - Colombia,Helicol
HEM,,"Helico de Mexico, S.A. de C.V. - Mexico",Hecomex
HEN,,"Helicopteros Y Vehiculos Nacionales Aereos, S.A. de C.V. - Mexico",Helinac
HEP,,"Oslo Politidistrikt, Helikoptertjenesten - Norway",Helipolice
HER,,Hera Flight - United States of America,Hera
HES,5Q,Holiday Europe Ltd. - Bulgaria,Holiday Europe
HET,,"Habock Aviation, S.L.U. - Spain",Helitaf
HEV,,"Helicopteros Ejecutivos, S.A. de C.V. - Mexico",Helijecutivo
HEW,,ASA Heli-Water Sp. z.o.o. - Poland,Heliwater
HEX,,Honiara Cargo Express - Solomon Islands,Honiara Cargo
HEY,,ZondaJet.com SP. Z.o.o. - Poland,Zonda
HEZ,,Arrow Aviation Ltd. - Israel,Arrow
HFA,E2,Air Haifa Ltd. - Israel,Air Haifa
HFD,,BCA Charters Ltd - United Kingdom,Highfield
HFJ,,"Shenzhen United Business Jet Co., Ltd. - China",Pangu
HFM,,Hi Fly Ltd. - Malta,Moonraker
HFR,,Heli France - France,Helifrance
HFY,5K*,"Springjet, S.A. t/a HiFly - Portugal",Sky Flyer
HGA,,Halla Airlines Limited - Somalia,Halla
HGB,HB,Greater Bay Airlines Company Limited - China,Great Bay
HGD,,"Korea Aerospace University - Korea, Republic of",Hangdae
HGE,,"Martins Famous Pastry Shoppe, LLC - United States of America",Hoagie
HGH,,Henley Air Pty Ltd - South Africa,Henley
HGK,,Fika Salaama Airlines Ltd. - Uganda,Salaama
HGM,,Prime Air Sdn. Bhd. - Malaysia,Mahsuri
HGO,HE,One Air Limited - United Kingdom,Hampton
HGR,,Hangar 8 Ltd. - United Kingdom,Hang
HGT,,"GMJ Air Shuttle, LLC - United States of America",Hightech
HHE,,Heli-holland B.V. - Netherlands,Heli Holland
HHH,,H H Helicopters Ltd - United Kingdom,Corinium
HHK,A7,Sky Shuttle Helicopters Limited - Hong Kong,Helihongkong
HHN,HR,Hahn Air Lines - Germany,Rooster
HHO,,"Houston Helicopters, Inc. - United States of America",Houston Heli
HHS,,Hi-Jet Helicopter Services N.V. - Suriname,Hijet
HIA,,"Haskin Aviation, LLC - United States of America",
HIB,,Helibravo Aviacao. Lda. - Portugal,Helibravo
HIC,,"Helicopteros Insulares, S.L. - Spain",
HIF,,Heli-Iberica Fotogrametria S.L. - Spain,Hifsa
HIG,,Heli-inter Guyane - Guyana,Inter Guyane
HIL,,Héli-Alpes SA - Switzerland,Heli Alpes
HIM,H9,Himalaya Airlines Pvt. Ltd. - Nepal,Himalaya
HIN,,"Holding International Group, S.A. de C.V. - Mexico",Holding Group
HIP,,"Starship, S.A. de C.V. - Mexico",Starsa
HIS,,"Hispaniola Airways, C. Por. A. - Dominican Republic",Hispaniola
HJA,,Air Haiti - Haiti,Air Haiti
HJC,,Heathrow Jet Charter Ltd. - United Kingdom,Rhionair
HJE,,"Servicios Ejecutivos Gosa, S.A. de C.V. - Mexico",Gosa
HJI,,Shiv Air Limited - Uganda,
HJL,,Hamlin Jet Ltd. - United Kingdom,Biz Jet
HJS,,Helijet SA - Spain,Mapi
HJT,,Al Rais Cargo agemcies L.L.C. - United Arab Emirates,
HKA,,"Superior Aviation, Inc. - United States of America",Spend Air
HKB,,Hawker Beechcraft Corporation - United States of America,Classic
HKC,RH,"Hong Kong Air Cargo Co., Ltd. - China",Mascot
HKE,UO,Hong Kong Express Airways Ltd - Hong Kong,Hongkong Shuttle
HKG,,Government Flying Service of Hong Kong Special Administrative Region - Hong Kong,Hongkong Government
HKH,,Air-Invest Ltd - Hungary,Hawkhungary
HKI,,Wachovia Flight Operations d/b/a Hawkaire - United States of America,Hawkeye
HKJ,,Hong Kong Airlines Corporate Jet Management Ltd - China,
HKL,,Hak Air Limited - Nigeria,Hak Airline
HKN,,"Jim Hankins Air Service, Inc. - United States of America",Hankins
HKO,,Helico ApS - Denmark,
HKR,,Tower Aviation Management LLC d/b/a A2V - United States of America,Data Bird
HKS,,CHC Helikopter Service AS - Norway,Helibus
HKV,,Inversiones Hucaven C.A. - Venezuela,Hucaven
HKW,,Northwestern Michigan College - United States of America,Hawk Owl
HLA,,Hellenic Army - Greece,Hellenic Army
HLB,,High-Line Airways Inc. - Canada,High-Line
HLC,,Helicap SA - France,Helicap
HLE,,UK HEMS - United Kingdom,Helimed
HLF,I9,"Zhongzhou Airlines Co., Ltd. d/b/a Central Airlines Co., Ltd. - China",Homeland
HLG,,Helicapital - Mexico,Helicapital
HLH,,Hala Air Co. - Sudan,Hala Air
HLI,HS,Heli Securite Helicopter Airline - France,Heli Saint-Tropez
HLJ,H3,Hello Jets S.r.l. - Romania,Hellojets
HLL,,Helicentre Liverpool Limited - United Kingdom,Fusion
HLM,,"Heli Midwest de Mexico, S.A. de C.V. - Mexico",Helimidwest
HLN,,Tayaran Alhilall Alnftti - Libyan Arab Jamahiriya,
HLO,,Samaritan Air Service Ltd. - Canada,Halo
HLP,,"Helipistas, S.L. - Spain",Helipistas
HLR,,Heli Air Services - Bulgaria,Heli Bulgaria
HLS,,Haiti Air Freight International SA - Haiti,
HLU,,Heli Union Heli Prestations - France,Heli Union
HLV,,"Heliservicio, S.A. de C.V. - Mexico",Servi Heli
HLW,,Heliworks Ltda. - Chile,Heliworks
HLY,,Heli Air Ltd - United Kingdom,Whisper
HMB,,CHC Global Operations - Canada,Hummingbird
HMC,,"Heliamerica de Mexico, S.A. de C.V. - Mexico",Heliamerica
HMD,,"Charlie Hammonds Flying Service, Inc. - United States of America",Hammond
HME,,Hermes Aviation Limited - Malta,Hergo
HMF,,Sjofartsverket - Sweden,Lifeguard Sweden
HMJ,,Harmony Jets Limited - Malta,Harmony Jets
HMO,,"Helicopter Operations Mexico, . De R.L. de C.V. - Mexico",Heli-Corp
HMP,,"Papair Terminal, S.A. - Haiti",Papair Terminal
HMX,,Hawk de Mexico S.A. de C.V. - Mexico,Hawk Mexico
HMZ,,Zafer Havacilik S.A. (Zafer Aviation) - Turkey,Air Turk
HNA,,Greek Navy (Hellenic Navy) - Greece,Hellenic Navy
HND,OI,Hinterland Aviation Pty Ltd - Australia,Hinterland
HNJ,,"Southern Jet Co., Ltd. - China",Southern Jet
HNL,,CHC Helicopters Netherlands - Netherlands,Mapleleaf
HNN,,Blocked -,
HNR,,Haiti National Airlines (HANA) - Haiti,Hanair
HNS,,Air Highnesses LLC - Armenia,Highnesses
HNT,,"Helicopteros Internacionales, S.A. de C.V. - Mexico",Helicop Inter
HNW,,"Honeywell International, Inc. - United States of America",Honeywell
HNX,,"Hainan Aviation Academy Co., Ltd. - China",Superb
HNZ,,NHV Cote d'Ivoire - Cote D'Ivoire,
HOB,,HL Aircraft LLC - United States of America,Hobby Jet
HOD,,Alhodhod Airline - Yemen,Hodhod
HOL,,"Holiday Airlines, Inc. - United States of America",Holiday
HOM,,"Aero Homex, S.A. de C.V. - Mexico",Aero Homex
HON,,Honda Aircraft - United States of America,Honda Test
HOP,A5,HOP! - France,Airlinair
HOR,,Horizon Air-Taxi Ltd. - Switzerland,Horizon
HOT,,Valletta Airlines Limited - Malta,Sunny Sky
HOV,,HoverFly Divisione SAM S.r.l. - Italy,Sky Elite
HOZ,,"Hozca Aviation, S.A. de C.V. - Mexico",Ozca
HPA,,Pearl Airways Compagne Haitienne - Haiti,Pearl Airways
HPE,,Imperative Products - United States of America,Hope air
HPJ,,"Hop-A-Jet, Inc. - United States of America",Hopa-Jet
HPK,O2,"Hopscotch Air, Inc. - United States of America",Hopscotch Air
HPL,,"Heliportugal - Trabalhos E Transporte Aereo, Representacoes, Importacao E Exportacao, Lda - Portugal",Heliportugal
HPN,,AirDialog LLC d/b/a Reliable Airlines - United States of America,Harpoon
HPO,,Almron Aviation Ltd - Uganda,Almron
HPP,,"Aviation Partner of Boynton Beach, LLC d/b/a Exjet Aviation - United States of America",Sky Hop
HPR,,Rick Lucas Helicopters Ltd. - New Zealand,Helipro
HPY,,"Happy Air Travellers Co., Ltd - Thailand",Happy Travel
HQA,,Quick Air-Trans Ltd. - Hungary,Willy Trans
HQO,,Avinor AS - Norway,
HRA,,"Heli-Iberica, S.A. - Spain",Erica
HRC,,"Harco Aviation, LLC - United States of America",Harco
HRD,,Marshall University Bill Noe Flight School - United States of America,Marshall Herd
HRE,,FFH Sudwestdeutsche Verkehrsfliegerschule - Germany,Hart Air
HRF,,Veterans Airlift Command - United States of America,Hero-Flight
HRM,,Hermes Airlines - Greece,
HRN,,Heron Luftfahrt Gmbh & Co. KG. - Germany,Heronair
HRS,,Pursuit Aviation - United States of America,Horseman
HRT,,Chartright Air Inc. - Canada,Chartright
HRV,,AirInter1 - Chad,Sahara-Service
HRZ,,Croatian Air Force (Hrvatsko Ratno Zrakoplovstvo) - Croatia,Croatian Airforce
HSB,,Szer-Bon RT - Hungary,Sarbon
HSC,,Heli Service Inc. - Japan,
HSE,,Heliscan AS - Norway,Heliscan
HSF,,Hanseo University - Republic Of Korea,Han-Seo Flight
HSG,,Hesnes Air AS - Norway,Sky Dolphin
HSH,,HASA - Hispanica de Aviacion S.A. - Spain,Hispanica
HSI,,Swiss Helicopter AG - Switzerland,Heliswiss
HSJ,,"Hebei Hongsheng Jet Co., Ltd - China",Baosheng
HSK,,Sky Europe Airlines Hungary - Hungary,Matra
HSM,,Helicopter Services Malta Limited - Malta,Helimalt
HSO,,Heli Service International GmbH - Germany,Heliservice
HSP,,"International Jet charter, Inc. d/b/a The Flying Hospital - United States of America",Hospital
HSR,,Helistar SA - Greece,Helistar
HSS,,"Compania Transportes Aereos Del Sur, S.A. - Spain",TAS Helicopteros
HST,HN*,UAB Heston Airlines JSC - Lithuania,Heston
HSV,,Heliservices (HK) Ltd. - Hong Kong,Vertiflight
HSW,,"Aerocombi, S.A. - Spain",Iberswiss
HSY,,Sky Helicopteros S.A. - Spain,Helisky
HSZ,,Heliswiss International AG - Switzerland,
HTA,,Heli Transair European Air Services GmbH - Germany,Heli Transair
HTB,,Helix-Craft Aviation - Panama,Helix-Craft
HTC,,"Haiti Trans Air, S.A. - Haiti",Haiti Transair
HTE,,"Midwest Helicopters de Mexico, S.A. de C.V. - Mexico",Helicoptersmexico
HTI,,"Haiti International Air, S.A. - Haiti",Haiti International
HTM,,HTM Helicopter Travel - Germany,Helitravel
HTN,,Haiti North Airline - Haiti,
HTP,,Hala Air - Libyan Arab Jamahiriya,Hala Express
HTR,,"Holstenair Lubeck, Luftverkehrsservice GmbH & Co. Betriebs-KG - Germany",Holsten
HTS,,Helistar S.A.S. - Colombia,Helisas
HTT,,650584 Alberta Inc t/a Latitude Air Ambulance - Canada,Heart Beat
HTY,,"Global Aeronautics Solutions Corp, S.L. t/a HELITY Copter Airlines - Spain",Helity
HUA,2G,Hungary Airlines Ltd. - Hungary,Hungary
HUB,,"Hub Airlines, Inc. - United States of America",Hub
HUC,,"Aerolineas de Tehuacan, S.A. de C.V. - Mexico",Lineas Tehuacan
HUD,,Horizons Unlimited - United States of America,Hud
HUE,,Haute Aviation AG - Switzerland,Haute
HUF,,Hungarian Air Force - Hungary,Hungarian Airforce
HUI,,"Aero Huilango, S.A. de C.V. - Mexico",Huilango
HUK,,Hungarian-Ukranian Airlines Ltd. - Hungary,Big Bird
HUN,,Solyom Hungarian Airways Air Service And Trading Ltd - Hungary,Hungarian
HUR,,Miami Air Charter - United States of America,Hurricane Charter
HUS,,Heussler Air Service Corp - United States of America,Heussler
HUT,,"Aerotransportes Huitzilin, S.A. de C.V. - Mexico",Aerohuitzilin
HUV,,Hunair Hungarian Airlines Ltd Co. - Hungary,Silver Eagle
HUY,,"Aero Transportes Del Humaya, S.A. de C.V. - Mexico",Aero Humaya
HVA,,"Newair, Inc. - United States of America",Haven-Air
HVK,,Turkish Air Force - Turkey,Turkish Airforce
HVN,VN,Vietnam Airlines Corporation - Vietnam,Vietnam Airlines
HVY,,Sky Bus S.A.C. - Peru,Lift Peru
HWD,,HPM Investments Ltd. - United Kingdom,Flitewise
HWH,,Helicopter World - Spain,Heliworld
HWK,,"Brainerd Helicopters, Inc. t/a Firehawk Helicopters - United States of America",Firehawk
HWS,,Storm Heliworks AB - Sweden,Storm
HXA,G5,"China Express Airlines Co., Ltd - China",China Express
HYA,HD*,Al-Haya Aviation - Iraq,Alhaya
HYC,,Hydro Air (PTY) Ltd. - South Africa,Hydro Cargo
HYD,,Hydro-Quebec - Canada,Hydro
HYH,,Heli Hungary Ltd. - Hungary,Helihungary
HYJ,,"Happy Jet Co., Ltd. - China",Happy Jet
HYM,H7,"CA HiSky SRL - Moldova, Republic of",Sky Moldova
HYN,,"Shenzhen Funian Jet Aviation Co., Ltd. - China",Fantasia
HYO,,Asturavia - Spain,
HYP,,Hyperion Aviation Ltd - Malta,Hyperion
HYR,,Airlink Airways Limited t/a Private Sky - Ireland,Highflyer
HYS,H4,HiSky Europe - Romania,Sky Europe
HYT,YG,"YTO Cargo Airlines Co., Ltd. - China",Quick Air
HYY,Y5,Hayways LLC - Armenia,Hayways
HZC,,Blocked -,
HZM,,Huzima - Ecuador,Huzima
HZR,,LOT Polish Airlines S.A. - Poland,Huzar
HZS,ZS*,Aviation Horizons Ltd. - Saudi Arabia,Horizon Sky
HZT,,Air Horizon - Togo,Horizon Togo
HZY,,"Hainan Lily Jet Co., Ltd. - China",Air Lily
IAB,,"Infinity Asia Co., Ltd - Thailand",Infinity Air
IAC,,Ibex Air Charter - Lebanon,Ibex Airlines
IAD,I5,AIX Connect Private Limited t/a Air India Express - India,Red Knight
IAE,IO,Closed Joint Stock Company IrAero - Russian Federation,IrAero
IAF,,Israeli Air Force - Israel,
IAG,,EPAG - Groupie Air France - France,EPAG
IAK,,International Air Cargo Corporation (IACC) - Egypt,Air Cargo Egypt
IAM,,Aeronautica Militare Italiana - Italy,Italian Airforce
IAN,QI,Ibom Airlines Limited - Nigeria,Ibom
IAR,V8*,"Iliamna Air Taxi, Inc. - United States of America",Iliamna Air
IAT,XB,International Air Transport Association - Canada,
IAT,XB,International Air Transport Association - Canada,
IAT,XB,International Air Transport Association - Canada,
IAV,,Island Aviation Ltd. - United Kingdom,Island Flyer
IAW,IA,Iraqi Airways - Iraq,Iraqi
IBB,NT,"Binter Canarias, S.A. - Spain",Binter
IBC,,Ibex Air Charter S.A.R.L. - Lebanon,Ibex Charter
IBE,IB,Iberia - Lineas Aereas de Espana - Spain,Iberia
IBG,,Springfield Air - United States of America,Ice Bridge
IBJ,,"Air Taxi & Charter International, S.L. - Spain",Ibertaxi
IBL,,IBL Aviation Ltd - Mauritius,Catovair
IBR,,Ibertour Servicios Aereos S.L.U. - Spain,Ibertour
IBS,I2,"Compania Operadora de Corto y Medio Radio Iberia Express, S.A.U - Spain",Iberexpres
IBT,,"Ibertrans Aerea, S.L. - Spain",Ibertrans
IBX,FW,"Ibex Airlines Co., Ltd - Japan",Ibex
IBY,,"International Business Aircraft, Inc. - United States of America",Central Stage
ICA,,Inversiones Tiryka C.A. - Venezuela,Tiryka
ICC,,Instituto Cartografico de Cataluna - Spain,Carto
ICE,FI,Icelandair - Iceland,Iceair
ICF,,ICS-Aero SM S.r.l. - San Marino,Incharter
ICG,,Icelandic Coast Guard - Iceland,Iceland Coast
ICH,,Intercontinental Airways (Gambia) Limited - Gambia,Intercontinental
ICI,,Viking International Airlines (VIA) - Finland,Iceman
ICL,5C,Challenge Airlines (IL) Ltd. - Israel,Cal
ICM,,Air Inter Cameroon - Cameroon,Inter-Cameroon
ICN,,Iconair (Pvt) Ltd. - Pakistan,
ICO,,International Civil Aviation Organization (ICAO) -,
ICP,,"Intercopters, S.A. - Spain",Choper
ICR,,"Eagle Aero, Inc. - United States of America",Icarus Flights
ICS,,CHC Ireland Designated Activity Company - Ireland,Irish Coastguard
ICU,,"Reignwood Asia Aviation Co., Ltd. - China",Asia Medical
ICV,C8,Cargolux Italia S.p.A. - Italy,Cargolux Italia
ICW,,"Icaro Servicios Aereos, S.L. - Spain",
ICY,,Intercity Air Sdn Bhd - Malaysia,Intercity
ICZ,,Blocked -,
IDA,,PT. Indonesia Air Transport. Tbk - Indonesia,Intra
IDB,,Lufthansa Aviation Training Switzerland AG - Switzerland,Youngbird
IDC,,Island Development Company Ltd - Seychelles,Island Dev
IDD,,"Albertsons, LLC - United States of America",Ida
IDG,,I.D.G. Technology Air - Czech Republic,Indigo
IDL,,"Ildefonso rodriguez, S.A. de C.V. - Mexico",Ildefonso
IDP,,Independent Air Freighters PTY Ltd. - Australia,Independent
IDR,,"Evelop Airlines Dominicana, S.A. d/b/a Iberojet - Dominican Republic",Mangu
IDT,,Illinois Department of Transportation - United States of America,Idot
IEI,,Esercito Italiano - Italy,Italian Army
IEK,,"INAER Euskadi, S.A. - Spain",Inaer Euskadi
IES,,Gomel Engineer's Institute of the Ministry for Emergency Situations - Belarus,
IFA,,FAI Rent-a-Jet GmbH - Germany,Red Angel
IFC,,Indian Air Force - India,Indian Air Force
IFF,,Interfreight Forwarding Ltd. - Sudan,Interfreighter
IFG,,Infinity Flight Group - United States of America,Infinity
IFI,,Air Lift A.A.E. - Greece,Hellas Lift
IFJ,,IFA - Instituto de Formacao Aeronautica - Portugal,Ifajet
IFL,,"IFL Group, Inc. - United States of America",Eifel
IFM,,iFly S.A. - Greece,Icopter
IFR,,"International Flight Resources, LLC - United States of America",
IFT,,Interflight (Air Charter) Ltd. - United Kingdom,Interflight
IFX,,International Flight Training Academy - United States of America,Ifta
IFY,,I fly Air Solutions Limited t/a i-FLY AiR - Kenya,Iflyer
IGA,TE*,SkyTaxi sp. z.o.o. - Poland,Iguana
IGC,,Iraq Gate - Iraq,
IGL,,Air Transport Iglesias S.A. - Venezuela,Atisa
IGM,,Aero Coatl Mexicano - Mexico,Aero Coatl
IGN,,Interguide Air Limited - Nigeria,Divine Air
IGO,6E,Interglobe Aviation Ltd. d/b/a Indigo - India,Ifly
IGS,,Isle Grande Flying School - United States of America,Isla Grande
IGT,GH,Georgian Airlines LLC d/b/a Aircompany Georgian Airlines - Georgia,Sky Ika
IGY,,NASA Mars - United States of America,Ingenuity
IHC,,Iran Helicopter Company - Iran,Heliran
IHE,,Interjet Helicopters - Greece,Intercopter
IHO,HJ,Seven Four Eight Air Services (K) Limited - Kenya,Umoja
IHP,,Babcock Mission Critical Services Portugal Lda. - Portugal,
IHS,,Thyrluthjonustan - Iceland,
IIC,,Inter Island Air Charter - Bahamas,Inter Air
IIG,,"International Company for Transport, Trade and Public Works - Libyan Arab Jamahiriya",Aldawlyh Air
IIL,,India International Airways (P) Ltd. - India,India Inter
IIN,,Inter Island Airlines Lda - Cabo Verde Islands,
IJA,,International Jet Aviation Services - United States of America,I-Jet
IJE,,Ivoire Jet Express - Cote D'Ivoire,Ivoire Jet
IJM,,International Jet Management GmbH - Austria,Jet Management
IJO,,International Jet Services Limited - United Kingdom,
IJR,,"Integra Jet, LLC - United States of America",Integra Jet
IJS,,"Silvair, Inc. - United States of America",
IJW,K8*,"InterJet West, Inc. - United States of America",Jet West
IKK,,IKI International Airlines - Japan,Ikiair
IKR,,Ikaros Fly ApS - Denmark,Ikaros
IKT,,National Aircompany Sakha Avia - Russian Federation,Sakha-Avia
ILC,,"Ilas Co., Ltd - Japan",
ILD,,"Ilerdair, S.L. - Spain",
ILE,,"Jet Port South, LLC - Russian Federation",
ILK,,Aero Airline PLC - Kazakhstan,Ilek
ILM,,Jetcapital Aviation - Portugal,Birdman
ILN,,Inter Air Lines (Pty) Ltd South Africa - South Africa,Inline
ILP,,ILPO Aruba Cargo N.V. - Aruba,
ILS,,"Servicios Aereos Ilsa, S.A. de C.V. - Mexico",Servicios Ilsa
ILU,,Institute of Aviation at Parkland College - United States of America,Illini
ILV,,IL-Avia - Russian Federation,Ilavia
IMC,,M/S IAMC (Pvt) Ltd. - Pakistan,My Charter
IMD,,"IMD Airways, S.L. - Spain",Jetbull
IME,,"Inner Mongolia Express Co., Ltd. - China",Lark Air
IMG,,"Imagine Air Jet Services, LLC - United States of America",Imagine
IMI,,"Imperial Aerotransporte, S.A. de C.V. - Mexico",Imperialaereo
IMJ,,Imperial Jet - Lebanon,
IML,,Island Air Limited - Fiji,Mal Air
IMO,,"Inversiones Moraima, C.A. - Venezuela",Invermoca
IMS,,Air Images - United Kingdom,Images
IMX,XM*,Zimex Aviation Limited - Switzerland,Zimex
INA,,Air1Air - Iran,Avicenna
INB,,Inter Build LLC - Tajikistan,Interbuild
ING,,"Avincis Aviation Iberia, S.A. - Spain",Inaer Galicia
INI,,Initium Aviation - Spain,Initium
INJ,,Interjet - Greece,Injet
INM,,"Inversiones Manduca, C.A. - Venezuela",Induca
INP,,F A Naval Del Peru - Peru,
INR,,Avincis Aviation España S.A.U. - Spain,Inaer Helicopteros
INS,,Inflite The Jet Centre - United Kingdom,
INT,,"Integra Map & Geoinfomormacion Consulting, S.L. - Spain",Integra
INV,,Invicta Aero Club Limited - United Kingdom,Invicta
IOA,I7,GSEC Monarch and Deccan Aviation Private Limited d/b/a IndiaOne Air - India,India First
IOE,,Island Oil Exploration Limited - Sao Tome And Principe,Island Oil
IOF,,"INAER Helicopteros Off-Shore, S.A. - Spain",Inaer Offshore
IOM,,Island Aviation And Travel Ltd. - United Kingdom,Isle Avia
ION,,Aire Aviation Ltd. - Malta,Gorrion
IOS,8Y,Isles of Scilly Skybus Ltd. - United Kingdom,Scillonia
IPA,,IPEC Aviation Pty. Ltd. - Australia,IPEC
IPD,,"Business Aviators, Inc. - United States of America",Intrepid
IPF,,Iraqi Prime Minister Office - Iraq,Iraqi Presidential Flight
IPT,,Interport Corporation - United States of America,Interport
IQP,,Happy Landings (Flight Training) - Pakistan,Iqra Pakistan
IQQ,,Caribbean Airways Ltd. - Barbados,Caribjet
IRA,IR,Iran Air - The Airline of Islamic Republic of Iran - Iran,Iranair
IRB,B9,Iran Airtour Airline - Iran,
IRC,EP,Iran Aseman Airline - Iran,Aseman
IRD,,Arvand Airlines - Iran,Arvand
IRE,,Pariz Air - Iran,Parizair
IRF,,Ta-Air Airline - Iran,Ta-Air
IRH,,Atlas Aviation Group - Iran,Atlas Avia
IRI,,Navidtec - Iran,Navid
IRJ,,Bonyad Airlines - Iran,Bonyad Air
IRL,,Irish Air Corps - Ireland,Irish
IRM,W5,Mahan Air - Iran,Mahan Air
IRN,,Blocked -,
IRO,,"CSA Air, Inc. - United States of America",Iron Air
IRR,,Tara Air Line - Iran,Tarair
IRS,,Sahand Airlines - Iran,Sahand Air
IRT,,Toos Airlines - Iran,Toos Air
IRU,,Chabahar Airline - Iran,Chabahar
IRV,,Safat Airlines - Iran,Safat Air
IRW,,Aram Airline - Iran,Aram
IRX,,Aria Tour - Iran,Aria
IRZ,,Saha Airlines Services - Iran,Saha
ISC,,"Air Service Canaima, C.A. - Venezuela",Air Service
ISH,,"Island Winds, Inc. - United States of America",Island Hop
ISL,,Flugfélag Austurlands - Iceland,Eastland
ISM,,AUO Aeroclub Aist-M - Russian Federation,Stork
ISP,,Jsky Airlines - Iran,Espadana
ISR,6H,Israir Airlines and Tourism Ltd. - Israel,Israir
ISU,,Indiana State University - United States of America,Indy State
ISV,,Avianca Honduras - Honduras,
ITA,,"Inter-Air, Inc. - United States of America",Cafex
ITC,,International Air Carrier Association (IACA) - Belgium,
ITE,,Aerotaxi S.r.o. - Czech Republic,Aerotaxi
ITF,,"Avita-Servicos Aereos, Lda - Angola",Air Avita
ITG,,Interlace Airlines Limited - The Gambia,Interlace
ITH,,International Trans-Air Ltd. - Nigeria,Intrans Nigeria
ITI,,iNTAIRLINE - France,Intairline
ITL,,Italfly S.r.l. - Italy,Italfly
ITM,,"Tab Associates, Inc. d/b/a Island Tyme - United States of America",Island Tyme
ITN,,"Industrias Titan, S.A. - Spain",Titanlux
ITP,,"International Trip Planning Services, LLC - United States of America",
ITR,,Intira (2009) Air Company Limited - Thailand,Flyintira
ITS,,"Inter-State Aviation, Inc. - United States of America",Inter-State
ITU,,"Intervuelos, S.A. de C.V. - Mexico",Interlos
ITY,AZ,Italia Transporto Aereo S.p.A. d/b/a ITA S.p.A - Italy,Itarrow
IVJ,,"Flight International, Inc. - United States of America",Invader Jack
IVN,,Ivoirienne de Transports Aeriens (I.T.A.) - Cote D'Ivoire,
IVR,,Burundaiavia - Kazakhstan,Rurun
IVS,,I.A.S. (Ivoire Aero Services) - Cote D'Ivoire,Ivoire Aero
IWL,,Island Wings Limited - Bahamas,Island Wings
IWY,JY,InterCaribbean Airways - Turks And Caicos Islands,Islandways
IXR,,iXAir Business Jets - France,X-Bird
IXT,,"Lineas Aereas de Ixtlan, S.A. de C.V. - Mexico",Ixtlan
IXX,,"Dolphin Express Airlines, Inc. - United States of America",Island Express
IYC,,Thebe Ingenieria y Consultoria S.A. de C.V. - Mexico,Aero Thebe
IYE,IY,Yemenia - Yemen Airways - Yemen,Yemeni
IZA,I8,Izhavia Public Stock Company - Russian Federation,Izhavia
IZC,,Blocked -,
IZG,,Zagros Airlines - Iran,Zagros
JAB,,Air Bagan Limited - Myanmar,Air Bagan
JAC,JC,Japan Air Commuter Co. Ltd. - Japan,Commuter
JAF,TB,TUI Airlines Belgium NV t/a TUI fly Belgium - Belgium,Beauty
JAG,AS*,Alpha Sky LLP - Kazakhstan,Tulpar
JAL,JL,Japan Airlines International Co. Ltd. - Japan,Japanair
JAM,,Sunline Airlines Ltd. - Kenya,Suntrack
JAN,,Janes Aviation Ltd. - United Kingdom,Janes
JAP,JZ,jetSMART Airlines Peru SAC - Peru,Red Smart
JAR,,Airlink Luftverkehrsgesellschaft mbH - Austria,Airlink
JAS,,"Jet Aviation Flight Services, Inc - United States of America",Jet Setter
JAT,JA,JetSMART SpA - Chile,Rocksmart
JAV,R5,Jordan Enterprise for Air Navigation and Aviation - Jordan,Jordan Aviation
JAX,,"Janair, Inc. - United States of America",Janair
JAY,,African Alliance Airlines - The Gambia,Afric Alliance
JAZ,,Jav-Avia Ltd - Georgia,Javavia
JBA,,Helijet International Inc. - Canada,Helijet
JBC,,Jetbee Czech s.r.o. - Czech Republic,Jetbee
JBD,,Jet Aviation Business Jets Deutschland GmbH - Germany,Magenta Jet
JBE,,"Sino Jet (Beijing) Co., Ltd - China",Sino Beijing
JBU,B6*,Jetblue Airways Corporation - United States of America,Jetblue
JCA,,Jet Power Aruba Charters & Transportation Company V.B.A. - Aruba,Spartan
JCB,,J C Bamford Excavators Ltd. - United Kingdom,JayCeeBee
JCH,,Trading Air Cargo - Mauritania,Trading Cargo
JCK,,Jackson Air Services Ltd. - Canada,Jackson
JCL,,Jetcall GmbH & Co. KG. - Germany,Jetcall
JCM,,"Secure Air Charter, LLC - United States of America",Secureair
JCN,,"Zhou Ji Airlines (Hainan) Co., Ltd. - China",Leap Jet
JCO,,Concierge U Limited t/a Jet Concierge Club Ltd - United Kingdom,Concierge
JCY,,"Aerius Management, LLC - United States of America",Jet City
JCZ,,Blocked -,
JDA,,J D Aviation Limited - United Kingdom,Jay Dee
JDC,,Deere And Company - United States of America,John Deere
JDE,,PT. Express Cargo Airlines - Indonesia,Airgo
JDI,,Jet Story Sp. z.o.o. - Poland,Jedi
JDL,JG,"Jiangsu Jingdong Cargo Airlines Co., Ltd. - China",Jingdong
JDP,,JDP France - France,Red Pelican
JDS,,"Jackson Demolition Service, Inc. - United States of America",Doctor Bird
JEC,J6,JetSMART Airlines S.A.S. - Colombia,Jetrock
JEE,,Ambjek Air Services Limited - Nigeria,Ambjek Air
JEF,,Jetflite Oy - Finland,Jetflite
JEI,,Jet Executive International Charter GmbH & Co KG - Germany,Jet Executive
JEJ,,"Jets Ejecutivos, S.A. - Mexico",Mexjets
JEK,,Jet Link - Israel,Jet Ops
JEM,,Pambele Aviation (Pty) Ltd - South Africa,Jemax
JES,WJ,JetSmart Airlines S.A. - Argentina,Smartbird
JET,,Svenskt Industriflyg AB - Sweden,Tradewind
JEV,,"Jets Ejecutivos Y Servicios, S.A. de C.V. - Mexico",Jets Ejec
JFA,,Jetfly Aviation S.A. - Luxembourg,Mosquito
JFL,,Jetfly Airlines GmbH - Austria,Blue Danube
JFU,,Jetfly Aviation UK Ltd - United Kingdom,Cricket
JFV,,Capital Air (Pty) Ltd - South Africa,Capital
JFY,,Foster Yeoman Ltd. - United Kingdom,Yeoman
JGA,,"Japan General Aviation Service Co., Ltd. - Japan",
JGB,,"Aerolineas Jet Global, C.A. - Venezuela",Jetglobal
JGJ,,"Jinggog Globaljet (Zhejiang) Jet Co., Ltd. - China",Global Jinggong
JHJ,,Mad Science Chamber LLC - United States of America,Camo
JHK,,"Xi'an Aviation Base Jinsheng General Aviation Co., Ltd. - China",Shengli
JHN,,"Johnson Air, Inc. - United States of America",Air Johnson
JIA,OH,PSA Airlines - United States of America,Blue Streak
JID,,"Air Condal, S.A. - Spain",Condal
JIG,,Sahih Airline Limited - Nigeria,Sahih
JIM,,Sark International Airways - United Kingdom,Sark
JIS,,Air Jupiter - Nigeria,Jupair
JIT,,"Jet It, LLC - United States of America",Jet It
JIV,,Jivair AB - Sweden,Jivair
JJA,7C,"Jeju Air Co. Ltd. - Korea, Republic of",
JJM,,Regional Geodata Air S.A. - Spain,Geodata
JJP,GK,Jetstar Japan - Japan,Orange Liner
JKA,,"Letiurneau University, School of Aeronautical Science - United States of America",Jacket
JKG,,Air Jet - Kazakhstan,Frunze
JKH,,Jetkontor AG - Germany,Jetkontor
JKN,,KSA Charters Ltd. d/b/a Junkanoo Air - Bahamas,Junkanoo Air
JKR,,"Justice Air, Inc. - United States of America",Joker
JKY,,Helicopter & Aviation Services Ltd. - United Kingdom,Jockey
JLA,,Aero JL S.A. de C.V. - Mexico,Aero Joe
JLB,,"Jhonlin Air Transport, PT. - Indonesia",Jhonlin
JLC,,Angelic Air LLC - United States of America,Angelic
JLF,,"International Air Charters, Inc. - United States of America",Jetlyft
JLG,,"Jet Logistics, Inc. - United States of America",Logistics
JLH,,"Centro de Servicio Aeronautico, S.A. de C.V. - Mexico",Cesa
JLJ,,Noble Air Charter - United States of America,Highborn
JLK,,Jet-Link AG - Switzerland,
JLN,,JetClub Malta Limited - Malta,Jetline
JLS,,Jet Line STP - Sao Tome And Principe,
JLT,,"Jetlink Express (T) Limited - Tanzania, United Republic of",
JMA,JM,Jambojet Limited - Kenya,Chui
JME,,EJME (Portugal) Aircraft Management Ltda - Portugal,Jetman
JMG,,Jet Management San Marino S.r.l. - San Marino,Tre Torre
JMH,,Jet Mach Mexico S.A. de C.V. - Mexico,Mex Jet
JMJ,,Sam Airways SAS - Senegal,Sam Airways
JMK,,JetMagic Limited - Malta,Jet Magic
JML,,Jet Aviation Flight Services (Malta) Ltd. - Malta,Malta Jet
JMM,,Joint Military Commission (JMC) Nuba Mountains - Sudan,Joicomair
JMP,,Business Wings Luftfahrtunternehmen GmbH - Germany,Jump Run
JMS,,Arc en Ciel Aviation S.A. - Senegal,Sky Aviation
JMT,,"Jomartaxi Aereo, S.A. de C.V. - Mexico",Jomartaxi
JNA,LJ,"Jin Air Co. Ltd. - Korea, Republic of",Jin Air
JNH,,"M & N Equipment, LLC d/b/a M & N Aviation - United States of America",Jonah
JNJ,,JoinJet A/S - Denmark,Join Jet
JNL,,JetNetherlands B.V. - Netherlands,JetNetherlands
JNN,,Blocked -,
JNS,,Jet Support Services Limited - Nigeria,African Queen
JNV,,"Jetnova de Aviacion Ejecutiva, S.A. - Spain",Jet Nova
JNX,,"Fly Dreams, LLC d/b/a JetNEXA - United States of America",Nexa
JNY,,"Journey Aviation, LLC - United States of America",Rock Band
JOB,,"Aerojobeni, S.A. de C.V. - Mexico",Jobeni
JOE,,Jet-Ops Europe Ltd - Bulgaria,Jet-Europe
JON,,Jonair Affärsflyg AB - Sweden,
JOS,L3,"DHL de Guatemala, S.A. - Guatemala",
JPA,,Operational Support Airlift Command (OSACOM) - United States of America,J-Pat
JPB,,Alerion Aviation - United States of America,Palmbeach Jet
JPH,,"Jetport SPB, LLC - Russian Federation",
JPJ,IM*,Aircompany Jupiter Jet LLP - Kazakhstan,Jupiterjet
JPK,,Jet Port Region LLC - Russian Federation,
JPL,,JetsPlus - United States of America,Sequoia
JPM,,Jetspremier - Mexico,Premier Jets
JPN,,Jeppesen UK Ltd. - United Kingdom,Jetplan
JPO,,"Jetpro, S.A. de C.V. - Mexico",Jetpro
JPQ,,"Jett Paqueteria, S.A. de C.V. - Mexico",Jett Paqueteria
JPR,,U.S. Department of Interior - United States of America,Jumper
JPT,,Prime Jet - United States of America,Primetime
JPV,,Jet Pool Network Luftverkehrs GmbH - Austria,Jetpool
JRE,,"LGM Enterprises, LLC t/a flyExclusive - United States of America",Jet Share
JRH,,J R Investments t/a Halsteds Aviation Corporation - Zimbabwe,Bluetip
JRN,,"Jet Rent, S.A. - Mexico",Jet Rent
JRO,,"Jetaerofuels, LLC - Russian Federation",
JRT,,JetRight Air Management - United States of America,Jetright
JRY,,Jet Ready - Spain,Jet Ready
JSC,,Jetstream Aviation Congo - Congo,Congo River
JSD,,B. J. Aviation d.o.o. - Slovenia,Alpok
JSF,,Jet Stream Charter d.o.o. - Slovakia,Bora
JSG,,B. J. Aviation Kft - Hungary,Boomair
JSH,,Jet-Stream Ltd. - Hungary,Stream Air
JSI,,JSC Jet Air Group - Russian Federation,Sistema
JSJ,,JS Air (Private) Limited - Pakistan,JS Charter
JSL,,"Northern Air Transport, Inc d/b/a SelectJet - United States of America",SelectJet
JSM,,JS Aviation - Finland,Liperi
JSN,,Suncor Energy Inc. - Canada,Jetsun
JSP,,"Jetstream Aviation, inc - United States of America",Spooler
JSS,,Jetstream International - Pakistan,
JST,JQ,Jetstar Airways Pty Limited - Australia,Jetstar
JSU,,"Jiangsu Jet Co., Ltd. - China",Su Jet
JSV,,"Jomo Air Service Co., Ltd - Japan",
JSW,,Jigsaw Project (Bristow Helicopters Ltd.) - United Kingdom,Jigsaw
JSX,XE,"Delux Public Charter, LLC d/b/a JSX Air - United States of America",Bigstripe
JSY,,Jung Sky d.o.o. - Croatia,Jung Sky
JTA,NU,"Japan Transocean Air Co., Ltd. - Japan",Jai Ocean
JTB,,Fly Dom N.V. d/b/a Jet Budget - Netherlands Antilles,
JTC,,Jetica - Russian Federation,Jetica
JTD,JP*,Jettime A/S - Denmark,Jet Time
JTE,WO*,National Jet Express Pty Ltd - Australia,Jetex
JTF,,Jet Time Oy - Finland,Jetfin
JTH,,JetHouse Limited - Malta,House
JTI,,Imperialjet Europe GmbH - Germany,Jetclipper
JTL,JL*,"Jet Linx Aviation, LLC - United States of America",Jet Linx
JTM,,"East Coast Flight Services, Inc - United States of America",Jet Coast
JTN,,"Jet Test International, LLC - United States of America",Jet Test
JTR,,Executive Aviation Serviecs Ltd. - United Kingdom,Jester
JTS,,Zeman Flugtechnik & Logistik GmbH - Germany,Jetservice
JTT,,Jet-2000 - Russian Federation,Moscow Jet
JTU,,Zhetysu - Kazakhstan,Zhetysu
JTW,,Jet Technics S.R.L. - Romania,Jetwing
JTX,,"Jet Aspen Air Lines, Inc. - United States of America",Jet Aspen
JTY,,Jetology GmbH - Austria,Jetology
JTZ,,"Nicholas Services, LLC - United States of America",Steel Jet
JUA,,Jupiter Airlines Limited - The Gambia,Jupiter Gambia
JUB,3J,Jubba Airways Limited d/b/a Jubba Airways - Somalia,Jubba
JUC,,Juba Cargo Services & Aviation Co. Ltd. - Sudan,Juba Cargo
JUM,,"Jump Aviation, S.L. - Spain",
JUP,,UAB Jump Air - Lithuania,Jump Air
JUR,,Ju-Air - Switzerland,Junkers
JUS,UJ*,"USA Jet Airlines, Inc. - United States of America",Jet USA
JVE,,Jive Aviation LP - Canada,Huron
JVW,,Jetview GmbH - Austria,Jetview
JWD,,"Jayawijaya Dirgantara, PT. - Indonesia",Wijaya Air
JWY,,"Jetways of Iowa, LC. - United States of America",Jetways
JWZ,,Paradise Jets - United States of America,Jetwise
JXA,,"Jet Access Aviation, LLC - United States of America",Jet Access
JXT,,Jetstream Executive Travel Ltd. - United Kingdom,
JXX,,Jinxiang Airlines - China,Coconut
JYA,JY*,"National Air Charters, Inc. - United States of America",Sun Biz
JYH,AQ,"Nine Air Co., Ltd. t/a 9air.com - China",Trans Jade
JYP,,"J & P Corporate Flights, S.A. de C.V. - Mexico",Corp-Flight
JYR,,Transports Aereo de Carga del Caribe S.A. TAECA - Panama,Taeca
JZA,QK,Jazz Aviation LP - Canada,Jazz
JZC,,Blocked -,
JZR,J9,Jazeera Airways - Kuwait,Jazeera
KAA,,"K-Aviation Co., Ltd. - Korea, Republic of",Avijet
KAC,KU,Kuwait Airways - Kuwait,Kuwaiti
KAD,,K&A Aviation LLC - United States of America,Rapid Air
KAE,,Kangala Air Express - Burkina Faso,Kangala
KAF,,Kyrgyz Air - Kyrgyzstan,Ak Shoumkar
KAG,,"Korea Aviation College - Korea, Republic of",Aviation College
KAH,,Kent Aviation Limited - Canada,Dekair
KAI,KI*,"KaiserAir, Inc. - United States of America",Kaiser
KAK,,Aviatrack - Kazakhstan,Aviatrack
KAL,KE,"Korean Air - Korea, Republic of",Koreanair
KAN,,Kansas Highway Patrol - United States of America,Kansas
KAP,9K,"Hyannis Air Service, Inc. d/b/a Cape Air - United States of America",Cair
KAR,EO,"Ikar, LLC t/a Pegas Fly - Russian Federation",Krasjet
KAS,,Air Company CAAS - Kyrgyzstan,Pegas
KAT,,Aero Tak Limited - Nigeria,Aero Tak
KAV,,Armenian Helicopters - Armenia,Armheli
KAW,,Kaz Air West - Kazakhstan,Kazwest
KAY,,K5-Aviation GmbH - Germany,Kayak
KAZ,,JSC Comluc KZ - Kazakhstan,Kazlux
KBA,,Kenn Borek Air Ltd. - Canada,Borek Air
KBD,,JetKey - France,Jet Key
KBJ,,Karnavati Aviation Private Limited - India,Karnavati
KBL,,Kabul Air Company - Afghanistan,Kabul Air
KBN,,Sriracha Aviation Co. Ltd. - Thailand,Kabin
KBS,,"Business Aero, LLC - Russian Federation",
KBV,,Kustbevakningen - Sweden,Swecoast
KBX,,IBEX – Usługi Lotnicze Sp. z o.o - Poland,Skybex
KBZ,K7,"Mingalar Aviation Services Co., Ltd. d/b/a Mingalar - Myanmar",Jade Air
KCE,,Irving Oil Transport Ltd. - Canada,Kacey
KCR,,Kolob Canyons Air Services - United States of America,Kolob
KCU,,Skyline Ulasim Ticaret A.S. - Turkey,Kocoglu
KCZ,,Blocked -,
KDA,,"Keuk Dong Dae - Korea, Republic of",Keuk Dong Dae
KDZ,,"Avior Technologies Operations, Inc. d/b/a Flightworks - United States of America",Kudzu
KEJ,,Kaz Air Jet JSC - Kazakhstan,Kazairjet
KEK,,Arkhabay LLC - Kazakhstan,Arkhabay
KEM,5Z,Cemair (Pty) Ltd. t/a Cemair - South Africa,Cemair
KEN,M5,"Kenmore Air Harbor, Inc. t/a Kenmore Air - United States of America",Kenmore
KER,,Kermas Aviation Ltd. - Malta,Kermas
KES,4I,"AIR ANTILLES, SEML d/b/a Air Antilles - Guadeloupe",Karibees
KEW,,Keewatin Air Ltd. - Canada,Blizzard
KEY,,"Key Air, LLC. - United States of America",Key Air
KFA,FK,Kelowna Flightcraft Air Charter Ltd. - Canada,Flightcraft
KFB,,"Superior Transportation Associates, Inc d/b/a STAjets - United States of America",Mission
KFC,,Kremenchuk Flight College - Ukraine,Kremenchuk
KFE,,Skyfirst Ltd. - Malta,Morito
KFK,,Aero Charter Krifka Ges mbH - Austria,Krifka Air
KFS,K9*,Kalitta Charters LLC - United States of America,Kalitta
KGA,,"Xinjiang Skylink General Aviation Co., Ltd. - China",Western Region
KGC,,Air KG - Kyrgyzstan,Salam Air
KGF,7B,Linhas Aéreas de Cabo Verde (LACV) d/b/a CVsky - Cabo Verde Islands,Blue Sharks
KGK,,Sky KG Airlines - Kyrgyzstan,Kyrgyz Sky
KGN,MN,Asman Airlines Air Company LLC - Kyrgyzstan,Manas Bird
KGT,,Knights Airlines Ltd - Nigeria,Knight-Liner
KGZ,R8,Sky FRU LLP - Kyrgyzstan,Sky Fru
KHC,,Kitty Hawk Airways - United States of America,Cargo Hawk
KHF,,Regional State Unitary Enterprise Khabarovsk Airlines - Russian Federation,Khabarovsk
KHH,DQ,Alexandria Airlines - Egypt,
KHI,,Air Karachi (Pvt.) Ltd. - Pakistan,Air Karachi
KHN,,"Khaan Airlines Co., Ltd. - Mongolia",
KHP,,Khozestan Photros Air Lines - Iran (Islamic Republic Of),Photros Air
KHR,,Khazar - Turkmenistan,Khazair
KHS,,Karen SA t/a Karen Helicopter Services - Switzerland,Karen Heli
KHT,,Khatlon Air - Tajikistan,Khatlon
KHV,K6,Air Cambodia Ltd. - Cambodia,Cambodia Air
KHX,,Knighthawk Express - United States of America,Rizz
KHY,,Khyber Afghan Airlines - Afghanistan,Khyber
KII,K5*,"Kalitta Charters II, LLC - United States of America",Dragster
KIM,,Skimaster Guinea Ecuatorial - Equatorial Guinea,Skimas
KIN,,Kinloss FTU - United Kingdom,Kinloss
KIP,,Kinnarps - Sweden,Kinnarps
KIW,,Royal New Zealand Air Force - New Zealand,Kiwi
KIX,,Kiss Air - United Kingdom,
KJD,,Forces Aeriennes Algeriennes - Algeria,Algerian Airforce
KJE,,KapaJet S.A. - Greece,Kapajet
KJT,,"Shanghai Kingjet General Aviation Co., Ltd. - China",Shanghai Kingjet
KKA,,Aeroavila Transortes Aereos - Venezuela,Avila
KKB,,"Air South, Inc. - United States of America",Khaki Blue
KKS,,Salem - Kazakhstan,Kokshe
KKU,,"Akku Air, Air Company LLC - Kazakhstan",Tengiz
KLA,,SKA SA Aircraft Leasing (Pty) Ltd - South Africa,
KLC,WA,KLM Cityhopper - Netherlands,City
KLD,,Air Klaipeda - Lithuania,Air Klaopeda
KLE,,"Rusaero, Center For Civil Aviation Services - Russian Federation",
KLJ,KJ*,JSC KlasJet - Lithuania,Class Line
KLM,KL,KLM Royal Dutch Airlines (Koninklijke Luchtvaart Maatschappij N.V.) - Netherlands,KLM
KLN,,Kaliningrad Air Enterprise - Russian Federation,Kaliningrad Air
KLR,,"Columbus Air Transport, Inc. - United States of America",Kay-Ler
KLX,,Kelix Air - Nigeria,Kelix
KLZ,,"Aerokaluz, S.A. de C.V. - Mexico",Aerokaluz
KMB,,Deltaq Engineering Aviation Limited - United Kingdom,Kemblejet
KMC,,"Kahama Mining Corporation - Tanzania, United Republic of",Kahama
KME,KR,"Cambodia Airways Co., Ltd. - Cambodia",Giant Ibis
KMF,RQ*,Kam Air - Afghanistan,Kamgar
KMI,8K,K-Mile Air Co. Ltd. - Thailand,
KMK,,"Kamaka Air, Inc. - United States of America",Kamaka
KMM,KM,KM Malta Airlines plc - Malta,Sky Knight
KMS,,Silk Road Airline - Kazakhstan,Silk Road
KMW,,Kostroma Air Enterprise - Russian Federation,Kostroma
KNA,KY,"Kunming Airlines Co., Ltd. - China",Kunming Air
KNE,XY,Flynas Company Closed Joint Stock owned by (NAS Holding) JSC - Saudi Arabia,Flynas
KNM,,G B Helicopters Ltd. - United Kingdom,Kingdom
KNN,,Blocked -,
KNT,,Flightpath Charter Airways Inc. - Canada,Kinetic
KNW,,"Kenai Aviation Operations, LLC - United States of America",Redoubt
KNY,,Kenley (RAF) - United Kingdom,Kenley
KNZ,,Executive Travel Air - United States of America,Kinze
KOA,,Euro-Flite Oy Ltd. - Finland,
KOB,,Kobo-Coop - 96 KFT - Hungary,Autoflex
KOC,,SetAir - Turkey,SetAir
KOK,,Horizon Air Service - United States of America,Koko
KOM,,Cosmo Lineas Aereas S.L. - Spain,Blackeagle
KON,,Aeroitalia Regional S.A. - Romania,Air Connect
KOR,JS,"Air Koryo - Korea, Democratic People's Republic of",Air Koryo
KOS,,Kosovaair - Yugoslavia,Kosova
KOT,,North - Kazakhstan,Sever
KOV,,Orlan-2000 - Kazakhstan,Orlan
KOW,,"Baker Aviation, LLC - United States of America",Rodeo
KOY,,Araiavia - Kazakhstan,Aleks
KPA,,Kun Peng Airlines Co. Ltd - China,Kun Peng
KPH,,Kazan Plant Of Helicopters - Russian Federation,Kama
KPJ,,Karthago Private Jet - Tunisia,
KPM,,"Sky Prim Air - Moldova, Republic of",Sky Primair
KPO,,"Fly Alliance, Inc. - United States of America",Krypto
KPS,,"Crystal Thai Airlines Co., Ltd - Thailand",Crystal Thai
KPT,,Kapital Aviation - United Kingdom,Balado
KQA,KQ,Kenya Airways - Kenya,Kenya
KRB,,Karibu Airways Company - United Republic Of Tanzania,Karibu Air
KRC,,New Zealand Air Defence Force - New Zealand,Kiwi Rescue
KRE,A4*,"Aerosucre, S.A. - Colombia",Aerosucre
KRF,,UK Royal / VIP Flights (in military aircraft) - United Kingdom,Kittyhawk
KRH,,UK Royal / VIP Flights (in civil chartered aircraft) - United Kingdom,Sparrowhawk
KRN,,Karinou Airlines - Central African Republic,
KRO,,"Kroonk, Air Agency Ltd. - Ukraine",Kroonk
KRP,V3,"Carpatair, S.A. - Romania",Carpatair
KRS,,Air Company Course-S - Russian Federation,Atlas
KRT,,Kirknewton (RAF) - United Kingdom,Kirknewton
KRV,,"Khoriv-Avia, State Enterprise - Ukraine",Khoriv-Avia
KSA,,KS Avia - Latvia,Sky Camel
KSF,,Kent State University - United States of America,Kent
KSH,,Kush Air - Uganda,King Kush
KSI,,"Air Kissari, Transporte Aereo - Angola",Kissari
KSK,,Mavi Baskent Insaat Turizm Ticaret Ve Sanayi A.S. - Turkey,
KSR,,Sanrise - Kazakhstan,Kazak Sunrise
KST,,PTL Luftfahrtunternehmen GmbH. - Germany,King Star
KSU,,Kansas State University - United States of America,K-State
KSV,,UN Humanitarian Relief Flights (Kosovo) -,Kosflight
KSZ,S6,Sunrise Airways S.A. - Haiti,
KTA,5K,K2 Airways Private Limited - Pakistan,City Link
KTB,,"UAB AK, Transaviabaltika - Lithuania",Transbaltika
KTC,KT,"AirAsia (Cambodia) Co., Ltd. - Cambodia",Red Naga
KTL,,P & P Floss Pick Manufacturers CC. - South Africa,Knottsberry
KTO,,"Aeroservicios Kratos, S.A. de C.V. - Mexico",Kratos
KTU,,"Korea National University of Transportation - Korea, Republic of",Transport Uni
KTV,,Kata Transportation Co. Ltd. - Sudan,Katavia
KUA,,"Kaua Transportes Aereos, S.A. de C.V. - Mexico",Transportes Kaua
KUG,,Government of Kuwait - Kuwait,Kuwaiti Gov
KUH,,Kush Aviation Co. Ltd. - Sudan,Kush Aviation
KUK,,Kudlik Aviation Inc. - Canada,Kudlik
KUL,,Aircompany Luk Aero - Kazakhstan,Lukira
KUS,,National Airways Corporation Cape Twon (PTY) Ltd. t/a National Airlines - South Africa,Kuswag
KUT,,Yakutsk Airlines Saue - Russian Federation,Yakutsk
KVA,,"Kavok Airlines, C.A. - Venezuela",Catatumbo
KVK,,"Olimp Air, LLC - Kazakhstan",Ponta
KVN,,Korea Aviation Co. Ltd - Republic Of Korea,Korea Aviation
KVP,,Air Kazakhstan Express - Kazakhstan,Kazex
KVS,,Kevis - Kazakhstan,Kevis
KVT,,K5 Transport Logistics (Pty) Ltd t/a K5 Aviation - South Africa,All Africa
KVZ,,Z-Aero Airlines Ltd. - Ukraine,
KWN,,"Kwena Air, South African Charter - South Africa",Kwena
KWX,,"Florida Aerocharter, Inc. d/b/a Air Key West - United States of America",Kay Dub
KXA,,"Jiangxi Express Commuter Aviation Co., Ltd. - Finder Air",
KXP,WW*,MJets Air Sdn Bhd - Malaysia,Xpress Kargo
KYA,,Yana Air Cargo (Kenya) Limited - Kenya,Yana Air
KYC,,Skybird Air Limited - Nigeria,Skybird Charter
KYD,,Sky Messaging (Pty) Ltd - South Africa,Skyad
KYE,GG,"Sky Lease I, Inc. t/a Sky Lease Cargo - United States of America",Sky Cube
KYR,,"Sky Aeronautical Services, S.A. de C.V. - Mexico",Sky Aeronautical
KZA,,Kurzemes Avio Ltd - Russian Federation,
KZC,,Blocked -,
KZH,,Zhezkawan-Air (Zhez Air) - Kazakhstan,Ulutau
KZM,,Phoebus Apollo Zambia - Zambia,Carzam
KZN,,Aviaservice LLC - Russian Federation,Kazanair
KZR,KC,Air Astana - Kazakhstan,Astanaline
KZU,GO*,ULS Havayollair Kargo Tasimacilik A.S. - Turkey,
LAA,LN,Libyan Airlines - Libyan Arab Jamahiriya,Libair
LAC,,Lockheed Aircraft Corp. - United States of America,Lockheed
LAD,,Lebanon Airport Development Corp. - United States of America,Ladco-Air
LAE,L7,Lineas Aereas Carguera de Colombia S.A. d/b/a LATAM Cargo Colombia - Colombia,Lanco
LAF,,Latvian Air Force - Latvia,Latvian Air Force
LAG,,Aviaiton Legacy - The Gambia,Avileg
LAH,,"L A Helicopter, Inc. - United States of America",Star Ship
LAI,,PT. Linkaviasi Asia Indonesia d/b/a Linkasia - Indonesia,Link Asia
LAJ,,Skyla Air Limited - Nigeria,Skyla Air
LAL,,Legend Airlines S.r.l. - Romania,Legend Airlines
LAM,TM,"LAM - Linhas Aereas de Mocambique SA d/b/a LAM, SA - Mozambique",Mozambique
LAN,LA,LATAM Airlines Chile - Chile,LAN
LAO,QV,Lao Airlines - Lao People's Democratic Republic,Lao
LAP,PZ,"TAM - Transportes Aereos del Mercosur, S.A. d/b/a LATAM Airlines Paraguay - Paraguay",Paraguaya
LAR,,"Lawrence Aviation, Inc. - United States of America",Lawrence
LAS,,Lions Air Skymedia AG d/b/a Skymedia - Switzerland,Lions Helicopter
LAT,,Lebanese Air Transport (Charter) Co. S.A.L. - Lebanon,Lebanese Air
LAV,AP,"Alba Star, S.A. d/b/a Alba Star.es - Spain",Albastar
LAW,,Link Airways Of Australia - Australia,
LAX,,Laminar Air S.L. - Spain,
LAY,,Layang-Layang Aerospace SDN. BHD. - Malaysia,Layang
LAZ,L0,Liz Aviation SA - Burkina Faso,Lizair
LBA,,"Liberia Airways, Inc. - Liberia",Liberia Airways
LBB,,Libyan Bluebird - Libyan Arab Jamahiriya,Libyan Bluebird
LBD,,Propellfly AS - Norway,Lightbird
LBE,,Elbee Airlines - India,Elbee Airline
LBF,,Air Force of Libya - Libyan Arab Jamahiriya,Libyan Airforce
LBI,,"Albisa, S.A. de C.V. - Mexico",Albisa
LBN,,Albanian Airways - Albania,Albanair
LBQ,,Quest Diagnostics - United States of America,Labquest
LBR,,Air Borealis Inc - Canada,Northlight
LBT,BJ,Nouvelair Tunisie - Tunisia,Nouvelair
LBY,,Executive Authority for Special Flights (EACS) - Libyan Arab Jamahiriya,
LBZ,,"Angkasa Super Service, PT. - Indonesia",
LCA,,Leconte Airlines - United States of America,Leconte
LCC,,The Lancair Company - United States of America,Lancair
LCH,,"Lynch Flying Service, Inc. - United States of America",Lynch Air
LCM,,"Lineas Aereas Comerciales, S.A. de C.V. - Mexico",Lineas Comerciales
LCO,UC,LAN Cargo S.A. d/b/a LATAM Cargo Chile - Chile,
LCR,,Libyan Arab Company For Air Cargo - Libyan Arab Jamahiriya,Libac
LCS,,Leuchars - United Kingdom,Leuchars
LCT,YQ,"Link Conexion Aerea, S.A. de C.V. d/b/a TAR México - Mexico",
LCV,,Smartlynx Airlines Cabo Verde - Cabo Verde Islands,Cabo Cat
LCY,,London City Airport Jet Centre - United Kingdom,London City
LCZ,,Blocked -,
LDA,LW*,Lauda Europe Ltd. - Malta,Beaufort
LDG,,Leading Edge Aviation Ltd. - United Kingdom,Edge
LDL,,Aerologic - Russian Federation,
LDN,,Al-Donas Airlines Ltd. - Nigeria,Aldonas Air
LDR,,"Aero Lider, S.A. de C.V. - Mexico",Aerolider
LDX,,SPARFELL Luftfahrt GmbH - Austria,Lauda Rush
LEA,,Leadair Unijet - France,Leadair
LEB,,Lebap - Turkmenistan,Lebap
LEC,,Linex - Central African Republic,Leca
LED,,Field Group Aviation AS - Norway,Sweeper
LEE,,Leeming FTU - United Kingdom,Javelin
LEG,,The Army Aviation Heritage Foundation - United States of America,Legacy
LEI,,Leasair International - United Kingdom,Leasair
LEJ,,FSH Aviation GmbH - Germany,Regulator
LEK,,Let J.S.C. - Czech Republic,Let-Air
LEL,,Leonesa de Aviacion S.L. - Spain,Leonavia
LEM,,Aviatsa (Aviacion Tecnologica S.A.) - Honduras,Lempiras
LEN,,"Lentini Aviation, Inc. - United States of America",Lentini
LEO,,Sunair Air One S.L. - Spain,Sun-Ole
LER,QL,"Linea Aerea de Servicio Ejecutivo Regional, C.A. d/b/a Laser - Venezuela",Laser
LET,,"Aerouneas Ejecutivas, S.A. de C.V. - Mexico",Mexale
LEU,,Lions Air Skymedia AG d/b/a Lions Air - Switzerland,Lionsair
LEV,,Leadair Ltd Israel Airlines - Israel,Sky Leadair
LEX,,Lexair Corporate Aviation - United States of America,Lexair
LFA,,L3Harris Airline Academy - United States of America,Bucky
LFC,,Aero Control Air Ltd. - Canada,Life Flight Canada
LFE,,Life Air Linhas Aereas S.A. - Brazil,Life Air
LFG,,"Let's Jett, Inc. - United States of America",Lets Jett
LFI,,"National Airways Corporation (Helicopters) Ltd, South Africa - South Africa",Aeromed
LFK,,Linkopings Flygklubb - Sweden,
LFL,,Executive Air - Zimbabwe,Life Flight
LFO,,DLR Deutsches Zentrum Fur Luft-Und Raumfahrt E.V. - Germany,Lufo
LFP,,Alfa Aerospace PTY Ltd. - Australia,Alfa-Space
LFR,,Atlantic Airfreight Aviation (Sao Tome) Ltd. - Sao Tome and Principe,Lanfreight
LFS,,Louella Freight Services - Zimbabwe,Louella
LFT,,Aerolift Company - Sierra Leone,Liftco
LGE,,Lego System A/S - Denmark,Lego
LGF,,"Legacy Airways, LLC - United States of America",Legacy Freight
LGI,,LG International Corporation - Republic Of Korea,Ell-Gee Air
LGJ,,Icejet - Iceland,
LGL,LG,Luxair - Luxembourg,Luxair
LGS,,LOT Ground Service Sp. z.o.o. - Poland,
LGT,6T,Longtail Aviation International Ltd - Bermuda,Longtail
LGU,,"Servicios Aereos Ejecutivos de La Laguna, S.A. de C.V. - Mexico",Laguna
LGZ,,Intergaz - Kazakhstan,Arna
LHA,GI,"China Central Airlines Co., Ltd. - China",Air Canton
LHB,,Liebherr-Aviation GmbH - Germany,Family
LHC,,A2B Heli (Charters) Limited - United Kingdom,London Eye
LHE,,Lion Helicopters S.r.o. - Czech Republic,Lion Heli
LHG,,"Aviation Leader General Aviation Co., Ltd - China",Air Leader
LHK,,Lahak Aviation Ltd. - Israel,Lahak
LHM,,Lockheed Martin - United States of America,
LHR,,Al Ahram Aviation - Egypt,Al Ahram
LHT,,Lufthansa Technik AG - Germany,Lufthansa Technik
LHX,VL,Lufthansa City Airlines GmbH - Germany,Cityair
LIC,,Asia Sky Lines - Tajikistan,Asialine
LID,,Alidaunia S.R.L. - Italy,Alida
LIE,,Al-Dawood Air Ltd. - Nigeria,Al-Dawood Air
LIF,,"Rocky Mountain Holdings, L.L.C. - United States of America",Lifecare
LIJ,,"Lineas Aereas San Jose, S.A. de C.V. - Mexico",Lineas Jose
LIK,,Ghiatsint-Rahat - Kazakhstan,Giasin
LIL,,SC Fly Lili S.r.l. - Romania,Lilies
LIN,,Linair - Hungarian Regional Airlines - Hungary,Linair
LIO,,Air Charter Ltd. (Leiguflug Isleifs Ottesen) - Iceland,
LIP,8I,Lipican Aer d.o.o. - Slovenia,Lipizan
LIR,,Minsk Aircraft Overhaul Plant - Belarus,Lisline
LIT,,Leisure One Fly S.r.l. - Italy,Leone
LJA,,Air Jamahiriya Company - Libyan Arab Jamahiriya,Air Jamahiriya
LJB,,Al Jabeer - United Arab Emirates,Al Jabeer
LJC,,Regency Jet Ltd. - United Kingdom,Little Jet
LJT,,Taxijet - Spain,Lifejet
LJY,,L.J. Associates d/b/a L J Aviation - United States of America,Eljay
LKA,,Luke Air - Malta,Luke Air
LKD,,LAT (Lignes Aeriennes du Tchad) - Chad,Latchad
LKE,8L,Lucky Air Co. Ltd - China,Lucky Air
LKF,,"Aviation Advisor, Inc. - United States of America",Lake Front
LKL,,Lakeland Aviation - United States of America,Lakeland
LKN,IN,PT. Nam Air - Indonesia,Namair
LKP,,"American Aviation, Inc. - United States of America",Lake Powell
LKS,,"Airlink Solutions, S.L. - Spain",Airlin
LKY,,"Air Solutions, LLC - United States of America",Lucky
LLA,,Servicio Leo Lopez S.A. de C.V. - Mexico,Leo Lopez
LLD,,"Lloyd Aviation, C.A. - Venezuela",Avia Lloyd
LLE,,Aerotransporte Convalles - Venezuela,Convalles
LLJ,,"Beijing Mayboune General Aviation Co., Ltd. - China",Mayboune Jet
LLK,,Life Line Aviation A.E. - Greece,Air Life
LLL,LK,Lao Skyway - Lao People's Democratic Republic,Lavie
LLM,YC,Yamal Airlines - Russian Federation,Yamal
LLN,,Allen Corporation of America - United States of America,Allen
LLO,,Operation Enduring Freedom - Canada,Apollo
LLR,9I,Airline Allied Services Limited d/b/a Alliance Air - India,Allied
LLS,,"Servicios Aereos Estrella, S.A. de C.V. - Mexico",Serviestrella
LLT,,Classic Jet - Lithuania,Classic Jet
LLY,,Let's Fly - Spain,Letsy
LMA,,"Aerolima, S.A. de C.V. - Mexico",Aerolima
LMB,,Aviakomi - Georgia,Aviakomi
LMC,,"Linea Aerea Mexicana de Carga, S.A. de C.V. - Mexico",Linea Decarga
LME,,Lignes Mauritaniennes Air Express - Mauritania,Limair Express
LMG,,South African Air Force - South Africa,South African
LMJ,,"Luxaviation E.A, S.A. - Portugal",Masterjet
LMK,,Grantex Aviation - United Kingdom,Landmark
LML,,Alamia Air - Libyan Arab Jamahiriya,Alamia Air
LMN,,"Lineas Aereas Monarca, S.A. de C.V. - Mexico",Lineas Monarca
LMR,,Lamra Ltd. - Sudan,Lamair
LMS,,Lomas Helicopters Ltd. - United Kingdom,Lomas
LMU,UJ,Almasria Universal Airlines - Egypt,Almasria
LMX,,"Aeronaves Especializadas en Transportaciones Aereas, S.A. de C.V. - Mexico",Aeroasesa
LNA,,"LNAir Air Services, S.L. - Spain",Elnair
LND,,Direct2 LLC - United States of America,Wild Lands
LNE,XL,Aerolane - Lineas Aereas Nacionales del Ecuador S.A. d/b/a LATAM Airlines Ecuador - Ecuador,LAN Ecuador
LNG,,Lockheed Martin Aeronautics Company - United States of America,Lightning
LNH,,Linea Aerea Nacional de Honduras S.A. de C.V. - Honduras,LASA
LNI,JT*,"Lion Mentari Airlines, PT. - Indonesia",Lion Inter
LNK,4Z,Airlink (Pty) Ltd. d/b/a Airlink - South Africa,Link
LNM,,"Liaoning Meridian Jet Co., Ltd. - China",Air Ring
LNN,,Blocked -,
LNQ,,Linksair Ltd - United Kingdom,Fastlink
LNR,,Compania Lineas Aereas Nacionales turisticas (LANTUR) - Dominican Republic,Lantur
LNS,,Lineas Aereas Nacionales (LANSA) - Ecuador,Lansa
LNX,,London Executive Aviation Ltd. - United Kingdom,Lonex
LOA,,Lonestar Airways - Liberia,Loneair
LOD,,JET24 GesmbH - Austria,Miraculix
LOG,LM,Loganair Limited - United Kingdom,Logan
LOJ,,Lojy Air - Egypt,
LOK,,Alok Air Co. - Sudan,Alok Air
LOL,RD*,Easycharter LLC - Georgia,Easy Charter
LON,,Legend of the Nile Aviation - Egypt,Misr
LOP,,Linton-On-Ouse FTU - United Kingdom,Linton on Ouse
LOR,,Leo-Air CC - South Africa,Leo Charter
LOS,,Lossiemouth FTU - United Kingdom,Lossie
LOT,LO,Polskie Linie Lotnicze LOT S.A. - Poland,Lot
LOU,,Air Saint Louis - Senegal,Air Saint Louis
LOX,,flyRICH LLC - United States of America,Lox Jet
LPC,,Alpine Aviation (Pty) Ltd - South Africa,Netstar
LPD,,UK Royal / H.R.H. Duke of York - United Kingdom,Leopard
LPE,LP,"Lan Peru, S.A. d/b/a LATAM Airlines Peru - Peru",Lanperu
LPL,,Lease-A-Plane International - United States of America,Lease-a-plane
LPR,,Lotnicze Pogotowie Ratunkowe - Poland,Ratovnik
LQS,,Lequios Airlines Co. Ltd. - Japan,Lequios
LRA,,Little Red Air Service - Canada,Little Red
LRB,,L R Airlines Ltd. - Czech Republic,Lady Racine
LRC,LR,Avianca Costa Rica S.A. - Costa Rica,LACSA
LRD,,Laredo Air - United States of America,Laredo Air
LRE,,Lasare Airline - Georgia,Aero Lasare
LRG,,"Soluciones Aereas de la Laguna, S.A. de C.V. - Mexico",Solaer Laguna
LRK,,Skyjet Aviation Services Limited - Nigeria,Skylark
LRN,,LRC - Linhas Aereas Ltda - Brazil,
LRQ,,Luxembourg Air Services S.A. - Luxembourg,Lux Rescue
LRR,,Lorraine Aviation - France,Lorraine
LRS,RZ*,Servicios Aereos Nacionales S.A. SANSA - Costa Rica,
LRT,,Liberty Jet Management - United States of America,Liberty Jet
LRW,,Al Rida Airways - Mauritania,Al Rida
LSA,,Leader S.r.l. - Italy,Leader Service
LSC,,Los Cedros Aviacion - Chile,Cedros
LSE,,"Linea se Aeroservicios, S.A. - Chile",
LSG,,Sky Golden Lachin - Tajikistan,Sky Lachin
LSH,,"Lott Ship Agency, Inc. - United States of America",
LSI,CP*,Aliscargo Airlines S.p.A. - Italy,Poseidon
LSJ,,Air Liaison Inc. - Canada,Liaison
LSK,,SkyLight JSC - Russian Federation,Skylight
LSL,,Leair Charter Services Ltd. - Bahamas,Lee Air
LSM,,Luxaviation San Marino S.r.l. - San Marino,Titan
LSN,,"VL Servicios Nacionales, S.A. de C.V. - Mexico",Servianl
LSO,,"Lone Star Communications, Inc. - United States of America",Starcom
LSP,,Spectrum Aviation Incorporated - United Kingdom,Air Tony
LSR,,"Alsace Air Service - Alsair, SA - France",Alsair
LST,,"Lesortec, S.A. de C.V. - Mexico",Lesortec
LSV,,Slovenian Ministry of Defence - Slovakia,Slovenian Airforce
LSX,,"Atlas Executive Air, S.A. - Spain",Atlas Exec
LTA,,"Leadership In Flight Training, LLC d/b/a LIFT Academy - United States of America",Lift
LTB,,Baltic Express Line - Latvia,Sky Bel
LTC,,"Charter JETS, UAB - Lithuania",Charter Jets
LTD,,Executive Express Aviation d/b/a JA Air Charter - United States of America,Lightspeed
LTG,M3,ABSA - Aerolinhas Brasileiras S.A. d/b/a LATAM Cargo Brasil - Brazil,Tamcargo
LTL,,Latvian Airlines - Latvia,Latavio
LTN,,"Aerolineas Latinas, C.A. - Venezuela",Latinas
LTP,,LATPASS Airlines - Latvia,Latpass
LTR,,Lufttransport A/S - Norway,Luft Transport
LTU,,LTU Lufttransportunterbehmen GmbH - Germany,Germanair
LTX,,Aerolytix International - San Marino,Lytix
LUA,,Luminair GmbH - Germany,Luminair
LUC,,Albinati Aeronautics S.A. - Switzerland,Albinati
LUE,,Aeroclub De Alicante - Spain,
LUK,,Global Sky - Russian Federation,Lukoil
LUS,,Lotus International Air - Equatorial Guinea,Lotmore
LUT,,Luft Cargo (PTY) Ltd. - South Africa,Lugo
LUV,,"RC Airlines Co., Ltd. t/a Really Cool Airlines - Thailand",Indy
LUX,,Luks Aviation S.r.l. - San Marino,Babylon
LVA,,30 West Aviation LLC t/a Hawaiian Globetrotter - United States of America,Akaal
LVB,,IRS Airlines - Nigeria,Silverbird
LVL,LL,"Fly Level Barcelona LH, SL d/b/a LEVEL - Spain",Dali
LVS,,"Insignia Aviacion, S.A. de C.V. - Mexico",Signia
LVT,,"Elevate Jet, LLC - United States of America",Elevate
LVU,6V,Levu Transporte Aereo e Logistica de Cargas S/A - Brazil,Levu Cargo
LVW,,Pacific Sky Aviation Inc - Canada,Longview
LWA,YL,Libyan Wings - Libyan Arab Jamahiriya,Libyan Wings
LWC,,"Transportes Aereos de Acapulco, S.A. de C.V. - Mexico",Transaca
LWG,BN,Luxwing Limited - Malta,Luxwing
LWL,,"Lowlevel, Lda - Portugal",Cub Driver
LXA,,"Luxaviation, S.A. - Luxembourg",Red Lion
LXC,,CAE Aviation - Luxembourg,Luxvan
LXE,,Amelia Executive GmbH - Austria,Sunwave
LXF,,Lynx Air International - United States of America,Lynx Flight
LXG,,Luxaviation Germany GmbH - Germany,Lux Aviation
LXJ,,"Flexjet, LLC - United States of America",Flexjet
LXM,,Luxaviation Malta Limited - Malta,Luqa
LXO,,Luxor Air - Egypt,
LXP,LU,Transporte Aereo S.A. d/b/a LATAM Airlines Chile - Chile,Lanex
LXR,,Sky Prime Malta Aviation Services Ltd. - Malta,Sky Luxury
LXS,,"Lynx Servicios Aereos, S.A. de C.V. - Mexico",Lynx Servicios
LXW,5A,"LaneXang Airways International Co., Ltd. - Lao People's Democratic Republic",Lanexang
LXX,,Libyan Express for Air Transport - Libyan Arab Jamahiriya,Libyanexpress
LYA,,Libyan Air Ambulance - Libyan Arab Jamahiriya,Libyan Air Ambulance
LYB,,Lynden Air Cargo PNG Ltd. - Papua New Guinea,Highlands
LYC,L2,"Lynden Air Cargo, LLC - United States of America",Lynden
LYD,,Lydd Air Ltd. - United Kingdom,Lyddair
LYF,,Lithuanian Air Force Safety Department - Lithuania,Lithuanian Airforce
LYH,,Yankee Lima Helicopteres - Guyana,Heliguyane
LYM,KG,Key Lime Air Corporation - United States of America,Key Lime
LYW,,Libyan Airways - Libyan Arab Jamahiriya,Libyan Airways
LYX,2N*,SmartLynx Airlines Malta Limited - Malta,Malta Cat
LZA,,"Lanza Air, S.L. - Spain",Aerolanza
LZB,FB,Bulgaria Air - Bulgaria,Flying Bulgaria
LZC,,Blocked -,
LZF,,Lease Fly - Portugal,Skylease
LZT,,Lanzarote Aerocargo - Spain,Baraka
MAA,M7,"Aerotransportes Mas de Carga, S.A. de C.V. t/a MasAir - Mexico",MAS Carga
MAB,,Airborne LiDAR Mapping A/S - Denmark,Mapping
MAC,3O,Air Arabia Maroc - Morocco,Arabia Maroc
MAD,,"Malone Aircharter, Inc. - United States of America",Malone
MAE,,Mali Air Luftverkehr Gesellschaft mbH - Austria,Mali Airexpress
MAF,B8*,Mister Air Transport Srl - Romania,Shipment
MAG,,NATO Alliance Ground Surveillance (AGS) - Italy,Magna
MAI,L6,Mauritania Airlines - Mauritania,
MAJ,,Mitsubishi Aircraft Corporation - Japan,Me Tack
MAK,,Maklee Air LLC - United States of America,Maklee
MAL,,Morningstar Air Express Inc. - Canada,Moringstar
MAN,,"Mannion Air Charter, Inc. - United States of America",Mannion
MAO,,Mayo Clinic - United States of America,Mayo
MAP,,"Altair Jets, C.A. - Venezuela",Altjets
MAQ,,"MAC Aviation, S.A. - Spain",Mac Aviation
MAR,MV,Air Mediterranean S.A. - Greece,Hellasmed
MAS,MH,Malaysia Airlines Berhad d/b/a Malaysia Airlines - Malaysia,Malaysian
MAT,,Maine Aviation Corporation - United States of America,Maine-Av
MAU,MK,Air Mauritius - Mauritius,Airmauritius
MAV,NR,Manta Aviation Pvt. Ltd. - Maldives,Sea Wing
MAW,,Mustique Airways - St. Vincent and the Grenadines,Mustique
MAX,,Max Aviation Inc. - Canada,Max-Aviation
MAY,,Malta Air Limited - Malta,Blue Med
MBA,,Avag Air Fur Luftfahrt - Austria,Avag Air
MBC,,"AIRJET – Exportação Aérea de Carga, Passageiros e Correios, Lda - Angola",Mabeco
MBE,,Martin-Baker Ltd. - United Kingdom,Martin
MBF,,"Mabe Flights, S.L. - Spain",Mabe Flights
MBG,,Zephyr Aviation Ltd - United Kingdom,Chalgrove
MBI,,"Mountian Bird, Inc. - United States of America",Mountain Bird
MBJ,,Tafarayt Jet - Morocco,
MBK,,Chrono Jet Inc. - Canada,Matblack
MBL,,First City Air Plc - United Kingdom,First City
MBO,,MB Aero - Belarus,Aerobal
MBR,,Brazilian Navy Aviation - Brazil,Brazilian Navy
MBS,,Mbachi Air/Ground Services Limited - Malawi,Mbachi Air
MBT,,"Province of Manitoba, Air Services Branch - Canada",Manitoba
MBU,DI,Marabu Airlines OÜ - Estonia,Marabu
MBV,,"Aeriantur-M - Moldova, Republic of",Aerem
MCA,,Mediterranean Coastal Airlines Ltd. - Malta,Coastal Clipper
MCB,,Beaver Air Service L.P. - Canada,Missinippi
MCC,,MCC Aviation - South Africa,
MCE,,Marshall Of Cambridge (Engineering) Ltd. - United Kingdom,Marshall
MCF,,M.A.C. Fotografica - Spain,Mac Foto
MCG,,SOS Helikoptern Gotland AB - Sweden,Medicopter
MCH,,McAlpine Helicopters Ltd. - United Kingdom,Macline
MCI,,Morocco Airways - Morocco,Morocco-Airways
MCJ,,"MicroJet, Inc. - Japan",
MCK,,aeroways GmbH - Germany,Maverick
MCL,,Medical Aviation Services Ltd. - United Kingdom,Medic
MCM,YO,Heli Air Monaco - Monaco,Heli Air
MCN,,Mac Dan Aviation Corporation - United States of America,Mac Dan
MCO,,"Aerolineas Marcos, S.A. de C.V. - Mexico",Marcos
MCP,,Marcopolo Airways - Afghanistan,Marcopolo
MCT,,"Transportacion Aerea del Mar de Cortes, S.A. de C.V. - Mexico",Trans Cortes
MCV,,"MTC Aviacion, S.A. de C.V. - Mexico",MTC Aviacion
MCW,,Aviation Machine Works - Centrafrique (AMW-Centrafrique) - Central African Republic,Machine Works
MCX,,Cargo Express - Mauritania,Mauricargo
MCY,,Ambulance Air Africa - South Africa,Mercy
MCZ,,Blocked -,
MDA,AE,Mandarin Airlines Ltd. - Taiwan,Mandarin
MDB,,"Vertical Aviation, LLC - United States of America",Marianas
MDB,,"Air Trek, Inc. d/b/a Med Jets - United States of America",Rescue Jet
MDC,,Emergency Medical Air Transport Services Ltd. t/a Airmedic - Canada,Airmedic
MDE,,Mauritanienne de Transport Aerien - Mauritania,Mauri-Trans
MDF,,Swiftair Hellas S.A. - Greece,Med-Freight
MDG,MD,Air Madagascar - Madagascar,Air Madagascar
MDI,,IAS Medical Ltd - United Kingdom,Medops
MDK,,Madikwe Charter CC - South Africa,Madikwe
MDN,,Mcdan Aviation San Marino S.r.l. - San Marino,Macdan
MDO,5M*,Mel Air Limited - Malta,Kuda
MDR,,"Compania Mexicana de Aeroplanos, S.A. - Mexico",Aeroplanos
MDS,,"McNeely Charter Services, Inc. - United States of America",Mid-South
MDT,,Sundt Air - Norway,Midnight
MDW,,Flyawesome Limited - Malta,Medwing
MDX,,Medair Charter (Pty) Ltd - South Africa,Medair
MDY,,Mediterranean Airways - Egypt,
MDZ,,Mid Airlines - Zimbabwe,Midanes
MEA,ME,Middle East Airlines - AirLiban - Lebanon,Cedar Jet
MEC,4X*,"Mercury Air Cargo, Inc. d/b/a Air Mercury - United States of America",Mercair
MED,,Med Airways - Lebanon,
MEF,,Air Meridian Limited - Nigeria,Empennage
MEH,,Mehr Airways - Iran,Mehr Airways
MEI,,"Merlin Airways, Inc. - United States of America",Avalon
MEJ,,"AirMed International, LLC - United States of America",Medjet
MEK,,"Med-Trans Of Florida, Inc. - United States of America",Med-Trans
MEM,,LLC Aircompany MERIDIAN - Ukraine,Meridian Cherry
MER,,"Methow Aviation, Inc. - United States of America",Methow
MET,,Meteorological Research Flight - United Kingdom,Metman
MFA,,Martyn Fiddler Associates - United Kingdom,Seahorse
MFB,,Mountain Flyers 80 Ltd - Switzerland,Mountainheli
MFC,,Canlink Aviation Inc. - Canada,East Wind
MFD,,"Monarch Air Group, LLC - United States of America",Freight Dog
MFG,,Mid Africa Aviation Company Limited t/a Fly Mid Africa - The Gambia,Mid Africa
MFJ,FW*,Solenta Aviation Mozambique - Mozambique,Seguro
MFL,,"Aero Mcfly, S.A. de C.V. - Mexico",Mcfly
MFP,,Maine Forest Service - United States of America,Forest Ranger
MFR,,Midline Air Freight - United States of America,Midline Freight
MFS,,"Miller Flying Services, Inc. - United States of America",Miller Time
MFT,,Multiflight Ltd - United Kingdom,Yorkair
MFX,C6,My Freighter Airlines - Uzbekistan,Whitebird
MFY,,"Medifly, S.A. de C.V. - Mexico",Medifly Mex
MFZ,,Mofaz Air - Malawi,Mofaz Air
MGA,,"M G Aviacion, S.L. - Spain",Mag Aviacion
MGB,,Coulson Flying Services Limited t/a Cranfield Flight Training - United Kingdom,Mockingbird
MGC,,Air Cargo Mongolia - Mongolia,Mongolia Cargo
MGE,P9*,Aero Micronesia Inc d/b/a Asia Pacific Airlines - Guam,Magellan
MGH,4M*,Mavi Gök Havacilik A.S. - Turkey,Mavi
MGI,,Marghi Air Limited - Nigeria,Marghi
MGK,,Mega - Kazakhstan,Megla
MGL,OM,MIAT - Mongolian Airlines - Mongolia,Mongol Air
MGO,,Mango MG Bird SA - Spain,Mango
MGP,,Arirang Aviation Limited - Bangladesh,Magpie
MGR,,Magna Air GES.m.b.H. - Austria,Magna Air
MGS,,"Aeromagar, S.A. de C.V. - Mexico",Aeromagar
MGV,,Megido Aviation - Israel,
MGW,XF,Mongolian Airways LLC - Mongolia,Great Mongolian
MGY,,Madagascar Airlines - Madagascar,Madagascar Airlines
MHA,,Mountain High Aviation - United States of America,Mountain High
MHC,,"Aero Jomacha, S.A. de C.V. - Mexico",Aero Jomacha
MHD,,Yas Air Kish - Iran (Islamic Republic Of),Yas Air
MHF,,Maritime Helicopters - United States of America,Air Maritime
MHH,,Mounthill Aviation Resource Services Ltd. - Nigeria,Mounthill
MHL,,Meridian Airlines Ltd - Nigeria,Hassimair
MHQ,,Skargardshavets Helikoptertjanst AB (SHT) - Finland,Helicare
MHR,,Air Shiraz - Iran,Air Shiraz
MHS,,Air Memphis - Egypt,Air Memphis
MHU,,Air Memphis - Uganda,Memphis Uganda
MHV,M2,MHS Aviation GmbH - Germany,Snowcap
MHY,,"Metron Aviation, Inc. - United States of America",
MIA,,"Mauria, Société Mauritanienne D'aviation - Mauritania",Mauria
MID,,"Waters-Aero Marine, Inc. - United States of America",Midcoast
MIE,,"Aero Premier de Mexico, S.A. de C.V. - Mexico",Aeropremier
MIF,,"Miras, Aviacompany - Kazakhstan",Miras
MIG,,"Russian aircraft Corporation - MIG, Federal Unitary Enterprise - Russian Federation",Mig Avia
MIK,,Motu Link Airline S.A.S. - French Polynesia,Aito
MIK,,"Meerblick, S.A. - Spain",Meerblick
MIL,,Blocked -,
MIM,,Millesime Aviation (MIM) S.A.S. - France,Millesime
MIN,ML*,MinRes Air Flight Operations Pty Ltd - Australia,Minres
MIO,,"Midas Airlines, C.A. - Venezuela",Mico
MIP,,The Mitre Corporation - United States of America,
MIR,,"Servicios Aeroes Mira, S.A. de C.V. - Mexico",Aeromir
MIS,,"Midstate Airlines, Inc. - United States of America",Midstate
MIT,,"Flight Line, Inc. - United States of America",Matco
MIZ,,"Desarrollo Milaz, S.A. de C.V. - Mexico",Milaz
MJA,,Almajara Aviation - Sudan,Majara
MJC,,"Mandarin Air Co., Ltd. - China",
MJE,,Empire Aviation Group - United Arab Emirates,Emjet
MJF,,Mjet GmbH - Austria,Em-Express
MJI,,"Majestic Jet, Inc - United States of America",Majestic Jet
MJJ,,Mjets Limited - Thailand,Speedy
MJL,,"Jet Line International Ltd. - Moldova, Republic of",Moldjet
MJN,,Royal Air Force Of Oman (Air Transport) - Oman,Majan
MJP,,Air Majoro S.A. - Peru,Air Majoro
MJR,,"Midamerica Jet, Inc. - United States of America",Major
MJS,,"Air Charters Worldwide, Inc t/a My Jet Saver - United States of America",Jet Saver
MJT,,"Madjet-Tranportes Aereos, S.A. - Portugal",Madjet
MKA,,Moka Airways - Yemen,Moka Air
MKB,,Mack Air - Botswana,Greentail
MKK,,"Macau Skylink International Cargo Airlines Co., Ltd. - Macau",Skylink Cargo
MKL,,"McCall Aviation, Inc. - United States of America",Mccall
MKS,,Pimichikamac Air Ltd. - Canada,Mikisew
MKT,,PT. Persada Perkasa AirNesia - Indonesia,Lasyita
MKY,,"Monky Aerotaxis, S.A. - Mexico",Monky
MLA,Q5*,"40-Mile Air, Ltd. - United States of America",Mile Air
MLB,,Manaf International Airways - Burundi,Manaf
MLE,,"Moldaeroservice - Moldova, Republic of",Moldaero
MLF,,Amal Airlines - Djibouti,Amal
MLG,,Malagasy Airlines - Madagascar,
MLH,4X,Avion Express Malta Ltd. - Malta,South Wind
MLI,,Mais Linhas Aereas S.A. - Brazil,Demais
MLL,,Aeroclub de Mallorca - Spain,Mallorca
MLM,,Comlux Malta Ltd - Malta,Luxmalta
MLN,,"Corporate Air, LLC - United States of America",Millennium
MLO,,"Servicios Aereos Milenio, S.A. de C.V. - Mexico",Milenio
MLS,,"Mall Airways, Inc. - United States of America",Mall-Airways
MLT,DB,Maleth Aero AOC Ltd - Malta,Maleth
MLX,,Malawi Express Limited - Malawi,Malawi Express
MMA,8M,Myanmar Airways International Company Ltd. - Myanmar,Myanmar
MMB,,Flydar Aviation LLC - Syrian Arab Republic,Flydar
MMD,6I,Alsie Express - Denmark,Mermaid
MMD,,Air Alsie A/S - Denmark,Mermaid
MME,,Multimedia Entertainment Group Air (Pty) Ltd t/a Mega - South Africa,Majestic Air
MMF,,NATO Support and Procurement Agency - Netherlands,Multi
MMG,,Aereo Ruta Maya - Guatemala,Ruta Maya
MMH,,"McMahon Helicopter Services, Inc - United States of America",Night Rider
MMI,,Marina Militare Italiana - Italy,Italian Navy
MMJ,,"Macau Jet International Co., Ltd. - Macau",Macaujet
MML,MR,Hunnu Air - Wings of Mongolia - Mongolia,Trans Mongolia
MMM,,Meridian Air Company - Russian Federation,Aviameridian
MMN,,"Pro Airways, LLC - United States of America",Minuteman
MMO,MT,Malta Air Travel Ltd d/b/a Malta MedAir - Malta,Malit
MMP,,AMP Incorporated - United States of America,Amp-Inc
MMS,,Saad (A320) Ltd - Cayman Islands,Musaad Air
MMU,,Roadrunner Aviation - United States of America,Sky Tour
MMX,X8,Airmax Cargo S.A. - Peru,Perumax
MMY,,IASCO Flight Training - United States of America,Marmot
MMZ,YU,"EuroAtlantic Airways Transportes Aereos, S.A. - Portugal",Euroatlantic
MNB,MB,MNG Airlines - Turkey,Black Sea
MNC,,M I T Airlines Ltd. - Canada,Muncie
MNE,4O,ToMontenegro d.o.o. d/b/a Air Montenegro - Montenegro,Mount Eagle
MNG,M0,Aero Mongolia - Mongolia,Aero Mongolia
MNH,,Monarch Airlines - United States of America,Monarch Air
MNK,,Metavia Airlines Pty. Ltd. - South Africa,Viamet
MNL,,Mountain Lion Aviation LLC - United States of America,Mount Lion
MNM,XN*,Manasik Aviation Company - Saudi Arabia,Manasik
MNN,,Blocked -,
MNR,,Mann Air Ltd. t/a Mann Air Charter - United Kingdom,Teemol
MNS,BM,Medsky Airways - Libyan Arab Jamahiriya,Medsky
MNT,5M,Montserrat Airways Ltd. t/a FlyMontserrat - Montserrat,Montserrat
MNV,,Maurtanienne Aerienne Et Navale - Mauritania,Navale
MNY,,Mooney Aircraft Corp. - United States of America,Mooney Flight
MOC,,"Aero Marat, S.A. de C.V. - Mexico",Aeromarat
MOD,,Aeroclube de Coimbra - Portugal,Mondego
MOG,,BAe Systems (Corporate Air Travel) Ltd. - United Kingdom,Felix
MOK,,Light Aircraft Association of The Czech Republic - Czech Republic,
MOL,,Shah Air - Kazakhstan,Bagdan
MOM,,Air Company Altair Limited Liability Company - Russian Federation,Rusalt
MOO,,Moonair - Israel,
MOP,,APA - Aeropublicitaria de Angola Lda - Angola,
MOS,,Misr Overseas Airways - Egypt,
MOW,,Mohawk Airlines - United States of America,Mohawk Air
MOZ,,SalzburgJetAviation GmbH - Austria,Mozart
MPA,,"Mid-Pacific Airlines, Inc. - United States of America",Mid Pac
MPC,,MPC Air d.o.o. Beograd (Novi Beograd) - Serbia,
MPH,MP,Martinair Holland N.V. - Netherlands,Martinair
MPJ,,MAP Management and Planning GmbH - Austria,Mapjet
MPL,,"Master Planner, Inc. - United States of America",
MPO,,"Transportes Aereos Amparo, S.A. de C.V. - Mexico",Amparo
MPR,,Empire Aviation Services Limited - Nigeria,
MQT,,Air ITM S.A.S. - France,Musketeer
MRA,,Martinaire - United States of America,Martex
MRB,,Centre Pankh Kazakhstan - Kazakhstan,Toma
MRC,,Martin Companies - United States of America,Martrans
MRD,,"Meridian Air Cargo, Inc. - United States of America",Meridian
MRE,,Namibia Commercial Aviation (Pty) Ltd. - Namibia,Med Rescue
MRF,,Mauritanienne Air Fret - Mauritania,Maur-Fret
MRH,,Marham FTU - United Kingdom,Marham
MRI,,"Servicios Aereos Moritani, S.A. de C.V. - Mexico",Moritani
MRM,,"Murmansk Aviation Enterprise, LLC - Russian Federation",Murman
MRN,,Missions Gouvernementales Francaises - France,Marianne
MRO,,"Morrison Flying Service, Inc. - United States of America",Morrison
MRP,,ABAS - Czech Republic,ABAS
MRR,,"West Isle Air, Inc. - United States of America",Mariner
MRS,,Escadron Royal Maroc - Morocco,
MRV,,LLC Xena - Ukraine,Xena
MRX,,Hermen's Markair Express - United States of America,Speedmark
MRY,,Air Marine - France,Air Marine
MRZ,,Medical Air Rescue Services (MARS) - Zimbabwe,Mars
MSA,M4,Poste Air Cargo S.r.l. - Italy,Mistral Wings
MSC,SM,Air Cairo - Egypt,
MSF,,"Minsheng International Jet Co., Ltd. - China",Minsheng
MSH,,"U S Marshals Service, U.S. Department Of Justice - United States of America",Marshalair
MSI,M9,"Motor-Sich, JSC - Ukraine",Motor Sich
MSK,,MAK.kg Airlines - Kyrgyzstan,Mak Airlines
MSM,,MaxAir S.A. 1984 t/a Aeromás - Uruguay,Aeromas Express
MSN,,"Milenium Air Servicios Aereos Integrados, S.A. de C.V. - Mexico",
MSP,,Servicio de Vigilancia Aerea Del Ministerio de Seguridad Publica - Costa Rica,Seguridad
MSR,MS,Egyptair - Egypt,Egyptair
MSS,,Global Aviation S.a.r.l. - Mauritania,Globe Master
MSX,,Egyptair Cargo - Egypt,Egyptair Cargo
MSY,,Massey University School Of Aviation - New Zealand,Massey
MTA,,"Mitchell Aero, Inc. d/b/a Gak/Mitchell Aero, Inc. - United States of America",Gak Aviation
MTB,,"Aerotaxis Metropolitanos, S.A. de C.V. - Mexico",Aerometropolis
MTD,7N,"MetroJets, LLC - United States of America",Matador
MTF,,Interjet - Italy,Interjet
MTG,,"Servicios Aereos M.T.T., S.A. de C.V. - Mexico",
MTH,,Massachusetts Institute Of Technology - United States of America,Research
MTJ,,Metrojet Limited - Hong Kong,Metrojet
MTK,,"Air Metack, Lda - Angola",Airmetack
MTL,MT*,RAF-Avia - Latvia,Mitavia
MTN,,"Mountain Air Cargo, Inc. - United States of America",Mountain
MTO,O8,Marathon Airlines - Greece,Marathon
MTP,,"Island Helicopters, Inc. - United States of America",Metrocopter
MTR,,"Metroflight, Inc. - United States of America",Metro
MTS,,"Med Jets, S.A. de C.V. t/a Jet Rescue Air Ambulance - Mexico",Medservice
MTU,,Middle Tennessee State University (MTSU) - United States of America,Blue Raider
MTV,,"Mountain Valley Air Service, Inc. - United States of America",Mountain Valley
MTW,,Mauritania Airways - Mauritania,Mauritania Airways
MTX,,"Multi Taxi, S.A. de C.V. - Mexico",Multitaxi
MUC,,Air Munich Aviation AG - Germany,Air Munich
MUG,,"Oracle Aviation, LLC - United States of America",Morningside
MUH,,Mukhtara Air - Indonesia,Mukhtara Air
MUI,R9*,Trans Executive Airlines of Hawaii t/a transair Express - United States of America,Transair
MUK,,Maersk Air Cargo UK Limited - United Kingdom,Blue Star
MUN,,"Aeromundo Ejecutivo, S.A. de C.V. - Mexico",Aeromundo
MUR,,Atlas Air Company - Russian Federation,Atlas Sky
MUS,,Air Adelphi Ltd. - St. Vincent and the Grenadines,Adelphi
MVA,,"Mississippi Valley Airways, Inc. - United States of America",Valair
MVE,,Move Aircraft Flight Solutions Ltd. t/a Move - Malta,Move Flights
MVG,,"Moldova - Moldova, Republic of",Moldova-State
MVI,,Metro Business Aviation Ltd. - United Kingdom,
MVJ,,"Macair, Inc. d/b/a Mira Vista Aviation - United States of America",Mira Vista
MVK,,"North Star Aviation, Inc. - United States of America",Minn State
MVP,,"Premier Air, Inc. d/b/a Premier Private Jets - United States of America",Allstar
MVR,,Maverick Airways Corporation - United States of America,Mav-Air
MVS,,Senok Aviation (Pvt) Ltd. - Sri Lanka,Air Senok
MVY,,Vim-Aviaservice Ltd - Russian Federation,
MWG,MY,Maswings Sdn Bhd d/b/a AirBorneo - Malaysia,
MWH,,Elemental Aviation Limited Company - United States of America,Mega Watt
MWI,3W*,Malawian Airlines 2014 t/a Malawi Airlines - Malawi,Malawian
MWL,,"Gerlach & Assoc., LLC d/b/a Midwest Air Link - United States of America",Midwest Airlink
MWM,WD,Modern Transporte Aereo De Carga S.A. d/b/a Modern Logistics - Brazil,Modernair
MWN,,Max Air SA Niger - Niger,Max Niger
MWR,,Raslan Air Service - Egypt,Raslan
MWS,,Malta Wings Company Limited - Malta,Malta Wings
MWT,,"Midwest Aviation Division, Inc. - United States of America",Midwest
MWW,,Midwest Wings - Cameroon,
MWY,,Mauritanienne Airways - Mauritania,Mauritanienne
MXA,XN,"Grupo Aeroportuario, Ferroviario de Servicios Auxiliares Y Conexoos, Olmeca-Maya-Mexica, S.A. de C.V. - Mexico",Mexicana
MXB,,"Mex Blue, S.A. de C.V. - Mexico",Mex Blue
MXD,OD,Malindo Airways Sdn Bhd d/b/a Batik Air - Malaysia,Malindo
MXE,,Mozambique Expresso - Mozambique,Mozambique Express
MXF,,"Maximum Flight Advantages, LLC - United States of America",Maxflight
MXG,,Terrex Group - Czech Republic,Maxig
MXM,6M,Maximus Airlines - Ukraine,Maxlines
MXO,,"Aerotaxi Mexicano, S.A. de C.V. - Mexico",Mexaero
MXP,,"May Air Xpress, Inc. - United States of America",Beechnut
MXQ,,"Transportes Aereos Mexiquenses, S.A. de C.V. - Mexico",Mexiquenses
MXR,,Maxin Air (Pvt) Ltd - Pakistan,Maxin Air
MXS,M2*,"Sunrise Airlines, Inc. d/b/a Millon Express - United States of America",Millon Express
MXT,,"Mexico Transportes Aereos, S.A. de C.V. - Mexico",Transmex
MXU,,Maximus Air Cargo - United Arab Emirates,Cargo Max
MXX,,Merchant Express Aviation - Nigeria,Merchant
MXY,MX,"Breeze Aviation Group, Inc. t/a Breeze Airways - United States of America",Moxy
MYB,,"Aerolineas Del Mayab, S.A. de C.V. - Mexico",Delmayab
MYC,,"Mayan Crew Air, S.A. de C.V. - Mexico",Mayan Crew
MYD,2M,Maya Island Air - Belize,Myland
MYF,,"Myflight, S.A. de C.V. - Mexico",My Flight
MYJ,,My Jet - Romania,My Jet
MYK,,"Beijing Mykylin General Aviation Co., Ltd. - China",Mylin
MYO,,"Dominguez Toledo, S.A. (Grupo Mayoral) - Spain",Mayoral
MYP,7Y,Mann Yadanarpon Airlines Co. Ltd. - Myanmar,
MYS,,"Aero Yaqui Mayo, S.A. de C.V. - Mexico",Aero Yaqui
MYU,3Y,PT. My Indo Airlines - Indonesia,Indo
MYV,,"Lineas Aereas del Mayab, S.A. de C.V. - Mexico",Lineas Mayab
MYX,,Smartlynx Airlines Estonia - Estonia,Tallinn Cat
MZB,,Zebu Air - Malawi,Zebu
MZC,,Blocked -,
MZH,,Mersal Air Cargo - United Arab Emirates,Mersal
MZI,,"Zorte Air, LLC - Mongolia",Zorte
MZN,,"Aviation Specialties Unlimited, Inc. - United States of America",Amazon
MZT,,"First Mandarin Business Aviation Co., Ltd. d/b/a ZYB Lily Jet - China",Zhong Tai
MZY,,Mermoz-Academy - France,Mermoz
NAC,NC,"Northern Air Cargo, LLC. - United States of America",Yukon
NAD,,Tinadar Aviation d.o.o. d/b/a Tinadar Jets - Serbia,Tinadar
NAE,9Y*,National Airways plc - Ethiopia,National
NAF,,Royal Netherlands Air Force (Koninklijke Luchtmacht) - Netherlands,Netherlands Air Force
NAG,,NAEW&C Force E-3A Fleet - Germany,Nato
NAH,,Nahanni Air Services Ltd. - Canada,Nahanni
NAI,NG,NOVAIR LLC - Armenia,Novair
NAK,,ENAC - France,Enacschool
NAL,,Northway Aviation Ltd. - Canada,Northway
NAM,,Government Air Transport Services (GATS) - Namibia,Nam
NAP,,"Napier Air Service, Inc. - United States of America",Napier
NAT,,"North Atlantic Air, Inc. - United States of America",Mass Air
NAV,,Nav Flight Planning - Czech Republic,Nav Dispatch
NAW,,Nass LLC - Russian Federation,
NAX,DY,Norwegian Air Shuttle A.S. t/a Norwegian - Norway,Nor Shuttle
NAY,,NAYSA Servicios Aereos S.L. - Spain,Naysa
NAZ,,"Servicios Aereos Del Nazas, S.A. de C.V. - Mexico",Nazas
NBR,,Haughey Air Ltd - United Kingdom,Norbrook
NBT,N0,Norse Atlantic Airways AS - Norway,Longship
NCA,KZ,Nippon Cargo Airlines - Japan,Nippon Cargo
NCB,,North Caribou Flying Service Ltd. - Canada,North Caribou
NCC,,"T3 Aviation, Inc. - United States of America",Starfleet
NCG,,Nederlandse Kustwacht - Netherlands,Netherlands Coastguard
NCJ,,North Central - United States of America,North Central
NCL,,ACA-Ancargo Air Sociedade de Transporte de Carga Lda - Angola,Ancargo Air
NCO,,Natalco Air Lines - Sao Tome and Principe,Natalco
NCP,,Capital Airlines Limited - Nigeria,Capital Shuttle
NCR,N8,"National Air Cargo Group, Inc. d/b/a National Airlines - United States of America",National Cargo
NCS,,Simpson Air Ltd. - Canada,Commuter Canada
NCZ,,Blocked -,
NDD,,Nordend S.r.l. - Italy,Nordend
NDF,,Namibian Defence Force - Namibia,Namibian Airforce
NDG,,"Medimpact Holdings, Inc. - United States of America",Sandog
NDJ,,Maiba Airways - Chad,Bassamat
NDL,,Chrono Aviation Inc. d/b/a Chrono Aviation - Canada,Needle
NDN,,Aerolineas Andinas - Venezuela,Andinas
NDS,,Nordstress (Australia) Pty Ltd. - Australia,
NDT,,"ND Aerotaxis, S.A. de C.V. - Mexico",ND Aerotaxis
NDU,,University of North Dakota - United States of America,Sioux
NDY,,Normandie Aviation - France,Normandie
NEB,,"Dept. Of Aeronautics, State Of Nebraska - United States of America",Nebraska
NEE,,Northeast Airlines - United States of America,Northeast
NEG,,"Linea Aerea de Fung. Aguas Negras, S.A. - Chile",Aguas Negras
NEJ,,Netjets Business Aviation Limited - China,Net Business
NEL,,NELLA Linhas Ltda. - Brazil,Nella
NEN,,North-East Airlines Ltd. - Nigeria,Northeast Swan
NEO,,"Aeronautica del Principado, S.L. - Spain",
NER,,"Air Newark, Inc. - United States of America",Newair
NES,,North East West South Airlines AB - Sweden,News
NET,,Network Aviation Services (Nig) Ltd. - Nigeria,Network
NEW,,Northeastern Aviation Corporation - United States of America,Northeastern
NEX,,Northern Executive Aviation Ltd. - United Kingdom,Neatex
NEZ,,"New England Air Express, Inc. d/b/a New England Air Express - United States of America",Engair
NFA,,North Flying A/S - Denmark,North Flying
NFE,,Nordicflite Oy Ltd - Finland,Nordic Blue
NFF,,Aircraft Support and Services - Lebanon,
NFL,,Northaire Freight Lines Ltd. - United States of America,Great Lakes
NFS,,Afrique Cargo Service Senegal - Senegal,
NFX,,"Netflix, Inc. - United States of America",Sunset
NFY,,Noafly Aviation - Luxembourg,Noalux
NGA,,NG Servicios Aéreos SpA - Chile,Patagon
NGC,,"Angoservice, Lda. - Angola",
NGF,,Air Charity Network - United States of America,Angel Flight
NGH,,"Midwest Flying Service, Inc. - United States of America",Night Howler
NGL,VM,Max Air Limited - Nigeria,Maxair Nigeria
NGN,KK,LEAV Aviation GmbH - Germany,Yoda
NGO,,"Air-Angol Sociedad Aeronautica, Lda. - Angola",Air Angol
NGR,,Nigerian Air Force - Nigeria,Nigerian Air Force
NGS,,"Nagesa, Compania Aerea - Equatorial Guinea",Nagesa
NGV,,Angoavia - Angola,Angoavia
NGX,,Nigerian Global - Nigeria,Air Global
NHA,,"Nantucket Shuttle/Horizon Air Charter, Inc. - United States of America",Shuttleflight
NHC,,Northern Helicopter GmbH - Germany,Northern
NHD,,NHV A/S - Denmark,Nemo
NHE,,Nord Helikopter - Norway,Nord
NHK,,"United States Government, Federal Aviation Administration - United States of America",Nighthawk
NHL,,Northumbria Helicopters Limited - United Kingdom,Northumbria
NHN,,"Mongolyn Alt Mak Co., Ltd - Mongolia",
NHR,,Nuevo Morizonte Internacional S.A. de C.V. - Mexico,Nuevo Horizonte
NHS,,Helisys Japan Inc. - Japan,
NHT,,New Heights 291 (PTY) Ltd. - South Africa,Newheights
NHV,,NHV Aviation - Ghana,
NHX,,Noordzee Helikopters Vlaanderen - Belgium,Evo
NHZ,,NHV Helicopters Ltd - United Kingdom,Gold
NIA,NP,Nile Air - Egypt,Nile Bird
NIC,,Northern Illinois Commuter - United States of America,Illinois Commuter
NIE,,"Aeroejecutiva Nieto, S.A. de C.V. - Mexico",Aeronieto
NIG,N2,Aero Contractors Company of Nigeria Ltd. - Nigeria,Aeroline
NIL,,Blocked -,
NIM,,Airnimbus - Portugal,Nimjet
NIN,6N,Niger Airlines S.A. - Niger,Niger Airlines
NIS,,DSP Helicopters Limited - United Kingdom,Nevis
NIT,,Middle Georgia State College - United States of America,Nighttrain
NJA,,"New Japan Aviation Co., Ltd. - Japan",Shin Nihon
NJC,,"Nashville Jet Charters, Inc. - United States of America",Nashville Jet
NJE,,"Netjets, Transportes Aereos, S.A. - Portugal",Fraction
NJF,,Netjets Middle East - Saudi Arabia,Sunjet
NJJ,,Flynas Company - Saudi Arabia,
NJM,,"Northern Jet Management, Inc. - United States of America",Northern Jet
NJR,,"Norjet, S.A. de C.V. - Mexico",Norjet
NJS,,Cobham Aviation Services Australia - Australia,
NJU,,Netjets Air Transport UK Limited - United Kingdom,Artisan
NJX,,Neojets Srl - Romania,Neojets
NJZ,,"Corporate Air Travel, LLC - United States of America",Neojet
NKA,,Anka Aviation Cargo - Egypt,Anka Cargo
NKE,,Napkelet Airlines - Hungary,Sun East
NKH,,Norsk Helikopterservice AS - Norway,Helinor
NKL,,Istithmar World Aviation - United Arab Emirates,Nakheel
NKP,S5*,Abakan Air LLC - Russian Federation,Abakan Air
NKY,,"Aeromonky, S.A. de C.V. - Mexico",
NKZ,,Aerokuzbass Ltd. - Russian Federation,Novokuznetsk
NLA,,"Peninsula Airways, Inc. t/a PenAir - United States of America",Peninsula
NLC,,Nelair Charter (PTY) Ltd. - South Africa,Nelair
NLE,,FAA - WJH Technical Center Air Shuttle Program - United States of America,Nellie
NLF,,Westair Aviation Inc. - Canada,Northern Life
NLG,,Nel Cargo - Cote D'Ivoire,Nelcargo
NLH,,Norwegian Long Haul AS - Norway,Norstar
NLJ,,"New Loong Jet Co., Ltd. - China",New Dragon
NLL,,Northafrican Air Transport - Libyan Arab Jamahiriya,Northafrican Air
NLM,,No Limits Air - Spain,
NLP,,Northern Aviation Company Limited - Lao People's Democratic Republic,Norav
NLT,,Newfoundland Labrador Air Transport Ltd. - Canada,Nalair
NLW,,Nile Wings Aviation Services - Sudan,Nile Wings
NMA,NE,Nesma Airlines Company Ltd. - Egypt,Nesma
NMG,9D,"Tianjiao Airlines Co., Ltd. - China",Tianjiao Air
NMJ,,"Northwoods Aviation, Inc. - United States of America",Backwoods
NML,,Gambia New Millenniun Air - The Gambia,Newmill
NMR,,Namibia Rescue Services - Namibia,E-Med
NNA,,Blocked -,
NNB,,Blocked -,
NNC,,Blocked -,
NND,,Blocked -,
NNE,,Blocked -,
NNF,,Blocked -,
NNG,,Blocked -,
NNH,,Blocked -,
NNI,,Blocked -,
NNJ,,Blocked -,
NNK,,Blocked -,
NNL,,Blocked -,
NNM,,Blocked -,
NNN,,Blocked -,
NNO,,Blocked -,
NNP,,Blocked -,
NNQ,,Blocked -,
NNR,,Blocked -,
NNS,,Blocked -,
NNT,,Blocked -,
NNU,,Blocked -,
NNV,,Blocked -,
NNW,,Blocked -,
NNX,,Blocked -,
NNY,,Blocked -,
NNZ,,Blocked -,
NOA,,National Oceanic And Atmospheric Administration - United States of America,Noaa
NOC,,Norcopter AS - Norway,
NOD,,Fly Adjara - Georgia,Adjara
NOF,,Fonnafly Sjo AS - Norway,Fonna
NOH,,"32 (TR) Squadron, RAF Northolt - United Kingdom",Northolt
NOJ,,2106701 Ontario Inc. t/a Novajet - Canada,Novajet
NOK,DD,"Nok Airlines Public Co., Ltd. d/b/a Nok Air - Thailand",Nok Air
NOL,,National Overseas Airlines Company - Egypt,Nat Airline
NOM,,Flying Phenom LLC - United States of America,Janders
NOR,,Bristow Helikopter A/S - Norway,Norske
NOS,NO,Neos S.p.A. - Italy,Moonflower
NOT,,"Linea Aerea Costa Norte, S.A. - Chile",Costa Norte
NOU,,Nordic Unmanned AS - Norway,Nordun
NOW,,Royal Norwegian Air Force - Norway,Norwegian
NOY,,Noy Aviation - Israel,Noy Aviation
NOZ,,Norwegian Air Shuttle AOC AS - Norway,Nordic
NPC,,"Western Air Couriers, Inc. - United States of America",Norpac
NPG,P7,Supernova Airlines LLC - Ukraine,Nova
NPO,,Novosibirsk Aviation Production Association - Russian Federation,Novsib
NPP,,"MIR Scientific Industrial Enterprise, Joint-Stock Company - Russian Federation",Mir Scientific
NPR,,Air Napier - New Zealand,Air Napier
NPT,,West Atlantic UK Limited - United Kingdom,Neptune
NPX,,"Northeast Aviation, Inc. - United States of America",Northeast Express
NQN,,Grupo LASA S.r.l. - Argentina,Lasa
NRD,,Avia Group Nord LLC - Russian Federation,
NRG,,Nationale Regionale Transport - Gabon,
NRK,,Naturelink Charter (PTY) Ltd. - South Africa,Naturelink
NRL,N5,Les Investissements Nolinor Inc. t/a Nolinor Aviation - Canada,Nolinor
NRN,,Royal Netherlands Navy (Koninklijke Marine) - Netherlands,Netherlands Navy
NRP,,Aeronord-Grup - Republic Of Moldova,Aeronord
NRT,,"Norestair, S.L. - Spain",Norestair
NRW,,Polizeifliegerstaffel Nordrhein-Westfalen - Germany,Hummel
NRX,,Norse Air Charter - South Africa,Norse Air
NRZ,,"Servicios Aereos Monarrez, S.A. de C.V. - Mexico",Monarrez
NSA,,Nile Safaris Aviation - Sudan,Nile Safaris
NSC,,Société de Transport Aerien de Mauritanie - Mauritania,Trans-Societe
NSE,9R*,SATENA Servicio Aereo a Territorios Nacionales - Colombia,Satena
NSF,,Northamptonshire School Of Flying Ltd. - United Kingdom,Norton
NSH,,"Sterling Aviation, LLC - United States of America",North-shore
NSI,,"Northern Skies Aviation, Inc. - United States of America",Northern Skies
NSJ,,"Nanshan Jet Co., Ltd. - China",Nanshan
NSK,,Air Intersalonika - Greece,Intersalonika
NSL,,Neric Limited - United Kingdom,Nericair
NSM,,Global Jet Corporation - United States of America,Thundercloud
NSN,,Nasim Airlines - Iran,Nasim Air
NSP,,Samaritans Purse - United States of America,Sam Purse
NSS,,Nesma Airlines - Saudi Arabia,Nesma Connect
NST,,"Aviacion Ejecutiva Del Noroeste, S.A. de C.V. - Mexico",Avinoreste
NSY,,"Shandong Nanshan International Flight Co., Ltd - China",Qunying
NSZ,D8,Norwegian Air Sweden AOC AB - Sweden,Rednose
NTA,,Northern Thunderbird Air Ltd. - Canada,Thunderbird
NTC,,Gibson Aviation - United States of America,Night Chase
NTE,,"Interaire, S.A. de C.V. - Mexico",Intermex
NTF,,OK Business Aircraft - Czech Republic,Netflight
NTG,,"Servicios Integrales de Aviacion, S.A. de C.V. t/a FlyMex - Mexico",Integrales
NTH,,Hokkaido Air System Co. Ltd. - Japan,North Air
NTK,,National Air Traffic Controllers Association (NATCA) - United States of America,NATCA
NTN,,NAC Aviation Business Centre (PTY) Ltd. d/b/a National Airlines - South Africa,Natchair
NTR,NM,SAS Natireva t/a Air Moana - French Polynesia,Natireva
NTS,,"Cirrus Air, Inc. - United States of America",Nite Star
NTT,,Inter Tropic Airlines (S.L.) Ltd. - Sierra Leone,Inter-Tropic
NTW,,"Maxair, LLC - United States of America",Northwoods
NTX,,"AK-Air Georgia, LLC - Georgia",Tiflis
NUA,UN,United Nigeria Airlines Company Limited - Nigeria,United Nigeria
NUB,,Nomad Aviation (Europe) Ltd. - Malta,Valletta
NUK,,Strait Air (2000) Ltd - Canada,Nanuck
NUL,,"Aeroservicios de Nuevo Leon, S.A. de C.V. - Mexico",Servicios Nuevoleon
NUM,NA*,Nomad Aviation AG - Switzerland,Nomadjet
NUN,,Nunasi-Central Airlines Ltd. - Canada,Nunsai
NUR,,Nawrs Air - Libyan Arab Jamahiriya,
NUS,,"Northern Illinois Flight Center, Inc - United States of America",Enjet
NVA,,Aeroclub de Albacete - Spain,
NVC,,Nav Canada - Canada,Nav Can
NVD,X9,Joint Stock Company Avion Express - Lithuania,Nordvind
NVG,,Novgorod Air Enterprise - Russian Federation,Sadko Avia
NVJ,,Fly International Airways - Tunisia,Nouvinter
NVK,,"Nizhnevartovsk Enterprise, Federal State Unitary Enterprise - Russian Federation",Vartovskavia
NVM,,"Naviera Mexicana, S.A. de C.V. - Mexico",Naviera
NVO,,"Envuelo, S.L. - Spain",Envuelo
NVP,,"Navegacao Aerea de Portugal, NAV, EP - Portugal",
NVQ,VQ,Novoair Limited - Bangladesh,Novo Air
NVS,,Nouvelle Air Affaires Gabon - Gabon,Nouvelle Affaires
NVT,,"Native American Air Ambulance, Inc. - United States of America",Native
NVY,,Royal Navy - United Kingdom,Navy
NWB,,Nigeria Air - Nigeria,Nigeria Air
NWC,0E*,Aircompany North-West LLC - Russian Federation,West Way
NWD,,New World Jet Corporation - United States of America,New World
NWE,,"Northwest Aero Associates, Inc. - United States of America",
NWF,,"Northwest Flyers, Inc. - United States of America",Second City
NWG,,Airwing AS - Norway,Norwing
NWH,,Northern Wings SA - Greece,Northern Wings
NWK,,Network Aviation Australia - Australia,Netlink
NWL,HW,North-Wright Airways Ltd. - Canada,Northwright
NWN,,Northwinds Northern Ltd. - Canada,Northwinds
NWO,,Northwood Headquarters (RAF) - United Kingdom,
NWS,N4,"LLC ""Nord Wind"" - Russian Federation",Nordland
NWX,,Nationwide Aviation - United States of America,Nationwide
NXA,,NXT Air Limited - Bangladesh,Next Air
NXC,,"Nexgen Aviation, LLC d/b/a ConCiair - United States of America",Nexcon
NXN,,"Nexton, S.A. de C.V. - Mexico",Nexton
NXT,,NextNet - United States of America,NextNet
NXU,,Nexus Flight Operations Services - Saudi Arabia,Nexus
NYB,,Force Navale Belge - Belgium,Belgian Navy
NYH,,New York Helicopter Corp. - United States of America,New York
NYL,,Mid Airlines - Sudan,Nile
NYT,YT,Yeti Airlines Domestic Pvt. Ltd. - Nepal,Yeti Airlines
NYX,OJ,Nyxair OU - Estonia,Nyx Air
NZA,,Nayzak Air Transport Company - Libyan Arab Jamahiriya,Nayzak Air
NZC,,Blocked -,
NZP,,"ATC Alliance Avia Group, Aircompany - Russian Federation",Orbita
NZR,,Yanzar - Kazakhstan,Nurik
OAA,,Oxley Aviation - Australia,
OAC,,Oriental Airlines Limited - Nigeria,Oriental Air
OAD,,Orscom Tourist Installations Company - Egypt,Orscom
OAE,OY*,"Omni Air International, Inc. d/b/a Omni Air Express - United States of America",Omni-Express
OAL,OA,Olympic Air - Greece,Olympic
OAN,,NATO North Atlantic Treaty Organisation - Belgium,OTAN
OAP,,"Coapa Air, S.A. de C.V. - Mexico",Coapa
OAR,,"Grupo One Air Aviacion, S.L. - Spain",Boss Air
OAS,,Oasis Flight Ltd - United Kingdom,
OAV,,"Omni - Aviacao E Tecnologia, Lda - Portugal",Omni
OAW,2L,Helvetic Airways AG - Switzerland,Helvetic
OAX,,Operational Aviation Services - Australia - Australia,
OAZ,,Odessa Aircraft Plant - Ukraine,
OBA,,"Aerobanana, S.A. de C.V. - Mexico",Aerobanana
OBC,,Olympic Broadcasting Services - United Kingdom,
OBD,,Longhorn Gator LLC d/b/a National Jets - United States of America,Only Bond
OBI,,Orbifly S.A.S. - France,Orbifly
OBJ,,"Comunicacion Global Objetivo, S.L. - Spain",Objetivo
OBK,,Amako Airlines Limited. - Nigeria,Amako Air
OBS,6O,"Orbest Airlines, S.L. d/b/a iberojet - Portugal",Orbest
OBT,,Virgin Orbit - United States of America,Cosmic Girl
OCC,,German Forces Operations Control - Germany,
OCE,,Helicocean - New Caledonia,Heliocean
OCJ,,OverStar S.r.l. d/b/a Over Star Jets - San Marino,Overstar
OCL,,OCL (Barbados) Ltd. - Barbados,Soca
OCN,4Y,EW Discover GmbH t/a Discover Airlines - Germany,Ocean
OCO,,Ostend Air College - Belgium,Air College
OCW,,Ocean Airways - France,Ocean Airways
OCZ,,Blocked -,
ODI,,"Jonsson, H. Air Taxi - Iceland",Odinn
ODR,,"Quadrotour Aero, Aircompany - Kazakhstan",Quadro
OED,,Orion Air Charter - South Africa,Orion Charter
OES,,Art Aviation Flugbetriebs GmbH - Austria,Art Austria
OEW,,"One Airways, S.A.U. - Spain",Dreamer
OEY,RI,PT Rimbun Abadi Aviasi d/b/a RIMBUN AIR - Indonesia,Rimbun Air
OFA,,"Helitaxi Ofavi, S.A. de C.V. - Mexico",Ofavi
OFF,,Challenge International Airlines - United States of America,Challenge Air
OFK,,OFEK - Israel,
OFL,,Open Flight - France,Open Flight
OFS,,Fly Me (Pty) Ltd - South Africa,
OFT,,"Buffalo River Aircraft Services, LLC - United States of America",Outfitter
OFY,,"Servicios Aereos Soffly, S.A. de C.V. - Mexico",Aerosof
OGA,,Oasis Air - Niger,Oasis Air
OGI,,"Aerogisa, S.A. de C.V. - Mexico",Aerogisa
OGJ,,Bakoji Airlines Services Ltd. - Nigeria,Bako Air
OHS,,Odengene Air Shuttle Services Limited - Nigeria,Odengene
OIX,,Orion-X - Russian Federation,Orionx
OJT,,Oryx Jet Ltd - United Kingdom,Orystar
OJY,,"Florida Air, Inc. - United States of America",Ohjay
OKA,BK*,Okay Airways Company Limited - China,Okayjet
OKC,,"Private Jets, Inc. - United States of America",Thunder Wings
OKJ,,Okada Airlines Limited - Nigeria,Okada Air
OKL,,"Oklahoma Department of Public Safety, Troop (O) - United States of America",Oklahoma
OKT,,"Soko Aviation, S.L. - Spain",Soko Air
OKW,,Ok-Trans LLC - Russian Federation,
OLA,OF,Overland Airways Limited - Nigeria,Overland
OLC,,"Solar Cargo, C.A. - Venezuela",Solarcargo
OLD,,"Beijing Orenda Tribe General Aviation Co., Ltd. - China",Air Orenda
OLE,,Operadora de Lineas Ejecutivas S.A. de C.V. - Mexico,Operadora
OLL,,"Operadora Llaminmex, S.A. de C.V. - Mexico",Minmex
OLO,DC,Aeronaves Dominicanas S.r.l. d/b/a Volo Airways - Dominican Republic,Volodo
OLR,,Colaereos - Ecuador,Colaereos
OLV,,"GA Flight of DE, Inc. d/b/a Airstar - United States of America",Olivia
OLX,,Olimex - Czech Republic,Olimex
OLY,,Olympus Airways - Greece,Oly Air
OMA,WY,Oman Air - Oman,Oman Air
OMB,O7,Omni-blu Aviation Limited - Nigeria,Omniblu
OMD,,Nomadic Aviation Group LLC t/a Nomadic Aviation - United States of America,Nomadic
OME,,"Omega Aerial Refueling Services, Inc. - United States of America",Oemga Tanker
OMF,,"Omniflys, S.A. de C.V. - Mexico",Omniflys
OMG,,Aeromega Ltd. - United Kingdom,Omega
OMI,,Omni Taxi Aereo S.A. - Brazil,Omni Air
OML,,"Organizacoes Mambra, Lda - Angola",Manbra
OMN,,Sultan of Oman Air Force - Oman,Majan
OMR,,Minair - Central African Republic,Ormine
OMS,OV,SalamAir - Oman,Mazoon
OMT,H5,Castillo Mourra d/b/a CM Airlines - Honduras,
ONI,,Omni Aviation Training Center - Portugal,Omni Training
ONM,,Presidencia de la Republica de Guinea Ecuatorial - Equatorial Guinea,
ONN,,Blocked -,
ONO,,"Aeronor, S.A. de C.V. - Mexico",Noraero
ONT,,Government of Ontario - Canada,Ontario Government
ONY,,25Only Aviation GmbH - Germany,Only Jet
OOK,,Skyhook Helicopters Limited - United Kingdom,Skyhook
OOO,4L*,JSC Oneclick Airways - Georgia,Click One
OOT,,Out of the Blue Air Safaris (PTY) Ltd. - South Africa,Ootbas
OPA,,Opal Air Pty Ltd. - Australia,
OPE,,Société 3 S Aviation (Aerope) - France,Pontoisair
OPJ,,Opera Jet s.r.o. - Slovakia,Opera Jet
OPM,,Fireblade Aviation (Pty) Ltd - South Africa,Optima
OPN,,"K&R Aviation, LLC - United States of America",Openair
OPR,,"Operaciones Aviacore, S.A. de C.V. - Mexico",Aviacore
OPS,,Jet Ops - United Arab Emirates,Ops-Jet
OPT,,Flight Options - United States of America,Options
ORA,,"Montauk Caribbean Airways, Inc. d/b/a Long Island Airlines - United States of America",Long Island
ORC,OC,Oriental Air Bridge Co. Ltd. - Japan,Oriental Bridge
ORF,,Oman Royal Flight - Oman,Oman
ORH,,Orsha Air - Belarus,Orsha
ORL,,On Air Limited - Canada,On Air
ORM,,Orel State Air Enterprise - Russian Federation,Orprise
ORO,,"Clipper National Air, S.A. - Spain",Capri
ORP,,"Aerocorp, S.A. de C.V. - Mexico",Corpsa
ORR,,"Operadora Turistica Aurora, S.A. de C.V. - Mexico",Turistica Aurora
ORT,,Ortac AOC Ltd. - Jersey,Skywalker
ORZ,,"Zorex, S.A. - Spain",Zorex
OSA,,Aero Astra - Mexico,Rostra
OSB,,Osob Airlines - Somalia,Osob
OSC,,OneSky Aviation Services S.p.a. (OneSky Chile) - Chile,Uncielo
OSD,,"National Airborne Operations Center, U.S. Strategic Command - United States of America",Secdef
OSJ,,"CA ""Oscar Jet"" SRL - Moldova, Republic of",Oscarjet
OSN,,"Aerosan, S.A. de C.V. - Mexico",Aerosan
OSO,,Aviapartner Limited Company - Russian Federation,
OSS,,"Servicios Aereos Noticiosos, S.A. de C.V. - Mexico",Noticiosos
OST,,Oklahoma State University - United States of America,Ostate
OSU,,Ohio State University Flight Education Division - United States of America,Scarlet
OSV,,Vladikavkaz State Air Enterprise - Russian Federation,Irair
OSY,,Open Skies Consultative Commission (OSCC) - United States of America,Open Skies
OTC,A6,"Air Travel Co., Ltd. - China",Air Travel
OTK,,On-Track Aviation Ltd. - United Kingdom,On Track
OTM,,Onetime Airlines Zambia Limited - Zambia,Zedtime
OTN,,Lastp-Linhas Aereas de Sao Tome E Principe (Sao Tome And Principe Airlines) - Sao Tome And Principe,Lastp
OTO,,"Aerovento, S.A. - Spain",OTO
OTP,,"Operadora de Transportes Aereos, S.A. de C.V. - Mexico",Operadora Aereo
OTR,,Orient Airlines - Sudan,Orientroc
OTS,,"Aerotresalia, S.A. de C.V. - Mexico",Tresalia
OTT,JF,"OTT Airlines Co., Ltd. - China",OTT Airlines
OTX,,Aerotex - Kazakhstan,Zotex
OUA,,"University of Oklahoma, Department of Aviation - United States of America",
OUA,,Transport Aerien Ouest African - Senegal,Quest African
OUF,,"Beijing Eofa International Jet Co., Ltd. - China",Element
OUL,,Oklahoma Aviation LLC d/b/a Soulbird - United States of America,Soul Bird
OVA,X5*,aeronova S.L.U. d/b/a Air Europa Express - Spain,Aeronova
OVD,,State ATM Corporation - Russian Federation,Russia Corp
OVE,,"Aeromover, S.A. de C.V. - Mexico",Aeromover
OWE,,Owenair (Pty) Ltd. - South Africa,Owenair
OWI,,"Aerowin, S.A. de C.V. - Mexico",Aerowin
OWL,,"Miami Valley Aviation, Inc. - United States of America",Night Owl
OWR,,Crown Air Ltd. - Czech Republic,Air Crown
OWS,,Cargosur - Spain,Cargosur
OXF,,Oxford Aviation Academy - United Kingdom,Oxford
OXS,,Oxus Airways - Afghanistan,Oxus Airways
OXY,,Oxygene Airways - France,
OYA,YI,Fly OYA International Airline d/b/a FLY OYA - Libyan Arab Jamahiriya,Oyaa
OYE,,Koda International Ltd. - Nigeria,Koda Air
OYO,,Oyonnair - France,Rogue
OZB,,"Zona Blava, S.L. - Spain",Zona Blava
OZC,,Blocked -,
OZK,,"Soma Jets, Inc. - United States of America",Silver Screen
OZN,,Aviator Zone Academy LLC - United States of America,Orange Tail
OZT,,"Premier Flight Center, LLC - United States of America",Ozark Tech
OZU,,Khozu-Avia Aircompany - Kazakhstan,Hozavi
PAB,,Parair - Tajikistan,Parair
PAC,PO,"Polar Air Cargo Worldwide, Inc. - United States of America",Polar
PAD,,"Professional Express Courier Service, Inc. - United States of America",Air Professional
PAE,,"Paisajes Espanoles, S.A. - Spain",Paisajes
PAF,,"Pathfinder Aviation, LLC. - United States of America",Pathfinder
PAG,,Perimeter Aviation Ltd. - Canada,Perimeter
PAH,,"Panorama Air Tour, Inc. - United States of America",Lani
PAI,,"Paradise Airways, Inc. - United States of America",Sea Ray
PAJ,,Aliparma S.r.l. - Italy,Aliparma
PAK,,Pacific Alaska Airlines - United States of America,Pacific Alaska
PAL,PR,"Philippine Airlines, Inc. - Philippines",Philippine
PAM,7M,Map Linhas Aereas Ltda - Brazil,Map Air
PAN,,Blocked -,
PAO,OL,Samoa Airways - Samoa,Polynesian
PAP,,Langtry Flying Group Ltd. - United Kingdom,Proflight
PAQ,,Pacific Air Express (Solomon Islands) Limited - Solomon Islands,Solpac
PAR,,Pacific Rim Airways PTY Ltd. - Australia,Pacrim
PAS,IP,P.T. Pelita Air Service - Indonesia,Pelita
PAT,,"Department Of The Army, Priority Air Transport (Davison Aviation Command) - United States of America",Pat
PAV,,ProAir Aviation GmbH - Germany,Brilliant
PAX,,"Pan Air, Inc. - United States of America",Pannex
PBB,,Polizeihubschrauberstaffel Brandenburg - Germany,Adebar
PBC,,"Aerotaxis Paba, S.A. de C.V. - Mexico",Paba
PBD,DP,Pobeda Airlines LLC - Russian Federation,Pobeda
PBF,,Pennsylvania Bureau of Forestry - United States of America,Penn-Forest
PBO,,"Aero Taxi de los Cabos, S.A. de C.V. - Mexico",Aero Cabos
PBR,,Fast Air Ltd. - Canada,Polar Bear
PBS,,DI Air - Serbia and Montenegro,Di Air
PBT,,Air Parabat Ltd. - Bangladesh,Parabat
PBU,,Air Burundi - Burundi,Air Burundi
PBW,,Polizeihubschrauberstaffel Baden-Württemberg - Germany,Bussard
PBY,,Pearl Air Services (U) Ltd. - Uganda,Pearl Services
PCC,,"Perforadora Central, S.A. de C.V. - Mexico",Perforadora Central
PCG,,"Aeropostal Cargo de Mexico, S.A. de C.V. - Mexico",Postal Cargo
PCH,,Pilatus Flugzeugwerke AG - Switzerland,Pilatus Wings
PCI,,Protea Coin Group (Pty) Ltd t/a Coin Aviation - South Africa,Protea Coin
PCJ,,"Diamond Aviation, Inc. - United States of America",Pacific Jet
PCM,,"Westair Industries, Inc. - United States of America",Pac Valley
PCN,,Princeton Aviation Corporation - United States of America,Princeton
PCO,8P,Pacific Coastal Airlines Limited - Canada,Pasco
PCR,,Pearson Aviation Corporation d/b/a Pac Air - United States of America,Pacair
PCS,,"Air Palace, S.A. de C.V. - Mexico",Air Palace
PCV,,Pacific Aviation (A' Asia) Pty Ltd. - Australia,Pacav
PCX,,Pacific Aviation Corporation - United States of America,
PCZ,,Blocked -,
PDD,,"Phillips Alaska, Inc. - United States of America",Pada
PDG,,PLM Dollar Group Limited - United Kingdom,Osprey
PDI,,Air Paradise - Puerto Rico,Coki
PDK,,Predannack (RNAS) - United Kingdom,Predannack
PDM,,Blocked -,
PDQ,,"P D C Air Charter, Inc. - United States of America",Dispatch
PDT,PT,"Piedmont Airlines, Inc. - United States of America",Piedmont
PDU,,Purdue University - United States of America,Purdue
PDY,,Pen-Avia Limited - United Kingdom,Pendley
PEA,,Pan Europeenne Air Service - France,
PEB,,Benders Air - Sweden,Palema
PEC,,ProJETS Aviation Senegal SAS - Senegal,Pass Aviation
PEF,,Perfect Aviaton SA - Portugal,Perfect Aviaton
PEG,,Pegasus Elite Aviation - United States of America,Pegjet
PEI,,"Panamedia, S.L. - Spain",Panamedia
PEJ,,Premier Executive Jet - Ireland,Premier Wings
PEL,,Penial Air Limited - Kenya,Airpen
PEM,,Punta Europa Aviacion - Equatorial Guinea,Akiba
PEO,,Petro Air - Libyan Arab Jamahiriya,
PER,UF,Petroleum Air Services - Egypt,Pas Air
PET,,Aerotransporte Petrolero Ltda. - Colombia,Aeropetro
PEV,PE,Altenrhein Luftfahrt GmbH t/a People’s - Austria,Peoples
PEX,,Shell Aircraft Ltd. - United Kingdom,Pecten
PFA,,"Paris Air, Inc. Flight Academy - United States of America",Paris Air
PFC,,Pacific International Airlines - Panama,Pacific International
PFI,,"Aerolineas Chihuahua Al Pacifico, S.A. de C.V. - Mexico",Pacifico Chihuahua
PFL,,"Aviation Matters, Inc. (PacificFlyer) - Palau",
PFN,,Pan African Air Services Limited - Sierra Leone,Panafrican
PFP,,Policia Federal Preventiva - Mexico,Policia Federal
PFS,,"PerryCook Flight Services, LLC - United States of America",Jay Bird
PFT,,"C.C.Calzone, LLC d/b/a Paragon Airways - United States of America",Paragon Flight
PFU,,Air Pfunwa - Zimbabwe,Pfunwa
PFY,,Pel-Air Aviation Pty Ltd - Australia,Pelflight
PFZ,P0,Proflight Commuter Services Limited - Zambia,Proflight-Zambia
PGA,NI,Portugalia - Companhia Portuguesa de Transportes Aereos SA - Portugal,Portugalia
PGC,,European Aircraft Private Club - Belgium,Green Club
PGF,,Paragon Global Flight Support - United Kingdom,
PGG,,APG Gold Aviation - Venezuela,Gold Aviation
PGH,,"Pulkovo Aircraft Services, CJSC - Russian Federation",
PGI,,"Panagra Airways, Inc. - United States of America",Panagra
PGJ,,"USAC Airways 691, LLC d/b/a Paragon Jets - United States of America",Uber
PGL,,PremiAir Aviation Services Ltd. - United Kingdom,Premiere
PGN,,"TAS Charter, LLC d/b/a Aliyah Aviation - United States of America",Pergrine
PGO,,Aerolineas Panamericanas de Carga Lda. (Pan Airlines Cargo Colombia) - Colombia,Pan Airlines
PGQ,,SPARFELL Luxembourg SA - Luxembourg,Sparfell Lux
PGR,,Prestige Air Group LLC - United States of America,Prestige Air
PGS,,Tauranga Aero Club (Inc) - New Zealand,Pegasus
PGT,PC,Pegasus Hava Tasimaciligi A.S. - Turkey,Sunturk
PGU,,Georgia Air Prague - Czech Republic,Air Prague
PGV,,Pegase Aviation - South Africa,Flana
PGX,,"Paragon Air Express, Inc. - United States of America",Paragon Express
PGY,,Corporacion Paraguayana de Aeronautica S.A. - Paraguay,
PHA,PH,"Pionair Australia Pty., Ltd. d/b/a ASL Airlines Australia - Australia",Parsec
PHB,,Phoebus Apollo Aviation CC - South Africa,Phoebus
PHC,,"Petroleum Helicopters de Colombia, S.A. - Colombia",Helicopters
PHD,,"Duncan Aviation, Inc. - United States of America",Panhandle
PHE,,Pawan Hans Limited - India,Pawan Hans
PHF,,"Shaanxi Phoenix International Flying College Co., Ltd. - China",Shan Feng
PHG,,Phoenix Aviation Air Company - Kyrgyzstan,Phoenix Group
PHH,,Polizeihubschrauberstaffel Hessen - Germany,Ibis
PHJ,,"Corporate Jet, LLC - United States of America",Peachjet
PHL,,"Phillips Michigan City Flying Service, Inc. - United States of America",Phillips
PHM,,"PHI, Inc. - United States of America",Petroleum
PHN,,Phoenix Aviation Limited - Kenya,Jadestar
PHS,,Polizeihubschrauberstaffel Sachsen - Germany,Passat
PHT,,Pan Havacilik Ve Ticaret A.S. - Turkey,Panank
PHU,,Pannon Air Service Kft. - Hungary,Pannon
PHV,,Phenix Aviation - France,New Bird
PHX,,2080061 Ontario Inc t/a SkyCare - Canada,Phoenix North
PHY,,Phoenix Avia LLC - Armenia,Phoenix Armenia
PIA,PK,Pakistan International Airlines - Pakistan,Pakistan
PIC,BL,Pacific Airlines Aviation JSC - Vietnam,Pacific Express
PIF,,"Aeroservicios California Pacifico, S. De R.L. De C.V. - Mexico",Aerocalpa
PIK,,Polizeihubschrauberstaffel Sachsen-Anhalt - Germany,Police Ikarus
PIL,,Canada Jet Charters Ltd. - Canada,Pinnacle
PIM,,"Pinframat, Lda - Angola",Pinframat
PIN,,"Pacific International Airlines, Inc. - United States of America",Road runners
PIO,,"Pioneer Airlines, Inc. - United States of America",Pioneer
PIP,,Pilot Flyskole Flygerforening (PIFF) - Norway,Pilot
PIS,,Parsis - Iran,Parsis
PIU,,43 Air School - South Africa,Prima
PIV,,"Sokol, Joint-Stock Aviation Company - Russian Federation",Aerosokol
PIW,,"Panama International Air, S.A. - Panama",
PIX,,"Phoenix Aerospace Co., Ltd. - China",Feini
PIZ,,Air Corviglia AG - Switzerland,Capricorn
PJA,,"Private Jet Management, Inc - United States of America",Private Flight
PJC,,"Holman Leasing Systems, Inc. d/b/a Pittsburgh Jet Center - United States of America",Pittsburgh Jet
PJF,,"Projet Aviation, LLC - United States of America",Projet
PJI,,"Premier Jets, Inc. - United States of America",Pre Jet
PJJ,,Paradox Jets Ltd. - Bulgaria,Skyboss
PJP,,Princely Jets (Pvt) - Pakistan,Princely Jets
PJR,,Prestige Jets Rentals - United Arab Emirates,
PJS,PP*,Jet Aviation Business Jets AG - Switzerland,Jet Aviation
PJV,,Premium Jet GmbH - Austria,Premium Jet
PJX,,Falcon Aerospace Ltd. d/b/a VivaJets - Nigeria,Wakanda
PJZ,0J,Premium Jet AG - Switzerland,Primejet
PKP,,"Mountain Air Express, Inc. - United States of America",Pikes Peak
PKR,,Pakker Avio Ltd. - Estonia,Pakker Avio
PKT,,Pektron Limited - United Kingdom,Pektron
PKW,,"Pak West Airlines, Inc. d/b/a Sierra West Airlines - United States of America",Platinum West
PKZ,,Prime Aviation JSC - Kazakhstan,Pravi
PLA,,Polynesian Air-Ways - United States of America,Polyair
PLC,,Specialist Aviation Services Ltd. - United Kingdom,Special
PLE,,Pas Airlines - Venezuela,Pasair
PLF,,Polish Air Force - Poland,Polish Air Force
PLG,,"MBK-S, Open Joint Stock Company - Russian Federation",Pilgrim
PLL,,Air Pal Escuela de Pilotos - Spain,Air Pal
PLM,EB,"Wamos Air, S.A. - Spain",Pullman
PLN,,Planar - Sociedade de Aviacao Civil Sarl - Angola,Planar
PLP,,"Plane Life, LLC - United States of America",Plane Life
PLQ,,Planet Airlines - Cameroon,Planetcam
PLR,J3,Northwestern Air Lease Ltd. - Canada,Polaris
PLS,,Placar Linhas Aéreas S.A. - Brazil,Placar
PLT,,South Carolina Aeronautics Commission - United States of America,Palmetto
PLU,,"Pilatus PC-12 Center de Mexico, S.A. de C.V. - Mexico",Pilatus Mexico
PLV,,"Perla Airlines, C.A. - Venezuela",Perla
PLX,,Pool Aviation - United Kingdom,
PMA,,Pan Malaysian Air Transport - Malaysia,Pan Malaysia
PMC,,"Primac Courier, Inc. - United States of America",Primac
PMF,,"Promotora Alfestival, S.A. de C.V. - Mexico",Alfestival
PMG,,"P80 Air Co., Ltd. - Thailand",Thor
PMI,,"Primero Transportes Aereos, S.A. de C.V. - Mexico",Aereoprim
PML,,Prime Air Services Limited - Nigeria,Prime Nigeria
PMM,,"Paradigm Air Carriers, Inc. d/b/a Paradigm Air Operators, Inc. - United States of America",Gazelle
PMO,,Peter Airlines - Syrian Arab Republic,Peter Air
PMR,,"Servicios Aereos Premier, S.A. de C.V. - Mexico",Servicios Premier
PMS,,"Planemaster Services, Inc. - United States of America",Planemaster
PMU,,Premium Aviation GmbH - Germany,Premium
PMV,,Polizeihubschrauberstaffel Mecklenburg-Vorpommern - Germany,Police Merlin
PMX,,Pambele Aviation (Pty) Ltd. - South Africa,Pambele
PNC,,Prince Aviation - Serbia,Prince Aviation
PND,,"Pond Air Express, Inc. - United States of America",Pond Air
PNE,,Peninter Aerea S.A. de C.V. - Mexico,Peninter
PNG,,Puerto Rico Air National Guard - Puerto Rico,
PNH,,"Panh, Joint-Stock Company - Russian Federation",Kuban Lik
PNJ,,"Pacific Northwest, Inc. - United States of America",Pac Jet
PNK,,ImperialJet d.o.o. - Serbia,Air Pink
PNL,,"Aero Personal, S.A. de C.V. - Mexico",Aeropersonal
PNM,,Aeropanamericano C.A. - Venezuela,Panamericano
PNN,,Blocked -,
PNO,,Panorama Aviation Inc. - Canada,Pano
PNP,,Pineapple Air - Bahamas,Pineapple Air
PNR,,"ASL Airlines Spain, S.A. - Spain",Skyjet
PNT,,Transportadora Print Ltda - Brazil,Print
PNU,,"Aero Servicios Platinum, S.A. de C.V. - Mexico",Aero Platinum
PNV,,"Panavia, S.A. - Panama",Panavia
PNY,,Polish Navy - Poland,Polish Navy
POA,,Portuguese Army - Portugal,Portuguese Army
POB,,"Servicios Aereos Poblanos, S.A. de C.V. - Mexico",Poblanos
POC,,"Pocono Air Lines, Inc. - United States of America",Pocono
POD,,Craft Charter LLC - United States of America,Airpod
POE,PD,Porter Airlines (Canada) Limited - Canada,Porter Air
POF,,Police Aux Frontiers - France,Airpol
POL,,Rikspolisstyrelsen - Sweden,
POM,,Projets Aviation Malta Limited - Malta,Jetkic
PON,,Portuguese Navy - Portugal,Portuguese Navy
POR,,Porteadora de Cosola S.A. de C.V. - Mexico,Porteadora
POS,,Porsche Air Service GmbH - Austria,Porshce
POW,,Hagondale Limited - United Kingdom,Airnet
POY,,"Apoyo Aereo, S.A. de C.V. - Mexico",Apoyo Aereo
PPA,,"Propheter Construction Cctipany, Inc. d/b/a Propheter Aviation - United States of America",Air Prop
PPC,,Palau Asia Pacific Airlines - Palau,Palau Asiapac
PPD,,Podyom Limited Liability Company - Russian Federation,Podyom
PPG,,"Phoenix Air Transport, Inc. - United States of America",Papago
PPH,,Polizeihubschrauberstaffel Niedersachsen - Germany,Police Phoenix
PPK,,Ramp 66 - United States of America,Pelican
PPQ,,"Personas Y Paquetes Por Aire, S.A. de C.V. - Mexico",Personaspaq
PPR,,Propstar Aviation Ltd - United Kingdom,Propstar
PPS,,"Butte Aviation, Inc. - United States of America",Pipestone
PPT,,Patria Pilot Training Oy - Finland,
PPU,,Polish Air Navigation Services Agency - Poland,Papuga
PPV,,"Petropavlovsk, CJSC - Russian Federation",Pavlovsk
PQA,,Pacific Coast Airlines - United States of America,Sage Brush
PRA,,Flyair - Spain,Prima
PRB,,"Puerto Rico Air Management Services, Inc - Puerto Rico",Prams Air
PRC,,"Pacific Air Charter, Inc. - United States of America",Pacific Charter
PRD,,"Presidential Aviation, Inc. - United States of America",Presidential
PRE,,Precision Aircraft Management - United States of America,Precision
PRF,PW,"Precision Air Services Ltd. - Tanzania, United Republic of",Precision Air
PRG,,Air Prague s.r.o. - Czech Republic,Air Prague
PRI,,Aero Private - Mexico,Rovate
PRK,,"Swallow Aviacion, S.L. - Spain",Paraca
PRL,,Premier Airlines Ltd. - Somalia,Fly Premier
PRM,,"Prime Air, Inc. - United States of America",Prime Air
PRN,,Pirinair Express - Spain,Pirinair Express
PRO,PP,Propair Inc. - Canada,Propair
PRP,,"PRT Aviation, S.L. - Spain",Pronto
PRR,,Paramount Airlines Limited - Sierra Leone,Paramount
PRS,,Pars Air - Iran,Pars Sky
PRT,,Prime Service Italia S.r.l. - Italy,Prime Italia
PRU,,"Prinair, Inc. - Puerto Rico",Colorbird
PRV,,"Jet Force One, LLC d/b/a/Privat - United States of America",Pre Vat
PRX,6P*,Pradhaan Air Express Private Ltd - India,Pradhaan
PRY,,"Priority Air Charter, LLC - United States of America",Priority Air
PRZ,,Performance Air S.A.P.I. de C.V. - Mexico,Aeronautic
PSC,P6*,9736140 Canada Inc t/a Pascan - Canada,Pascan
PSE,,"Aeroservicio Sipse, S.A. de C.V. - Mexico",Sipse
PSF,,Plymouth School Of Flying Ltd. - United Kingdom,Lizard
PSG,,Pier Seven Aviation Limited - The Gambia,Pier Jet
PSH,,Helidrome Ltd. t/a Red Aviation - United Kingdom,Passion
PSI,,Pont International Airline Services N.V. - Suriname,Pont
PSJ,,Aeropassion S.r.l. - San Marino,Passion Jet
PSK,PM*,Prescott Support Company - United States of America,Support
PSL,,"Aeroservicios Corporativos de San Luis, S.A. de C.V. - Mexico",Corsan
PSN,,"Potosina Del Aire, S.A. de C.V. - Mexico",Potosina
PSO,,"Aerotaxis Pegaso, S.A. De C.V. - Mexico",Aeropegaso
PSP,,"Publiservicios Aereos, S.A. de C.V. - Mexico",Publiservicios
PSQ,,"Aviones Para Serviale, S.A. de C.V. - Mexico",Serviaviones
PSS,,"RKC Progress, Air Company - Russian Federation",Progress
PST,7P,Parsa S.A. d/b/a Air Panama - Panama,Turismo Regional
PSU,,"PHS Premium Aviation and Handling Services, Sociedada Unipessoal Lda - Portugal",Premium
PSW,,Pskov State Aviation Enterprise - Russian Federation,Pskovavia
PSX,,"Pacific Southwest Airlines, Inc. - United States of America",Smiley
PSY,,Planificacion y Soluciones Aereas SL - Spain,Plysa
PSZ,,Pro Air Service - United States of America,Pop-Air
PTC,,Pilot Training College - Ireland,Mentor
PTD,,"Aero Servicio Tipy, S.A. de C.V. - Mexico",Pity
PTE,,"Aero Copter, S.A. de C.V. - Mexico",Aero-cop
PTJ,,"Airshows America ""The Patriots"" - United States of America",Patriot Team
PTK,,Petropavlovsk-Kachatsk Air Enterprise - Russian Federation,Petrokam
PTL,,Providence Airline - United States of America,Plantation
PTN,,Platoon Aviation GmbH & Co. KG - Germany,Platoon
PTO,,Pilot Training Network GmbH - Germany,Rookie
PTP,,Package Express - Palau,Trans Pacific
PTQ,,Port Townsend Airways - Australia,Townsend
PTR,P3,Porter Airlines Inc. - Canada,Dash Port
PTS,,"Performance Transportacion, S.A. de C.V. - Mexico",Pentra
PTT,,"Patriot Aviation, S.A. de C.V. - Mexico",Paviation
PTV,,Puntavia Air Services - Djibouti,Puntavia
PTW,VV*,"Pattaya Airways Co., Ltd. - Thailand",Pattaya
PTY,,Petty Transport LLC - United States of America,Petty
PTZ,,North-West Air Forest Fire Center - Russian Federation,Lesavia
PUE,PU,"Plus Ultra Lineas Aereas, S.A. - Spain",Spanish
PUF,,Wessex Aviation Limited t/a Air Alderney Limited - United Kingdom,Puffin
PUK,,Dillon Aero Inc - United States of America,Punker
PUL,,Ornge Global Air Inc - Canada,Pulse
PUN,,Punitz Flugbetrieb GmbH - Austria,Practise
PUR,,Spurwing Airlines (Pty) Ltd. - South Africa,Spurwing
PUT,,Aeroput - Yugoslavia,
PUV,,"Publivoo, Publicidade E imagens Aereas Lda - Portugal",Publivoo
PVA,,"Planet Nine Private Air, LLC - United States of America",Private Air
PVD,,PAD Aviation Service GmbH - Germany,Pad Aviation
PVE,,"Plan Aeronaves, S.A. de C.V. - Mexico",Plan Aeronaves
PVG,P6,Privilege Style Lineas Aereas S.A. - Spain,Privilege
PVI,,"Pana Via, S.A. - Panama",
PVJ,,Privajet Ltd - Malta,Jetline
PVK,,Association of Private Pilots of Kazakhstan - Kazakhstan,Boris
PVL,PB,PAL Airlines Ltd. - Canada,Provincial
PVO,,"Sky One Holdings, LLC d/b/a Privaira - United States of America",Private Orange
PVR,,Priv'Air - France,Privair
PVS,,Privatair Saudi Arabia Co. Ltd. - Saudi Arabia,Pasa
PVT,,Blocked -,
PVV,FP*,"CA Fly Pro SRL - Moldova, Republic of",Sunday
PWA,,Priester Aviation - United States of America,Priester
PWC,,Pratt And Whitney Canada Inc. - Canada,Pratt
PWF,JW,Private Wings Flugcharter GmbH - Germany,Private Wings
PWL,,Powell Air Ltd. - Canada,Powell Air
PWR,,"Quanta Aviation Services, LLC - United States of America",Powergrid
PXA,P3*,"Pecotox Air S.r.l. - Moldova, Republic of",Pecotox
PXG,,"Aitheras Aviation Group, LLC - United States of America",Phoenix Global
PXJ,,"Jet Team, Inc - United States of America",Phoenix Jet
PXP,,"Pacific air Transport, Inc. - United States of America",Pak Express
PXR,,PixAir Survey S.A.S. - France,Pixair
PXT,,Pacific Coast Jet - United States of America,Pack Coast
PXX,,"Aroostook Aviation, Inc. - United States of America",Pine State
PYA,,Pouya Air Lines - Iran,Pouya Air Lines
PYC,,"Aeropycsa, S.A. de C.V. - Mexico",Aeropycsa
PYN,,Haverfordwest Air Charter Services Ltd. t/a fly wales - United Kingdom,Poyston
PYR,PY*,Pyramid Airlines - Egypt,Pyramids
PYZ,,"Players Air, Inc. - United States of America",Players Air
PZA,,"Aereo Taxi Paraza, S.A. de C.V. - Mexico",Aereo Paraza
PZC,,Blocked -,
QAA,,Blocked -,
QAB,,Blocked -,
QAF,,Qatar Amiri Flight - Qatar,Amiri
QAH,,Quick Airways Holland B.V. - Netherlands,Quick
QAI,C4,"Conquest Air, Inc. d/b/a Conquest Air Cargo - United States of America",Chickpea
QAJ,,Quick Air Jet Charter GmbH - Germany,Dagobert
QAQ,,Qurinea Air Service - Libyan Arab Jamahiriya,Qurinea Air
QAS,,"Quisqueya Airlines, S.A. - Haiti",Quisqueya
QAT,,Aero Taxi - Canada,Air Quasar
QAV,,QA Aviation s.r.o. - Czech Republic,Quiet Aviation
QAZ,IQ,VietJetAir.com Qazaqstan Joint Stock Company - Kazakhstan,Samruk
QBA,,Queen Bilqis Airways - Yemen,Bilqis
QBD,,"Qingdao Air Express General Aviation Co., Ltd. - China",Seagull Air
QCC,,Qwest Commuter Corporation - United States of America,Qwest Air
QCL,VZ*,Air Express S.A. d/b/a Air Class Lineas Aereas - Uruguay,Acla
QCZ,,Blocked -,
QDA,QW,"Qingdao Airlines Co., Ltd. - China",Sky Legend
QDR,,Quadrotur Aero - Kazakhstan,
QEA,,Aviation Consultancy Office - Australia,
QFA,QF,Qantas Airways Ltd. - Australia,Qantas
QFF,DH,FlyAden Airlines - Yemen,
QFX,,SPARFELL Malta Limited - Malta,Sparfell
QFY,,Quality Fly S.A. - Spain,
QGA,,Windrose Air - Germany,Quadriga
QHD,WC,"Meregrass, Inc. - United States of America",Quahadi
QID,,United States Air Force 100th Air Refueling Wing - United States of America,Quid
QJA,,Quickjet Aviation (Pty) Ltd. - Namibia,Quickjet
QJE,,National Jet Systems Pty Ltd - Australia,Kanga
QJT,,"Qingdao Jiutian International Flight Academy Co., Ltd. - China",Jiu Tian
QLA,,Aviation Quebec Labrador LTEE - Canada,Quebec Labrador
QLK,,Qantaslink - Australia,Q Link
QMX,,"Quest Mexicana, S.A. de C.V. - Mexico",Quest Mexicana
QNN,,Blocked -,
QNT,HH,Limited Liability Company Qanot Sharq - Uzbekistan,Qanot Sharq
QNZ,,Jet Connect Ltd. - New Zealand,Qantas Jetconnect
QPL,,Grupo Desarrollador Qpula - Mexico,Qupula
QQE,,Qatar Executive - Qatar,Qrex
QQQ,,Blocked -,
QRJ,,Quattro Jet Havacilik Ticaret Anonim Sirketi - Turkey,Quattro
QSM,QB,Qeshm Air - Iran,Qeshm Air
QSR,,SR Jet Co. Ltd. - Chile,Sparkle Roll
QTA,,Blocked -,
QTB,,Blocked -,
QTR,QR,Qatar Airways Group Q.C.S.C. - Qatar,Qatari
QTX,,Quantex Environmental Inc. - Canada,Air Quantex
QUE,,"Gouvernement Du Quebec, Service Aerien Gouvernemental - Canada",Quebec
QUI,,"Aero Quimmco, S.A. de C.V. - Mexico",Quimmco
QUN,,Quicknet Air AB - Sweden,Quicknet
QWA,,Qwestair - Australia,
QXE,QX,"Horizon Air Industries, Inc. - United States of America",Horizon Air
QYT,,Qayatawa Air Limited d/b/a Qair - Nigeria,Taw Air
QZC,,Blocked -,
QZR,,Royal Zambian Airlines - Zambia,Royal Zam
RAA,,"Rynes Aviation, Inc. - United States of America",Rynes Aviation
RAC,,Royal Air Charters - Zambia,
RAD,,Alada Empresa de Transportes Aereos - Angola,Air Alada
RAF,,Farnas Aviation Services - Sudan,Farnas
RAG,,Xstrata Nickel - Canada,Raglan
RAH,,"Region Aero, LLC - Russian Federation",
RAI,,Raimon Airways - Iran,Raimon
RAJ,,Raji Airlines - Pakistan,Raji
RAK,,Riga Airclub (Latvian Professional Air Sport Center) - Latvia,Sport Club
RAL,,Roswell Airlines - United States of America,Roswell
RAM,AT,Royal Air Maroc - Morocco,Royalair Maroc
RAN,R4,Rano Air Limited - Nigeria,Rano Air
RAO,,Real Aerolub de Malaga - Spain,
RAP,,"Air Center Helicopters, Inc. - United States of America",Reptor
RAR,,Rotation International Air Services - Ethiopia,Rotation Air
RAS,,Jim Ratliff Air Service.Inc. d/b/a RAS - United States of America,Shanhil
RAU,,Uganda Royal Airways - Uganda,Uganda Royal
RAV,,Rollins Air S. de r.l. - Honduras,Rollins
RAW,,Regional Air Limited - Kenya,
RAX,,"Royal Air Freight, Inc. - United States of America",Air Royal
RAY,,Real Aeroclub de Navarra - Spain,
RAZ,,Real Aeroclub Zaragoza - Spain,
RBA,BI,Royal Brunei Airlines Sdn. Bhd. - Brunei,Brunei
RBC,,"Republicair, S.A. de C.V. - Mexico",Republicair
RBD,,CHC Helicopters Canada Inc - Canada,Redbird
RBE,,Air Rum Benin - Benin,Rum Benin
RBG,E5,Air Arabia Egypt - Egypt,Arabia Egypt
RBI,,"Major League Baseball Aces, LLC - United States of America",Major League
RBK,,Rio Baker - Chile,Riobaker
RBL,,Royal Belau Airways - Palau,Royal Belau
RBN,,"Red Baron Aviation, Inc. - United States of America",Red Baron
RBO,,Rainbow Cargo Express - Ghana,Race
RBR,,"Siam Airnet Co., Ltd. - Thailand",Siam Airnet
RBU,,Airbus France - France,Corvette
RBV,,Air Roberval - Canada,Air Roberval
RBW,,Shandong Airlines Rainbow Jet Co. Ltd. - China,Cai Hong
RCA,,Richland Aviation - United States of America,Richland
RCB,,Real Aero Club de Baleares - Spain,Baleares
RCD,,Real Aeroclub de Tenerife - Spain,Aeroclub
RCG,,Royal Air Cargo - South Africa,Royal Cargo
RCH,MC,Air Mobility Command (AMC) - United States of America,Reach
RCI,,Air Cassai Lda. - Angola,Air Cassai
RCJ,,Hawker Beechcraft Ltd - United Kingdom,Newpin
RCK,,Rocket Aviation Services Ltd - Nigeria,Rocket Aviation
RCL,,Real Aeroclub de Valencia - Spain,
RCM,,Air Cannes Mediterranee - France,Cannes Azur
RCN,,Race Cargo Airlines (Nig) Limited - Nigeria,Speed Cargo
RCO,,"Aero Renta de Coahuila, S.A. de C.V. - Mexico",Aerocoahuila
RCP,,"Aerocorp, S.A. de C.V. - Mexico",Aerocorpsa
RCR,NJ*,Romcargo Airlines S.r.l. - Romania,Romcargo
RCS,,"Air Consul, S.A. - Equatorial Guinea",Aeroconsul
RCV,,"Airclub Aviator, LLC - Russian Federation",Strimer
RCX,,Air Service Center Srl - Italy,Service Center
RCY,,"Package Express, Inc. - United States of America",Race City
RCZ,,Blocked -,
RDA,,Rada Airlines LLC - Belarus,Rada
RDB,,Ordabasy - Kazakhstan,Orda
RDC,,"Aerolineas Del Centro, S.A. de C.V. - Mexico",
RDF,,Eurocopter Deutschland GmbH - Germany,Red Fox
RDK,,Memorial Hermann Hospital System Life Flight - United States of America,Red Duke
RDL,,Heli-Team AS - Norway,Red Lift
RDM,,Air Ada - Mauritania,Air Ada
RDN,,Red Barn Operations - United States of America,Red Barn
RDP,,S.C. Euroject Romania S.A. - Romania,Jet-Arrow
RDR,,Goodridge (UK) Ltd. - United Kingdom,Red Star
RDT,,Blocked -,
RDV,,Rea Sea Aviation - Egypt,Red Aviation
RDW,,Valair AG (Helicoptere) - Switzerland,Roadwatch
RDX,,"Airflite, Inc. - United States of America",Red Sun
RDY,,"Phantom Services, LLC - United States of America",Rodney
RDZ,,Rodze Air Limited - Nigeria,Rodze Air
REA,L5,Red Air S.r.l. - Dominican Republic,Red Dominicana
REB,,Rebus - Bulgaria,Rebus
REC,,Trans Reco - Mauritania,Trans-Reco
RED,,Comite International de La Croix-Rouge Red Cross (International Committee) - Switzerland,Red Cross
REE,,Exclusive Aviation - Bahamas,Skyfall
REF,,Reef Air Ltd. (Air Transport (Chatham Islands) Ltd) - New Zealand,Reef Air
REG,8N,"Regional Air Services Limited - Tanzania, United Republic of",Regional Services
REH,,Reach Air Medical Services - United States of America,Reachmed
REI,,Ray Aviation - Israel,Ray Aviation
REJ,,SA Airlink Regional (Pty) Ltd - South Africa,Regional Link
REK,,Air Company Reem Air - Russian Federation,
REL,,Reliance Aviation - United States of America,Reliance Air
REM,,Rose Air Ltd. - Bulgaria,Rose
REN,,Arena Aviation Limited - United Kingdom,Arena
REO,,Rio Airways - United States of America,Rio
RER,6G,"Servicio Aereo Regional Cia, Ltda. - Ecuador",Regair
RES,,Australian Maritime Safety Authority (AMSA) - Australia,Search
RET,,Blocked -,
REU,UU,Air Austral SA - Reunion Island,Reunion
REV,,RVL Aviation Ltd - United Kingdom,Endurance
REY,,"Aero-Rey, S.A. de C.V. - Mexico",Aerorey
REZ,,"Airplanes, Inc. d/b/a Cal-West Aviation - United States of America",Cal Air
RFA,,Al-Rafedain Falcon Air Cargo - Iraq,
RFD,ZV,"Aerotransportes Rafilher, S.A. de C.V. d/b/a Aerus - Mexico",Rafilher
RFE,,Tulpar Aircompany Limited Trade Development - Russian Federation,Russian Express
RFF,,Russian Federation Air Force - Russian Federation,Russian Airforce
RFH,,"Yunnan Ruifeng General Aviation Co., Ltd. - China",Nut
RFI,,National Air Traffic Services Ltd - United Kingdom,Sherlock
RFR,,Royal Air Force - United Kingdom,Rafair
RFS,,"Rainier Flight Service, LLC - United States of America",Rainier Sky
RFT,,Academia Romana de Aviatie - Romania,Romanian Academy
RFX,,"J P Hunt, Inc., Air Carriers - United States of America",Reflex
RFY,,"Aerofly, S.A. de C.V. - Mexico",Aerofil
RFZ,,Singapore Flying College (Jet Operations) - Singapore,Raffles
RGA,,Swiss Air Ambulance Ltd. (Helicopter Rescue Guard) - Switzerland,Rega
RGB,,Regional Air - Bahamas,Regional Bahamas
RGC,,Servicios Aeroes Regiomontanos - Mexico,Regiomontano
RGD,,World Air Cargo Company (International Air Company) - Kuwait,Kuwait Cargo
RGE,,HG Aviation Limited - Bangladesh,Regent
RGG,,Royal Air (Gambia) Limited - Gambia,
RGK,,Real Aeroclub de Gran Canaria - Spain,Granca
RGL,,"Tradecraft Flying Service, LLC - United States of America",Ridgeline
RGM,MI*,PT. Raffles Global Angkasa (RGA) d/b/a Black Stone Airlines - Indonesia,Black Stone
RGN,,"Corporacion Ygnus Air, S.A. - Spain",Cygnus Air
RGO,,Regional Linhas Aeréas Ltda - Brazil,Passaro
RGP,,River State Government of Nigeria - Nigeria,Garden City
RGR,,"Avior Regional, C.A. - Venezuela",Avior Regional
RGS,,"Renown Aviation, Inc. - United States of America",Renown
RGV,,"RG Aviation, C.A. - Venezuela",Volon
RGY,,Regency Air - United States of America,Regency
RHC,,Redhill Aviation Ltd. - United Kingdom,Redair
RHD,,Babcock Mission Critical Services Onshore Ltd. - United Kingdom,Red Head
RHE,,UNC Air Operations - United States of America,Tar Heel
RHH,,Redstar Aviation - Turkey,Star Crescent
RHK,,Sovereign Business Jets Ltd. - United Kingdom,Redhawk
RHL,,Air Archipels - France,Archipels
RHT,,"Busy Bee Congo - Congo, The Democratic Republic of",Yellow Bee
RIA,,"Rich International Airways, Inc. - United States of America",Richair
RIC,,"Richardson's Airway, Inc. - United States of America",Richardson
RIF,,Federal Service of the National Guard Troops of The Russian Federation - Russian Federation,Intermin Avia
RIG,,Riga Airlines - Latvia,Riga Liner
RIL,,Regional Air - Mauritania,
RIM,,"Rimrock Airlines, Inc. - United States of America",Rimrock
RIN,,Little Rissington (RAF) - United Kingdom,Rissington
RIR,,Ronnair Oy - Finland,Ronnair
RIS,,Aeris Gestion S.L. - Spain,Aeris
RIV,GP,APG Airlines - France,Riviera
RIX,,"Rectrix Aviation, Inc. - United States of America",Rectrix
RIZ,,Alpine Wings S.r.l. - Italy,Alpine Wings
RJA,RJ,Alia - The Royal Jordanian Airline d/b/a Royal Jordanian - Jordan,Jordanian
RJB,,Panellenic Airlines S.A. - Greece,Panellenic
RJC,,"Richmor Aviation, Inc. - United States of America",Columbia Jet
RJD,RG,Rotana Jet Aviation d/b/a Rotana Jet - United Arab Emirates,Rotana
RJJ,,Rotor Jet S.A. - Panama,Mavex
RJM,,The Millen Corporation - United Kingdom,Millen
RJR,,Avionco US Ltd. - United States of America,Jumpjet
RJS,,"Aeroservicios Jet, S.A. de C.V. - Mexico",Aserjet
RJT,,"RA Jet Aeroservicios, S.A. de C.V. - Mexico",RA Jet
RJZ,,Royal Jordanian Air Force - Jordan,Jordan Air Force
RKJ,,"Charter Airlines, LLC - United States of America",Arca Jet
RKK,,"Stephens Investment Holdings, LLC - United States of America",Rocktown
RKN,,Shakh Air KZ - Kazakhstan,Kanion
RKP,,Aeroclip - Kazakhstan,Aeroclip
RKR,,"Rockair, Société - Madagascar",Rockair
RKS,,"ACP Jet Charters, Inc. d/b/a Phenix Jet - United States of America",Rockstar
RKW,,RJM Aviation - Chad,Bongor
RLA,,Tarp Aviation - Russian Federation,Rolema
RLB,2R,Sunlight Express Airways t/a Sunlight Air - Philippines,Sunlight
RLC,,Real Aeroclub de Lleida - Spain,
RLH,DR,"Sunan Ruili Airlines Co., Ltd. - China",Sendi
RLI,,"Reliant Air Charter, Inc. - United States of America",Reliant
RLJ,,"Empyreal Jet, Inc. - United States of America",Real Jet
RLK,,Air Nelson Ltd. - New Zealand,Link
RLL,,Air Leone Company Ltd. - Sierra Leone,Aeroleone
RLM,,Royal American Airways - United States of America,Royal American
RLO,,Revilo Aerospace Ltd. - Nigeria,Revilo
RLR,,Business Airfreight - United States of America,Rattler
RLS,,"S-Air, Private Joint-Stock Aviation Company - Russian Federation",S-Airlines
RLT,,Real Tonga Airline - Tonga,Real Tonga
RLU,7R,"Joint Stock Aviation Company ""RusLine"" - Russian Federation",Rusline Air
RLV,,Relative Aviation Ltd. - San Marino,Relative
RLX,6G*,Go2Sky spol s.r.o. - Slovakia,Relaxair
RLY,,Air Loyauté S.A.M.U. - New Caledonia,Loyaute
RLZ,,Air Alize - New Caledonia,Alize
RMA,,Rocky Mountain Airways - United States of America,Rocky Mountain
RMB,,Air Adriatic d.o.o. - Slovenia,Adriatic Jet
RMC,,RMC Group Services Ltd. - United Kingdom,Readymix
RMD,,Air Amder S.A. - Mauritania,Air Amder
RMF,,Royal Malaysian Air Force - Malaysia,Angkasa
RMG,,Rumugu Air & space Nigeria Limited - Nigeria,Rumugu Air
RMI,,Point Airlines Limited - Nigeria,Point Airline
RMK,,Simrik Airlines Pvt. Ltd. - Nepal,Simrik Air
RMO,,Arm-Aero - Armenia,Arm-Aero
RMR,,Romaero Ltd. - Romania,Romaero
RMS,,"TAS Aviation, Inc. - United States of America",Tass Air
RMT,,RAM Aircraft Corpration - United States of America,Ram Flight
RMU,,"C.S.P., Societe - Mauritania",Air-Maur
RMX,MR*,Air Master Aviation LLC - Egypt,Air Master
RMY,TH,Raya Airways Sdn. Bhd. d/b/a Raya Airways - Malaysia,Raya Express
RNA,RA,Nepal Airlines Corporation t/a Nepal Airlines - Nepal,Royal Nepal
RNB,,"Rosneft-Baltika, Joint-Stock Company - Russian Federation",Rosbalt
RNG,,Renegade Air Limited - Kenya,Renegade
RNI,,Rennia Aviation LLC - United States of America,Rennia
RNM,,"Aeronem, Air Cargo, S.A. - Ecuador",Aeronem
RNN,,Blocked -,
RNO,,Airone - Austria,Arnie
RNR,,"Air Cargo Masters, Inc. - United States of America",Runner
RNS,,"Ronso, S.A. de C.V. - Mexico",Ronso
RNT,,"Rentavion, C.A. - Venezuela",Rentavion
ROA,,Atom Airways - Romania,Atomways
ROB,,SLL Resources Limited - San Marino,Bat Jet
ROC,,Rocky Mountain Airlines - Canada,
ROD,,"Aerodan, S.A. de C.V. - Mexico",Aerodan
ROE,,Aeroeste Srl - Bolivia,Este-Bolivia
ROF,,Romanian Air Force - Romania,Romaf
ROG,,Fundacion Rego - Spain,Rego
ROI,9V,"Aviones de Oriente, C.A. (AVIOR) - Venezuela",Avior
ROJ,,Royal Jet - United Arab Emirates,Royaljet
ROK,,Red Rock Flight School - United States of America,Red Rock
ROL,,Aeroel Airways Ltd. - Israel,Aeroel
RON,ON,Nauru Air Corporation t/a Nauru Airlines - Nauru,
ROO,,"Aero Roa, S.A. de C.V. - Mexico",Aero Ria
ROP,,Royal Oman Police - Oman,
ROR,,Roraima Airways - Guyana,Roraima
ROT,RO,Compnia Nationala de Transporturi Aeriene Romane TAROM S.A. - Romania,Tarom
ROU,RV,Air Canada rouge LP - Canada,Rouge
ROW,,Nor Aviation - Norway,Rotorwing
ROY,,Roy Ritter Sky Dive - Israel,Sky Dive
RPA,YX,"Republic Airline, Inc. - United States of America",Brickyard
RPB,P5,"AeroRepública, S.A. t/a wingo - Colombia",Aerorepublica
RPC,,Aerolineas del Pacifico - Aeropacsa - Ecuador,Aeropacsa
RPI,,Paradise Air (Pvt) Ltd. - Sri Lanka,Paradiseair
RPM,,Polaris Aviation Solutions - United States of America,Cobalt
RPN,,US Immigration and Custom Enforcement - United States of America,Repatriate
RPP,,Government of the Philippines - Philippines,Pilipinas
RPR,,"Administracion Profesional de Aeronaves, S.A. de C.V. - Mexico",Aeroprofesional
RPS,,"Global Air Charter, Inc - United States of America",Response
RPT,,Blocked -,
RPX,,HD Air Limited - United Kingdom,Rapex
RQJ,,"Med Jets by Air Trek, Inc. - United States of America",Rescue Jet
RQR,,Blocked -,
RQT,,"Airquest Aviation, LP - United States of America",Air Quest
RRA,,Royal Rwanda Airlines - Rwanda,Royal Rwanda
RRB,,Aero Club de Castellon - Spain,
RRC,,"Aero Roca, S.A. de C.V. - Mexico",Aeroroca
RRE,,Aerotransportes Internacionales de Torreon S.A. de C.V. - Mexico,Aero Torreon
RRF,,UK Royal Positioning Flights (in military aircraft) - United Kingdom,Kitty
RRK,,Asia Continental Avialines - Kazakhstan,Rufa
RRL,,Rolls Royce Ltd. (Military Aviation) - United Kingdom,Merlin
RRO,,"Aerocredo, Closed Corporation - Russian Federation",
RRR,,RAF-HQSTC (Air Transport) - United Kingdom,Ascot/Kittyhawk
RRS,,Boscombe Down DERA (Formation) - United Kingdom,Blackbox
RRT,,Transportes Aereos Sierra Alta. S.A. de C.V. - Mexico,Sierra Alta
RRV,,Mombasa Air Safari Ltd. - Kenya,Skyrover
RRZ,,Rollright Aviation Ltd. - United Kingdom,Rollright
RSA,,Elisra Airlines - Sudan,Esra
RSB,,Rubystar - Belarus,Rubystar
RSC,,"Canarias Airlines Compañía de Aviación, S.L. - Spain",Canair
RSD,,"Special Detachment - Russia, Federal State Budget Institution - Russian Federation",State Aero
RSE,,Irose Limited - Bahamas,Irose
RSF,,Royal Saudi Air Force - Saudi Arabia,Arsaf
RSG,Z4*,The Red Sea Air Services Company d/b/a Fly Red Sea - Saudi Arabia,
RSI,,"Air Sunshine, Inc. - United States of America",Air Sunshine
RSJ,,"Rusjet, Joint-Stock Company - Russian Federation",Rusjet
RSK,,DSWA LLC - United States of America,Redskin
RSL,,"Panama Aircraft Rental and Sales, Inc. - Panama",Panama Rental
RSM,,Royal Star Aviation Inc. - Philippines,Royal Star
RSP,,"Superior Air Charter, LLC d/b/a Jetsuite Air - United States of America",Red Stripe
RSQ,,International SOS Windhoek - Namibia,Skymedic
RSS,,Rossair (Pty) Ltd. - South Africa,Ross Charter
RST,,Resort Air - United States of America,Resort Air
RSV,,Red Sky Ventures CC - Namibia,Red Sky
RSW,,"Royal Skyways Co., Ltd. - Thailand",Royal Sky
RSX,4S,Red Sea Airlines - Egypt,Red Sea
RSY,F7,The Airline iFly - Russian Federation,Russian Sky
RSZ,,Air Service State Company - Hungary,Hunser
RTA,,Blocked -,
RTC,,Blocked -,
RTD,,"L-3 Communications Flight International Aviation, LLC - United States of America",Riptide
RTE,,"Aero Transporte La Montana, C.A. - Venezuela",La Montana
RTF,,Ruta - Spain,
RTG,,Rely AS - Norway,Reitan
RTH,,"Rotorsun, S.L. - Spain",
RTL,ST,Air Thanlwin Holding Company Limited - Myanmar,Royal Bird
RTN,,Raytheon Aircraft Company - United States of America,Raytheon
RTO,,Rectimo Air Transports SAS - France,Raccoon
RTP,,Blocked -,
RTS,,Relief Transport Services Ltd. - United Kingdom,Relief
RTT,,"Titan Aero Airlines, Closed Joint-Stock Company - Russian Federation",Rustitan
RTU,,"Aerotucan, S.A. de C.V. - Mexico",Aerotucan
RTV,,Nortavia - Portugal,Tic-Tac
RTX,,Blocked -,
RTY,,Aims Community College - United States of America,Aims College
RTZ,,Regional Air Services - Romania,Aerotuzla
RUA,,Rwanda Airlines - Rwanda,
RUC,5R,"Rutas Aereas, C.A. d/b/a Rutaca Airlines - Venezuela",Rutaca
RUF,,"Air 1st Aviation Companies of Oklahoma, Inc. - United States of America",Rough Rider
RUH,,"Rusich-T, Aircompany CJSC - Russian Federation",
RUK,RK,Ryanair UK Limited - United Kingdom,Blue Max
RUM,,Air Rum Ltd. - Sierra Leone,Air Rum
RUN,9T*,ACT Havayollari A.S. (ACT Airlines) - Turkey,Cargo Turk
RUR,,"Russair Aircompany, Closed Joint Stock Company - Russian Federation",Russtar
RUS,,Sky Atlas - Russian Federation,
RUT,,Reut Airways Ltd - Israel,Yadid
RUZ,,Rosuertol - Russian Federation,Rostuertol
RVA,,Raven Air - United States of America,Raven Air
RVC,,"Richards Aviation, Inc. - United States of America",River City
RVE,,Airventure - Belgium,Airventure
RVG,,"Aerotours La Vina, S.A. de C.V. - Mexico",Aero Vina
RVI,,"Aero Servicios, S.A. de C.V. - Mexico",Aero Servicios
RVJ,,"Aircraft Management Group, Inc. - United States of America",Rivers Jet
RVM,,River Ministries Air Charter Services (Pty) Ltd - South Africa,River
RVN,,"Qualiflight Training, Inc. d/b/a Raven Air - United States of America",Raven U-S
RVP,,Sevenair Air Services - Portugal,Sevair
RVQ,,Aero Jet International - United States of America,Reva Air
RVR,,Cheshire Flying Services Ltd. d/b/a Raven Air Ltd. - United Kingdom,Raven
RVS,,Air Service S.A. - Gabon,
RVT,,Airline Rostvertol-Avia CJSC - Russian Federation,Rostvertol
RVU,,Sky Travel Ltd - Georgia,Georgian Balloon
RVV,,"Reeve Air Alaska, Inc. - United States of America",Reeve
RWB,,Alliance Express Rwanada (Rwanda) - Rwanda,
RWD,WB,RwandAir Limited - Rwanda,Rwandair
RWG,,"C & M Airways, Inc. - United States of America",Red Wing
RWK,,Air Tourisme Instruction Services - France,Airawak
RWL,,RWL Luftfahrtgesellschaft mbH & Co. KG - Germany,Rheintrainer
RWN,,"Red Wings, S.A. de C.V. - Mexico",Rohas
RWS,,Air Whitsunday - Australia,
RWY,,Aerogroup 98 Limited - United Kingdom,Tynwald
RWZ,WZ,CJSC Airline 400 - Russian Federation,Remont Air
RXA,ZL,Regional Express Pty Limited - Australia,Rex
RXC,,International Federation of Red Cross And Red Crescent Societies (IFRC) - Switzerland,
RXF,,"Shandong Dagao International Flight Academy Co., Ltd. - China",Aiden
RXF,,"Rizhao Ruixiang Flight Training Co., Ltd. - China",Aiden
RXI,RX,Aviation Service Company d/b/a Riyadh Air - Saudi Arabia,Riyadh
RXP,,RAM Express - Morocco,Express Maroc
RXT,,"Aeroxtra, S.A. de C.V. - Mexico",Aero-Extra
RXX,,King Air Charter - South Africa,
RYA,7S*,"Ryan Air, Inc. - United States of America",Ryan Air
RYB,,Royal Bahrain Airlines B.S.C. (Closed) - Bahrain,Royal Bahrain
RYJ,,Aerotaxis del Mediterraneo S.L. - Spain,Ryjet
RYR,FR,Ryanair Designated Activity Company - Ireland,Ryanair
RYS,RR*,Ryanair Sun S.A. t/a BUZZ - Poland,Magic Sun
RZA,,Jet Fighter Flights PTY Ltd. - Australia,Razor
RZB,,Regional Linhas Aereas S/A - Brazil,Aero Regional
RZC,,Blocked -,
RZN,GI*,"Gridiron Air, LLC - United States of America",Redzone
RZO,S4,"SATA International Servicos e Transportes Aereos, S.A. t/a Azores Airlines - Portugal",Air Azores
RZR,,Zephyr Express - United States of America,Recovery
RZT,,"Sun Ritz Jet Co., Ltd - China",Ritz Jet
RZZ,,"Anoka Air Charter, Inc. - United States of America",Red Zone
SAA,SA,South African Airways SOC Limited - South Africa,Springbok
SAB,,Schmiedel Air Service Tchad - Chad,Cheetah
SAC,,Sudanese Aeronautical Services Co. Ltd (Sasco Airlines) - Sudan,Sasco
SAE,,"Sampoerna Air Nusantara, PT. - Indonesia",Sampoerna
SAF,,Republic Of Singapore Air Force - Singapore,Singa
SAG,,China Southern Airline General Aviation Limited - China,Aero Eagle
SAH,,Smart Jet Sp. Z o.o. - Poland,Smart Jet
SAJ,,"Saint Jet Co., Ltd. - China",Saint Jet
SAK,,Red Arrows Display Squadron - United Kingdom,Red Arrows
SAL,,Sociedad Aeronautica Peninsular S.L. - Spain,
SAM,,United States Air Force 89th Airlift Wing - United States of America,Sam
SAN,,Silvair Sp. z.o.o. - Poland,Silvar Net
SAO,,Sahel Aviation Service - Mali,Savser
SAQ,K3,SAC (K) Limited - Kenya,Sinbad
SAR,,SprintAir Cargo Sp. z.o.o. - Poland,Sprintair Cargo
SAS,SK,Scandinavian Airlines System (SAS) - Sweden,Scandinavian
SAT,SP,SATA - Air Acores - Portugal,SATA
SAU,,"United Aviation Services, S.A. - Spain",Uniserve
SAV,,Sun Air Limited Liability Company - Vietnam,Sun Air
SAW,,Sarah Airways - Morocco,Sarah
SAX,,Sabah Air - Malaysia,Sabah Air
SAY,U3,"Air Company ""Sky Gates Airlines"" LLC - Russian Federation",Sky Path
SAZ,,Swiss Air-Ambulance Ltd. - Switzerland,Swiss Ambulance
SBA,,Sol Linhas Aereas Ltda - Brazil,Sol Brasil
SBB,,Skybridge International Balkan d.o.o. - Serbia,Balkan Jet
SBD,,Sibia Ltd. - Russian Federation,Sibia
SBE,,"World Class Jets, LLC - United States of America",Starbase
SBF,,"Seven Bar Flying Service, Inc. - United States of America",S-Bar
SBG,1S,"Sabre, Inc. - United States of America",
SBH,,"Aerosaab, S.A. de C.V. - Mexico",Aerosaab
SBI,S7,JSC Siberia Airlines d/b/a S7 Airlines - Russian Federation,Siberian Airlines
SBJ,,Trans Sahara Air Ltd. - Nigeria,Trans Sahara
SBK,,Blue sky Aviation Services Ltd - Kenya,Mawingu
SBL,,Sky Bird Airlines - Egypt,Sky Bird
SBO,4E,Stabo Air Limited - Zambia,Stabair
SBP,,Shahin Ball Parvaz - Iran (Islamic Republic Of),Shahin Ball
SBQ,,Smithkline Beacham Clinical Labs - United States of America,Skibble
SBR,,"Saber Aviation, Inc. - United States of America",Freighter
SBS,BB*,Seaborne Airlines - United States of America,Seaborne
SBT,,Taftan Airlines - Iran (Islamic Republic Of),Taftan
SBU,PV*,Saint Barth Commuter - St. Barthelemy,Black Fin
SBV,,Skyblue Aviation Ltd - United Kingdom,Ripple
SBW,,Snowbird Airlines Oy - Finland,Snowman
SBX,,"North Star Air Cargo, Inc. - United States of America",Sky Box
SCA,,"Sierra Charlie Aviation, LLC - United States of America",Aviator
SCB,,Sky Cabs (PVT) Ltd. - Sri Lanka,Sky Cabs
SCC,,"Seacoast Airlines, Inc. - United States of America",Sea-Coaster
SCD,,Associated Aviation Limited - Nigeria,Associted
SCF,,Socofer Lda - Angola,Socofer
SCI,,Servicios Aereos San Cristobal - Mexico,San Cristobal
SCJ,,"Spring City Aviation East, LLC - United States of America",Spring City
SCK,,Sky Cam - France,Skycam
SCM,,American Jet International Corp. - United States of America,Screamer
SCN,,"TWC Aviation, Inc. - United States of America",Silicon
SCO,,Air Charter Scotland Europe Ltd. - Malta,Braveheart
SCP,,Helicopter.pl S.A. - Poland,Sky Copter
SCQ,,OSM Aviation Academy AB - Sweden,Scavac
SCR,,Silver Cloud Air GmbH - Germany,Silver Cloud
SCS,,Charters (South African Non Schedules Airways (PTY) Ltd.) - South Africa,Southern Charters
SCT,,Saab-Aircraft AB - Sweden,Saab-Craft
SCU,,"Spartan Education, LLC d/b/a Spartan College of Aeronautics and Technology - United States of America",Skelly
SCV,,Servicios Aereos Del Centro. S.A. de C.V. - Mexico,Sacsa
SCW,CW,SkyWest Charter LLC - United States of America,Charter West
SCX,SY,Sun Country Inc d/b/a Sun Country Airlines - United States of America,Sun Country
SCZ,,Blocked -,
SDA,S8,Sounds Air Travel & Tourism Ltd. - New Zealand,
SDB,,Sukhoi Design Bureau Company - Russian Federation,Su-craft
SDD,,"R I C Inc., d/b/a Skymaster Air Taxi - United States of America",Sky Dance
SDE,,Air Partners Corp - Canada,Stampede
SDF,Z6,Sunrise Airways (Dominica) Limited - Antigua and Barbuda,Sunfly
SDG,S5,Ghodawat Enterprises Pvt. Ltd. d/b/a Star Air - India,Hi Star
SDH,,"Servicio de Helicopteros, S.L. - Spain",Arcos
SDI,,"Servicios Dinamicos De Aviacion, S.A. De C.V. - Mexico",Servi Dinamic
SDK,,SADELCA Colombia - Sociedad Aerea Del Caqueta Ltda - Colombia,Sadelca
SDM,FV,Rossiya Airlines JSC - Russian Federation,Rossiya
SDN,,Spirt of Africa Airlines - Sudan,Blue Nile
SDP,,Sama Airline - Yemen,Maeen
SDQ,,"Servicio y Mantenimiento Tecnico DQ, S.A. de C.V. - Mexico",
SDR,SR,Sundair GmbH - Germany,Sundair
SDS,,CAA Training Standards - United Kingdom,Standards
SDT,,"Terrain Sdp, S.A. - Spain",Terrain
SDU,,"Dumont Aircraft Charter, LLC d/b/a Dumont Aviation - United States of America",Santos
SDV,,Selva Colombia - Servicios Aereos Del Vaupes Ltda. - Colombia,Selva
SDX,,"Servicio Tecnico Aero de Mexico, S.A. de C.V. - Mexico",Servicio Tecnico
SDZ,,Sudan Pezetel For Aviation - Sudan,Sudana
SEA,,"Southeast Air, Inc. - United States of America",Southwest Air
SEB,M8*,Euroavia Airlines Limited - Cyprus,Euro Avia
SED,,Sedona Air Center - United States of America,Sedona Air
SEF,,"Aero Servicios Ejecutivas Del Pacifico, S.A. de C.V. - Mexico",Servipacifico
SEG,,Eagle International - Senegal,Sen-Eagle
SEH,GQ,Sky Express S.A. - Greece,Air Crete
SEI,,"Transportes Aeros Sierra Madre, S.A. de C.V. - Mexico",Transorte Sierra
SEJ,SG,SpiceJet Ltd - India,Spicejet
SEK,4R*,Star East Airline s.r.l. - Romania,East Rider
SEL,,Sentel Corporation - United States of America,Sentel
SEM,,"Cape Central Airways, Inc. - United States of America",Semo
SEN,,Señor Air S.A. de C.V. - Mexico,Senior Air
SEO,,Selcon Airlines Ltd. - Nigeria,Selcon Air
SEQ,,Sky Eyes Co. Ltd. - Thailand,Sky eyes
SER,,Sentra Airways Limited - United Kingdom,Mantis
SES,,"Servicio Aereo Saltillo, S.A. de C.V. - Mexico",Servisal
SET,,Solenta Aviation (Pty) Ltd - South Africa,Solenta
SEU,U5,SkyUp MT Limited - Malta,Sky Malta
SEV,,"Serair Transworld Press, S.L. - Spain",Cargopress
SEW,OW,Skyward Airlines Ltd. - Kenya,Skyward Express
SEY,HM,Air Seychelles Limited - Seychelles,Seychelles
SFB,,His Majesty The Sultan's Flight - Brunei,
SFC,,Shuswap Air - Canada,Shuswap
SFD,,Speed Fly - Spain,Draco
SFE,,Travis County EMS - United States of America,Star Flight
SFF,,"Safewing Aviation Company, Inc. - United States of America",Swiftwings
SFG,,Spree Flug Luftfahrt GmbH - Germany,Colorsky
SFH,,"North American Jet Charter Group, LLC - United States of America",Starfish
SFI,,"The Sky, Inc. - Korea, Republic of",Space Star
SFJ,7G,Star Flyer Inc - Japan,Starflyer
SFK,,Southair Ltd. (Sudurflug EHF) - Iceland,
SFL,,Southflight Aviation Ltd. - New Zealand,Southflight
SFM,,A-Safar Air Services Ltd. - Nigeria,Air Safar
SFP,,Safe Air International - Pakistan,Safe Air
SFR,FA,Safair Operations (Proprietary) Ltd. d/b/a Safair/FlySafair - South Africa,Cargo
SFS,,Swiss Flight Services SA - Switzerland,Topo
SFT,,"Skyfreight, Inc. - United States of America",Skyfreight
SFU,,Solent Flight Limited - United Kingdom,Saints
SFV,,"Safe Servicios Aereos, S.A. de C.V. - Mexico",Safe Servicios
SFX,,"South Carolina Aviation Management, LLC. - United States of America",Swamp Fox
SFY,,Skyborne Airline Academy Inc. - United States of America,Sky Flite
SGA,Y9,"Sky Guard, LLC - Uzbekistan",Sky Guard
SGC,,Spec Energy - San Marino,Spec Wings
SGD,XO,"South East Asian Airlines (Seair) International, Inc. - Philippines",Air Blue
SGE,,"Longhorn Helicopters, Inc. d/b/a Helicopter Institue - United States of America",Sage Air
SGH,,Servisair Ltd. - United Kingdom,Servisair
SGI,,Servicios Aereos Agricolas Ltda. - Chile,Seragri
SGL,,7Star Global Airlines Limited - Nigeria,Star Wings
SGM,,Sky Aircraft Service - Netherlands,Sigma
SGO,,Admiral Beverage Corporation - United States of America,Speedgoat
SGP,,Sagolair Transportes Ejecutivos S.L. - Spain,Sagolair
SGQ,,SaudiGulf Airlines - Saudi Arabia,Saudi Gold
SGS,,Saskatchewan Government Executive Air Service - Canada,Saskatchewan
SGT,,Stargate Aviation CC - South Africa,Stargate
SGX,S9,Tri-State Charter LLC d/b/a Slate Aviation - United States of America,Slate Global
SHA,N9,Shree Airlines Pvt. Ltd. - Nepal,Shree-Air
SHC,,"Sky Harbor Air Service, Inc. - United States of America",Sky Harbor Cheyenne
SHE,,Siamwings Airlines - Thailand,Siam Wings
SHF,,Support Helicopter Force - United Kingdom,Vortex
SHG,,Shoprite Group Ltd. - United Kingdom,Shop Air
SHH,DO,SKYhigh Aviation Services Dominicana S.A. - Dominican Republic,Sky Domenicana
SHI,IS,Sepehran Airlines - Iran,Shirazi
SHJ,,Sharjah Ruler's Royal Flight - United Arab Emirates,Sharjah
SHL,,Samson Aviation Ltd. - United Kingdom,Samson
SHM,,Sheltam Aviation CC - South Africa,Sheltam
SHN,,Shaheen Airport Services - Pakistan,Sugar Alfa
SHO,,Sheremetyevo-Cargo JSC - Russian Federation,
SHP,,SAF Helicopteres - France,Saf
SHR,,Soroush Airlines - Iran,
SHS,5G*,Shirak Avia LLC - Armenia,Shirak
SHT,,British Airways Shuttle Flights - United Kingdom,Shuttle
SHU,HZ,"Joint- Stock Company ""Aurora Airlines"" - Russian Federation",Aurora
SHV,,"Shavano Air, Inc. - United States of America",Shavano
SHW,,KN Helicopters A/S - Denmark,Shadow
SHX,,Slim Aviation Services Limited - Nigeria,Slim Air
SIA,SQ,Singapore Airlines Limited - Singapore,Singapore
SIB,,Sea Air Ltd. - Slovenia,Sea Air
SID,,Sideral Linhas Aereas Ltda - Brazil,Sideral
SIE,,Sierra Express - United States of America,Serex
SIF,PF,AirSial Limited - Pakistan,Air Sial
SIH,,"SkyRoads Aviation, LLC - United States of America",Sky Roads
SII,,"Aero Servicios Ejecutivos Internacionales, S.A. de C.V. - Mexico",Aseisa
SIJ,,"Seco International, Inc. - Japan",
SIM,,Star Air Limited - Sierra Leone,
SIN,9A*,Sin-Kung Airways Sdn Bhd - Malaysia,
SIO,,Sirio S.p.A. - Italy,Sirio
SIP,,"Servicio Integral Techico de Aeronaves, C.V. de C.V. - Mexico",Siteco
SIQ,,Atmospheric Research Boulder - United States of America,Science Quest
SIR,,"Salair, Inc. - United States of America",Salair
SIS,,"Scott Aviation, LLC d/b/a Silver Air - United States of America",Silver Speed
SIT,XS,SITA - Airlines Worldwide Telecommunications and Information Services - Belgium,
SIU,,"Sirius Airlines Co., Ltd. - Korea, Republic of",Sirius
SIV,,Solenta Aviation Cote D'Ivoire - Cote D'Ivoire,Solent-Ivoire
SIX,,"Sixt Rent A Car, LLC - United States of America",Drive Orange
SIY,,Executive Aviation Corporation - United States of America,Serenity
SIZ,,"Aero Silza, S.A. de C.V. - Mexico",Aerosilza
SJA,,"Sawyer Aviation, LLC - United States of America",Sawyer
SJC,,"Servicios Ejecutivos Continental, S.A. de C.V. - Mexico",Serviejectivo
SJD,,"Sino Jet Co., Ltd. - China",Air Sino
SJE,,Sun Air Jets - United States of America,Sun Journey
SJF,,Fly Skyjet - Niger,Harmattan
SJG,,ALG Group LLC - United States of America,Summer Jet
SJI,,Smart Jet International Sp. Z.o.o. - Poland,Rhino
SJJ,,"Spirit Jets, LLC - United States of America",Spirit Jet
SJL,,Sky Jet LLC - Kyrgyzstan,Kamila
SJM,,Sino Jet Management Limited - China,Sino Sky
SJN,,"Rugby Aviation, LLC d/b/a San Juan Airlines - United States of America",San Juan
SJO,IJ,Spring Japan Co. Ltd. - Japan,Jey Spring
SJS,,"Skyjets & Support, S.A. de C.V. - Mexico",Jet Port
SJT,,Asa Jet Airlines - Iran,Asajet Airlines
SJU,,Sky Jet - Uganda,
SJV,IU,PT. Super Air Jet - Indonesia,Prosper
SJX,,"Starlux Airlines Co., Ltd. - Taiwan",Starwalker
SJY,SJ,Sriwijaya Air PT - Indonesia,Sriwijaya
SKA,,Rio Air Express S/A - Brazil,Rio Express
SKD,,"Sky Harbor Air Service, Inc. - United States of America",Sky Dwag
SKE,,"Sky Tours, Inc. - United States of America",Skyisle
SKF,,"Skycraft, Inc. - United States of America",Skycraft
SKH,,British Sky Broadcasting Ltd. - United Kingdom,Skynews
SKJ,,Sky Net Airline - Armenia,Skynet Air
SKK,KP,Compagnie aérienne ASKY - Togo,Asky Airline
SKL,,Skycharter (Malton) Limited - Canada,Skycharter
SKM,,Fayetteville Flying Service And Scheduled Skyways System - United States of America,Skytem
SKN,,"Skyline Aviation Services, Inc. - United States of America",Skyliner
SKO,,Scottish Airways Flyers Ltd. - United Kingdom,Skywork
SKP,QN,Skytrans Australia Pty Ltd - Australia,Skytrans
SKQ,,"Labcorp, Inc. - United States of America",Skylab
SKR,,Skyscapes Air Charters - South Africa,Skyscapes
SKS,,Sky Link Aviation Services - Pakistan,
SKT,,"Aero Skytropic, S.A. - Panama",Skytropic
SKU,H2,Sky Airline S.A. - Chile,Aerosky
SKV,,Skyside GmbH - Austria,Sky Side
SKW,OO,SkyWest Airlines - United States of America,Skywest
SKX,H8,Sky Airline Peru S.A.C. - Peru,Sky Peru
SKY,BC,Skymark Airlines Co. Ltd. - Japan,Skymark
SLB,,Slok Air Limited - Nigeria,Slok Air
SLE,,Streamline CC - South Africa,Slipstream
SLF,,Skyline Airlines - Kyrgyzstan,Kyrgyz Eagle
SLG,,Saskatchewan Government Air Ambulance Service - Canada,Lifeguard
SLH,,"Silverhawk Aviation, Inc. - United States of America",Silverhawk
SLI,5D,"Aerolitoral, S.A. de C.V., d/b/a Aeroméxico Connect - Mexico",Costera
SLJ,,Slam Lavori Aerei S.R.L. - Italy,Slamair
SLL,,Skylink Aviation Limited - Kenya,
SLM,PY,Surinam Airways Ltd. - Suriname,Surinam
SLN,,Sloane Helicopters - United Kingdom,Sloane
SLO,,"Edgartown Air, Inc. - United States of America",Slow
SLP,,Salpa Aviation Co. Ltd. (Sudan) - Sudan,Salpa
SLQ,,Skylink Express Inc - Canada,Skylink
SLS,,Super Legacy XP Ltd. - San Marino,Power Blade
SLU,,Avio Sluzba - Yugoslavia,Avio Sluzbe
SLV,,Stella Aviation - Mauritania,Avistella
SLW,,Salama Airlines Nigeria Limited - Nigeria,Salma Air
SLX,,Sky Line Airlines - Kazakhstan,Slatour
SLY,,Sky Line For Air Services Ltd. - Sudan,Skyco
SLZ,,Super Luza - Angola,Luza
SMA,,SMA Airlines Nig. Limited - Nigeria,Sesame
SMB,,Skymark Executive S.r.l. - San Marino,Skymark Elite
SMC,,Comlux San Marino S.r.l. - San Marino,Comlux
SMD,,SMJet S.r.l. - San Marino,Skymap
SME,,Smart Aviation Company - Egypt,Smart Aviation
SMF,,San Marino Executive Aviation S.r.l. - San Marino,Seres
SMG,,Smartline Luftfahrt GmbH - Austria,Smartline
SMH,,"Smithair, Inc. - United States of America",Smithair
SMI,,"Aero Sami, S.A. de C.V. - Mexico",Sami
SMK,4K,Freedom Airline Express - Somalia,Freedomsomali
SML,,Skyline Aviation S.r.l. - San Marino,Skyline
SMN,,"Simargl Ltd, Aircompany - Russian Federation",Simavia
SMO,,"Servicios Aereos Automotriz, S.A. de C.V. - Mexico",Serviautomotriz
SMP,,Prima Aviation S.r.l. - San Marino,Prima Aviation
SMQ,,Samar Air - Tajikistan,Samar Air
SMR,SZ,Aircompany Somon Air LLC - Tajikistan,Somon Air
SMS,,Linhas Aereas Santomenses - Sao Tome and Principe,Santomenses
SMT,,Skyline Ltd. - Nigeria,Skylimit
SMU,,Sanborn Map Company - United States of America,Springer
SMV,,Smart Aviation - France,Smart Aviation
SMW,,Carpatair Flight Training - Romania,Smart Wings
SMX,,Swanton Morley (RAF) - United Kingdom,Swanton
SMY,,"SMM Flight Services, S.A. de C.V. - Mexico",Cabo Cacti
SNA,RD,"LogicPaq Btd, s.r.l. d/b/a Sky Cana - Dominican Republic",Cana
SNC,2Q,"Air Cargo Carriers, LLC. - United States of America",Night Cargo
SND,,Skytraders Pty Ltd. - Australia,Snowbird
SNF,,Sunair - Israel,Matzada
SNG,LT,"LongJiang Airlines Co., Ltd. - China",Snow Eagle
SNI,,Savanah Airlines Limited - Nigeria,Savanahline
SNJ,6J,Solaseed Air Inc. - Japan,Newsky
SNK,,"Sun Jet International, Inc. d/b/a Southeast Airlines - United States of America",Sun King
SNL,,"Soonair Lines, Inc. - United States of America",Soonair
SNM,,Servizi Aerei S.p.A. - Italy,Servizi Aerei
SNN,,Blocked -,
SNO,,Delta Air Charter Ltd. - Canada,Snowball
SNP,,"Sun Pacific International, Inc. - United States of America",Sun Pacific
SNQ,,"Sun Quest Executive Air Charter, Inc. - United States of America",Execu-Quest
SNR,SO,Sun Air Co. - Sudan,Sun Group
SNS,,Société Centrafricaine de Transport Aerien - Central African Republic,
SNT,,"Suncoast Aviation, Inc. - United States of America",Suncoast
SNU,,Snunit Aviation - Israel,
SNV,,Sudanese States Aviation Co. Ltd. - Sudan,Sudanese
SNW,,Sun West Airlines - United States of America,Sun West
SNY,,"Servicios Aeronauticos de Nayarit, S.A. de C.V. - Mexico",
SNZ,,Sansar Aviation International - Canada,
SOA,PL*,Southern Air Charters Co. Ltd. - Bahamas,South Aircharter
SOB,,Stabo Freight Limited - Zambia,Stabo
SOD,,"Aerolineas Sol, S.A. de C.V. - Mexico",Alsol
SOE,,"Air Soleil, Société - Mauritania",Air Soleil
SOG,,Aero Soga Ltd. - Guinea Bissau,Aerosoga
SOH,,Southern Ohio Aviation Sales Co. - United States of America,Southern Ohio
SOI,,Southern Aviation Limited - Zambia,Soavair
SOK,,"S.A.C. Industries, LLC - United States of America",Snow Ski
SOL,IE,Solomon Airlines - Solomon Islands,Solomon
SOM,,"Aero Salmon, S.A. de C.V. - Mexico",Aero-Sal
SON,,Acass Ireland Ltd. - Ireland,Sonas
SOP,ZS,Solinair Latelsko Podjetjet d.o.o. - Slovenia,Solinair
SOR,,"SonAir Serviço Aéreo, S.A.R.L. - Angola",Sonair
SOS,,Blocked -,
SOT,,"Southeast Correct Craft, Inc. - United States of America",South courier
SOU,,South Pacific Airlines Ltd. - Hong Kong,Paradise
SOW,,Pink Sparrow GmbH - Austria,Sparrow
SOY,,"Island Aviation, Inc. - Philippines",Soriano
SPA,SI*,"Sierra Pacific Airlines, Inc. - United States of America",Sierra Pacific
SPB,,Springbok Classic Air - South Africa,Spring Classic
SPC,,Skyworld Airlines - United States of America,Port
SPD,,Sky Prime Aviation Services - Saudi Arabia,Sky Prime
SPE,,Sprague Electric Co. - United States of America,Sprague
SPF,,Space World Airline - Nigeria,Space World
SPG,,Nordjet Airlines SL - Spain,
SPH,,Sapphire Executive Air - South Africa,Sapphire-Charter
SPI,,"South Pacific Island Airways, Inc. - United States of America",South Pacific
SPK,,"Solsars Lab, LLC - United States of America",Solstas Lab
SPL,,"Servicios Corporativos Aereos de la Laguna, S.A. de C.V. - Mexico",Corporativos Laguna
SPM,PJ,Air Saint Pierre - St. Pierre and Miquelon,
SPO,,Sporavia S.L. - Spain,Sporavia
SPP,,"Sapphire Aviation, Inc. - United States of America",Sapphire
SPQ,9G,Sun PhuQuoc Airways - Vietnam,Sun Lux
SPR,,PAL Aerospace Ltd. - Canada,Speedair
SPS,,"SPASA (Servicios Politecnicos Aereos, S.A.) - Spain",Salduero
SPT,,Servicio Superior Ejecutivo S.A. de C.V. - Mexico,Servicios Sup
SPU,,Southeast Airmotive Corp. - United States of America,Sputter
SPV,,"Servicios Privados de Aviacion, S.A. de C.V. - Mexico",Servicios Privados
SPW,,Speedwings SA - Switzerland,Speedwing
SPX,,Service People Gesellschaft Fur Charter Und Service mbH - Germany,
SPZ,,Airworld (Pty) Ltd. - South Africa,Speed Service
SQA,,Slovak National Aeroclub - Slovakia,Slovak Aeroclub
SQB,,South Air (Pvt.) Limited - Pakistan,Air South
SQD,,"Tomorrow's Aeronautical Museum, Inc. - United States of America",Aero Squad
SQF,,Slovak Air Force - Slovakia,Slovak Air Force
SQH,,Backcountry Aviation LLC - United States of America,Sasquatch
SQL,,"Servicios de Alouiler Aereo, S.A. de C.V. - Mexico",Alquiler
SQP,PQ,SkyUp Airlines - Ukraine,Skyup
SQR,,Alsaqer Aviation - Libyan Arab Jamahiriya,Alsaqer Aviation
SQS,,"ASI Pudjiastuti Aviation, PT - Indonesia",Sky Queen
SQU,,AeroSpatialle - United States of America,Remudo
SQY,4V,"Sky Up Nistru S.r.l. - Moldova, Republic of",Sky Tiras
SRA,,Saudi Royal Aviation - Saudi Arabia,Saudi Arabian
SRB,,Serbian Air Force - Serbia,Serbian Air Force
SRC,,Searca Ltda. - Colombia,Searca
SRD,,HM Coastguard - United Kingdom,Coastguard
SRE,,"Serami, C.A. - Venezuela",Serami
SRF,,Transportes Aereos San Rafael Ltda. - Chile,San Rafael
SRG,,Maritime and Coastguard Agency - United Kingdom,British Rescue
SRI,,Air Safaris And Services (NZ) Ltd. - New Zealand,Airsafari
SRJ,,SuriJet.com Inc. - Suriname,Surijet
SRK,,EATIS (European Aero Training Institute Strasbourg) - France,Shark Jet
SRM,,"Stars de Mexico, C.V. de S.A. - Mexico",Tarmex
SRN,P8*,SprintAir SA - Poland,Sprintair
SRP,,Bereitschaftspolizei Rheinland-Pfalz - Germany,Sperber
SRQ,DG,Cebgo Inc. d/b/a Cebgo - Philippines,Blue Jay
SRR,DJ*,Maersk Air Cargo A/S - Denmark,Whitestar
SRS,IH,Southern Sky Airlines - Kazakhstan,Sky South
SRU,2I,Star Up S.A. dba Star Peru - Peru,Star-up
SRV,,"Aero Servicio Corporativo, S.A. de C.V. - Mexico",Servicorp
SRW,,Sarit Air Lines - Sudan,Saria
SRX,,Sierra Expressway Airlines - United States of America,Sierra Ex
SRY,VC,"Sterling Airways, Inc. dba Sterling Airways-Aleutian Airways - United States of America",Stingray
SRZ,,Strato Air Services - South Africa,Strato
SSC,,"Southern Seaplane, Inc. - United States of America",Southern Skies
SSD,,Star Service International - France,Star Service
SSE,,Sorens Aero SM S.r.l. - San Marino,
SSF,D2*,Severstal Aircompany Ltd. - Russian Federation,Severstal
SSG,,Slovak Government Flying Service - Slovakia,Slovak Government
SSH,,"Heritage Aviaiton, Inc. d/b/a Heritage Flight - United States of America",Snowshoe
SSI,,Superior International Airlines - Nigeria,Super Jet
SSJ,KV,"Krasavia, Joint-Stock Company - Russian Federation",Siberian Sky
SSK,,"Skystar International, Inc. - United States of America",Skystar
SSL,,Air Sultan Limited - Sierra Leone,Sierra Sultan
SSM,,Aero 1 Prop-Jet Inc. - Canada,Rapid
SSN,,Sahel Aviation Service SARLU - Niger,Sahel Aviation
SSO,,S&S Orinoco Aviation C.A. - Venezuela,Orinoco
SSP,,Starspeed Ltd. - United Kingdom,Starspeed
SSQ,,Sunstate Airlines (QLD) Pty Ltd. - Australia,Sunstate
SSR,,Sardinian Sky Service s.r.l. - Italy,Sardinian
SSS,,"Compania de Servicios Aereos, S.A. (SAESA) - Spain",Saesa
SST,,Royal Canadian Mounted Police - Canada,Stetson
SSU,,Servicios Aereos Sucre C.A. (SASCA) - Venezuela,Sasca
SSY,,Sky Aviation Ltd. - Sierra Leone,Sierra Sky
SSZ,,Specsavers Aviation Ltd. - United Kingdom,Specsavers
STA,,Star Aviation - United Kingdom,Star
STB,LE,St Barth Executive - St. Barthelemy,Sea Barth
STD,,"Servicos de Aerotransportacion de Aquascalientes, S.A. de C.V. - Mexico",Aero Aguascalientes
STE,,Fly Famg t/a Agulhas 360 - South Africa,Steamline
STF,,SFT-Sudanese Flight - Sudan,
STG,,"Sedalia, Marshall, Boonville Stage Line, Inc. - United States of America",Stage
STH,,RTE / STH - France,Zeltron
STJ,,"Emper General Aviation (Suzhou) Co., Ltd. - China",Kingsman
STL,,Stapleford Flight Centre - United Kingdom,Stapleford
STM,,Skystream Airlines AS - Estonia,Skystream
STN,,St. Athan MU - United Kingdom,Saint Athan
STO,,"Streamline Ops, CJSC - Russian Federation",Slops
STP,8F,STP Airways - Sao Tome And Principe,Saotome Airways
STQ,,Star Wings Dortmund Luftfahrtgesellschaft mbH - Germany,Startrek
STT,ST*,"Western Aircraft, Inc. - United States of America",Sawtooth
STV,,Saturn Aviation - United States of America,Saturn
STW,2S,Southwind Airlines - Turkey,Moon Star
STX,,Stars Away Aviation - South Africa,
STY,,"Altius Aviation, LLC - United States of America",Altair
STZ,,Biz Africa 1019 CC t/a Studio 88 Aviation - South Africa,Studio
SUA,,Silesia Air J.S.C. - Czech Republic,Air Silesia
SUB,,"Suburban Air Freight, Inc. - United States of America",Sub Air
SUC,,"Sunfly, S.L. - Spain",
SUD,SD,Sudan Airways Co. Ltd. - Sudan,Sudanair
SUE,,Su Airlines - The Gambia,Su Airlines
SUG,,Sunu Air SA - Senegal,Sunu Air
SUH,,"Suravia, S.A. Fotografía Aérea Comercial - Spain",
SUI,,Bundesamt Fur Betriebe Der Luftwaffe (BABLW) (Swiss Airforce) - Switzerland,Airforce Switzerland
SUJ,,Sunjet Airlines Ltd. - United Kingdom,Sunjet
SUK,,Superior Aviation Services Ltd. - Kenya,Skycargo
SUM,,State Unitary Air Enterprise - Russian Federation,Sumes
SUO,,"Aeroservicios de San Luis, S.A. de C.V. - Mexico",Servicio Sanluis
SUP,,"Aeronautical Charters, Inc. - United States of America",Sun Speed
SUQ,,Superior Air S.A. - Greece,Superior
SUR,,Sun Air - Egypt,
SUS,EZ*,Sun Air of Scandinavia A/S - Denmark,Sunscan
SUT,,Summit Air Limited - Canada,Summit
SUU,,Star West Aviation - United States of America,Sunstar
SUY,,Aerial Surveys (1980) Ltd. - New Zealand,Survey
SUZ,,Zeusch Aviation B.V. - Netherlands,Leader
SVA,SV,Saudi Arabian Airlines - Saudi Arabia,Saudia
SVB,,"SiAvia, d.o.o. - Slovenia",Siavia
SVC,,Blocked -,
SVD,,St. Vincent Grenadines Air (1990) Limited - St. Vincent and the Grenadines,Grenadines
SVE,,"Aero Servicios Especializados, S.A. de C.V. - Mexico",Aeroespecial
SVF,,Swedish Armed Forces - Sweden,Swedeforce
SVG,,Solenta Aviation Gabon - Gabon,Solavia
SVI,0S,Sky Vision Airlines Co. - Egypt,
SVL,,"Alante Air Charter, LLC - United States of America",Sun Devil
SVN,,Savanair (Angola) Lda. - Angola,Savanair
SVO,,"Servicios Aeronauticos de Oriente, S.A. de C.V. - Mexico",Servioriente
SVP,,"Saratov Aviation Plant, Joint-Stock Company - Russian Federation",Sazavia
SVR,U6,Ural Airlines - Russian Federation,Sverdlovsk Air
SVS,,SAS Link AB - Sweden,Discover
SVT,,Sakhaviatrans - Russian Federation,Air Sakhalin
SVW,,Global Jet Luxembourg S.A. - Luxembourg,Silver Arrow
SVX,,"Security Aviation, Inc. - United States of America",Security Air
SVY,,Cooper Aerial Surveys Ltd. - United Kingdom,Surveyor
SVZ,,"Servicios Ejecutivos Aereos Viz, S.A de C.V. - Mexico",Servicios Viz
SWA,WN,Southwest Airlines Co. - United States of America,Southwest
SWB,,"CASS Professional Services, Corp. - United States of America",Swift Bird
SWC,,Heliair Sweden AB - Sweden,Swedcopter
SWD,,"Trifly, LLC - United States of America",Sawblade
SWE,,Svenskt Ambulansflyg - Sweden,Swedecare
SWF,,Galair International Limited - United Kingdom,Galair
SWI,,"Sunworld International Airlines, Inc. - United States of America",Sunworld
SWJ,,Sky Wings Flight Support Services - Pakistan,
SWK,,General Aerospace Inc. - Canada,Skywalker
SWL,,"Southwings (Thailand) Co., Ltd. - Thailand",South Wings
SWM,ZA,"Sky Angkor Airlines Co., Ltd. d/b/a Sky Angkor Airlines - Cambodia",Sky Angkor
SWN,T2,West Atlantic Sweden AB - Sweden,Air Sweden
SWO,,Suriname International Victory Airline N.V. - Suriname,Siva
SWP,,Star Work Sky - Italy,Star Work
SWR,LX,Swiss International Airlines Ltd. d/b/a Swiss - Switzerland,Swiss
SWS,,"Lindquist Investment Co., Ltd. d/b/a Sunwest Aviation - United States of America",Sunny West
SWT,WT,"Swiftair, S.A. - Spain",Swift
SWU,BQ,Sky Alps S.r.l. - Italy,Skyalps
SWV,,Kommunalförbundet Ambulanshelikopter Värmland-Dalarna - Sweden,Swedemed
SWW,,Swiss Private Jet SA - Switzerland,Lake
SWX,,Wermlandsflyg AB - Sweden,Swedair
SWY,,"Skyways, CJSC - Russian Federation",
SXA,,"Southern Cross Aviation, Inc. - United States of America",Ferry
SXC,,Sky Exec Aviation Services - Nigeria,Sky Exec
SXE,,Air Sierra Leone - Sierra Leone,Salone Air
SXF,,"Southern Cross Aviation Inc., LLC - United States of America",Southern Flight
SXI,,Southern Cross International - Netherlands,Southern Cross
SXJ,,Shanxi Shenfei Jet Co. Ltd. - China,Big Wing
SXL,,"Cornerstone Aviation, LLC d/b/a Skyline Flight - United States of America",Sonic
SXM,,St. Maarten Airways - St. Martin,Saint Maarten
SXN,,SaxonAir Charter Ltd. - United Kingdom,Saxonair
SXS,XQ*,SunExpress - Güneş Ekspres Havacilik A.S. - Turkey,Sunexpress
SXX,,"Satellite Aero, Inc. - United States of America",Satellite Express
SXY,ZF*,Safari Express Cargo Limited - Kenya,Safari Express
SXZ,,"Great Circle Aviation, LLC - United States of America",Stagecoach
SYB,,Skyservice Business Aviation Inc - Canada,Skybiz
SYC,,"Systec 2000, Inc. - United States of America",Systec
SYD,,Flying Ambulance (Pty) Ltd t/a Aerocare - South Africa,Skydoctor
SYE,,Sheba Aviation - Yemen,
SYF,,"Sky One Express Airlines, Inc. - United States of America",Sky First
SYG,YD,Ascend Airways Limited - United Kingdom,Synergy
SYH,,Patient Airlift Services t/a SkyHope - United States of America,Sky Hope
SYI,,"Sonalysts, Inc. - United States of America",
SYJ,,Slate Falls Airways Ltd. - Canada,
SYK,,"J And A Properties d/b/a Satsair, Inc. - United States of America",Aerocab
SYL,R3,JSC Airline Yakutia - Russian Federation,Air Yakutia
SYM,,Sky Services Malta Ltd. - Malta,Volo Sky
SYN,,Syncrude Canada Ltd. - Canada,Syncrude
SYO,,Syerston FTU - United Kingdom,Syerston
SYP,,Synesis Aviation Ltd. - Cyprus,Synesis
SYR,RB,Syrian Arab Airlines - Syrian Arab Republic,Syrianair
SYS,,Shawbury FTU - United Kingdom,Shawbury
SYT,,Aerosud Aviation - South Africa,Skytrack
SYU,,Sky Unlimited - Netherlands,Sky Unlimited
SYV,,"Special Aviation Systems, Inc. - United States of America",Special System
SYW,,Star Fly Wings d.o.o. - Serbia,Fast Star
SYX,,"South Aero, Inc. - United States of America",Skyvan
SYY,,South African Historic Flight - South Africa,Sky Coach
SYZ,,Southend Cargo Airlines - Zimbabwe,Southend
SZA,,"Astro Air Co., Ltd. - China",Air Astro
SZC,,Blocked -,
SZG,,Shtotz Agro Service - Belarus,Stotz Agro
SZJ,,Spring Jet Limited - China,Spring Jet
SZL,RN,Royal Eswatini National Airways Corporation (Prop) Ltd t/a Eswatini Air - Eswatini,Eswatini
SZN,HC,Air Senegal S.A. - Senegal,Sensa
SZS,SL*,Scandinavian Airlines Ireland Limited d/b/a SAS Connect - Ireland,Spinnaker
SZT,,"Servicios Aeronauticos Z, S.A. de C.V. - Mexico",Aero Zee
TAA,,"Aeroservicios de la Costa, S.A. de C.V. - Mexico",Aero Costa
TAC,,Thia Aviation Academy - Thailand,Tauras
TAC,,Turbot Air Cargo - Senegal,Turbot
TAF,,Topflight Aero-Services Limited - Bahamas,Top Flight
TAG,,TAG Aviation San Marino S.r.l. - San Marino,Tagspirit
TAH,6K,Air Anka Airlines Inc - Air Anka Hava Yollari A.S. - Turkey,Air Anka
TAJ,,"Tunisavia - Société de Transports, Services Et Travaux Aériens - Tunisia",Tunisavia
TAL,,Talair Pty. Ltd. - Papua New Guinea,Talair
TAM,JJ,TAM Linhas Aereas S.A. d/b/a LATAM Airlines Brasil - Brazil,TAM
TAP,TP,TAP Portugal - Portugal,Air Portugal
TAQ,,"Trabajos Aereos Publicitarios, S.L. - Spain",
TAR,TU,Tunisair - Tunisia,Tunair
TAS,,Lotus Airline - Egypt,Lotus Flower
TAU,,"Transportes Aereos Tauro, S.A. de C.V. - Mexico",Transtauro
TAV,,Compania de Servicios Aereos Tavisa - Spain,Tavisa
TAX,XJ,Thai Airasia X Company Limited - Thailand,Express Wing
TAY,3V,ASL Airlines Belgium - Belgium,Quality
TAZ,,Track Aviation Services Pakistan - Pakistan,
TBA,TV,"Xizang Airlines Co., Ltd. - China",Tibet
TBB,,Air Iberia - Georgia,Iberline
TBC,,Tbilisi Airways Ltd. - Georgia,Tbilisi
TBE,,"Taxi Aero Bae, S.A. de C.V. - Mexico",Taxi Baie
TBJ,,TAG Aviation Asia Limited - Hong Kong,Tag Jet
TBL,,"Terrible Herbst, Inc. - United States of America",Terribles
TBO,,"RWS Aviation, LLC - United States of America",Cartillion
TBQ,,Triair Bermuda Ltd - Bermuda,
TBZ,,ATA Airlines - Iran,Atalar Air
TCA,,Tradecraft Nigeria Ltd - Nigeria,Tradecraft
TCC,,Trans Continental Airlines - Sudan,Transcal
TCD,,Tchad Airlines - Chad,Tchadlines
TCE,,"Trans Colorado Airlines, Inc. - United States of America",Trans-Colorado
TCF,,Florida Institute of Technology - United States of America,Tech Flight
TCH,,Transcontinental Air WLL - Bahrain,Trans Gulf
TCI,,Amber Aviation Limited - China,Amber
TCJ,,TAG Aviation (Cayman) SEZC - Cayman Islands,TAG Island
TCK,,Trans Caravan KG - Kyrgyzstan,Trans Caravan
TCL,,Escape Aviation d/b/a Coastal Air Transport - United States of America,Trans Coastal
TCM,,Teledyne Continental Motors - United States of America,Teledyn
TCN,,"Jet Excellence, LLC - United States of America",Transcon
TCP,,Transcorp Airways - United Kingdom,Transcorp
TCQ,,Amber Aviation San Marino S.r.l. - San Marino,Amsan
TCR,,"Laneas Aereas Trans Costa Rica, S.A. - Costa Rica",Ticos
TCV,VR,Transportes Aereos de Cabo Verde (TACV) d/b/a Cabo Verde Airlines - Cabo Verde Islands,Caboverbe
TCY,,"Twin Cities Air Service, Inc. - United States of America",Twin City
TCZ,,Blocked -,
TDA,,Trend Aviation LLC - United States of America,Trend Air
TDB,,"Welch Aviation, Inc. - United States of America",Thunder Bay
TDC,,"Tadair, S.A. - Spain",Tadair
TDG,,"Air Cargo Express, Inc. - United States of America",Turbo Dog
TDI,,"Transportes Aereos de Ixtlan, S.A. de C.V. - Mexico",Transixtlan
TDO,,Transporte Aereo Dominicano (TRADO) - Dominican Republic,Trado
TDR,C3,Trade Air d.o.o. - Croatia,Tradeair
TDT,,Atlas Helicopters Ltd - United Kingdom,Trident
TDV,,"Taxi Aereo Nacional del Evora, S.A. de C.V. - Mexico",Taxi Evora
TDY,,SeaPort Airlines - United States of America,Stedy
TEA,,"T Doble A, Empresa de Transportes Aerecs Andahuaylas - Peru",Tee-Doble
TEB,,Tecnoaviacion - Spain,
TEC,,"ADI Shuttle Group, LLC - United States of America",Techjet
TED,,"Aero Servicios Azteca, S.A. de C.V. - Mexico",Aeroazteca
TEE,,West Freugh DTEO - United Kingdom,Teebird
TEF,,"Tecnicas Fotograficas, S.L. - Spain",Tecfoto
TEH,,"Tempelhof Airways USA, Inc. - United States of America",Tempelhof
TEJ,,Aero Jet - Angola,
TEK,,Aero-Tech Services - United States of America,Atech
TEL,,"Telford Aviation, Inc. - United States of America",Telford
TEM,,Tech-Mont Helicopter Company s.r.o. - Slovakia,Techmont
TEN,,Tennessee Airways - United States of America,Tennessee
TEO,,"Transaereo 5074, C.A. - Venezuela",Transaereo
TER,,"Territorial Airlines, Inc. - United States of America",Terri-Aire
TES,,"Taespejo Portugal, Lda - Portugal",Tesaban
TEU,,TAG Aviation (Malta) Ltd - Malta,TAG Malta
TEW,,Airteam Charter (Pty) Ltd - South Africa,Teamwork
TEX,,"Freedom Jets, LLC - United States of America",Big Tex
TEZ,K9,Tez Jet LLC - Kyrgyzstan,Tezjet
TFA,,Trans-Florida Airlines - United States of America,Trans Florida
TFC,,Blocked -,
TFF,,"Talon Air, Inc. - United States of America",Talon Flight
TFG,,Bluestream Aviation Ltd. - United Kingdom,Trafalgar
TFH,,"Thai Flying Helicopter Service Co., Ltd. - Thailand",Thai Helicopter
TFI,,"Transport Facilitators, Inc. - United States of America",
TFJ,,Trustflight (Jersey) Limited - Jersey,Trustflight
TFK,,Transafrik International Ltd. - Sao Tome and Principe,
TFL,OR,TUI Airlines Nederlands B.V. t/a TUI fly Netherlands - Netherlands,Orange
TFO,,"Transportes Aereos del Pacifico, S.A. de C.V. - Mexico",Transportes Pacifico
TFR,,Air Freight NZ Ltd. - New Zealand,Toll Freight
TFS,,TTF GmbH - Germany,Campus
TFT,,Thai Flying Service - Thailand,Thai Flying
TFU,,213 Flight Unit - Russian Federation,
TFX,,Team Global Express Pty Ltd - Australia,Team Air
TFY,,Tayside Aviation Ltd. - United Kingdom,Tayside
TFZ,,FlyBeena - Egypt,Flybeena
TGA,,Aviashelf - Russian Federation,Taiga
TGC,,TG Aviation Ltd. - United Kingdom,Thanet
TGE,,"TASA - Trabajos Aereos, S.A. - Spain",Tasa
TGI,,JSC Air Tengri - Kazakhstan,Tengri
TGL,,Trans-Atlantic Airlines Limited - The Gambia,Trans-Atlantic
TGM,,"TAG Aviation Espana, S.L. - Spain",TAG Espana
TGN,IL,Trigana Air Service P.T. - Indonesia,Trigana
TGO,,Canada - Transport Canada - Canada,Transport
TGP,,Tropicana Airlines - Ghana,Tropicana
TGR,,Satgur Air Transport Corporation - Liberia,Satgurair
TGS,,"Aerotranscargo, S.A. de C.V. - Mexico",Carguero
TGT,,Saab Nyge Aero AB - Sweden,Target
TGU,5U,Transportes Aéreos Guatemaltecos - Guatemala,Chapin
TGW,TR,Scoot Pte. Ltd. d/b/a Scoot - Singapore,Scooter
TGX,,Transair Gabon - Gabon,Transgabon
TGY,,Trans Guyana Airways - Guyana,Trans Guyana
TGZ,A9,Georgian Airways - Georgia,Tamazi
THA,TG,Thai Airways International Public Company Ltd. - Thailand,Thai
THB,TZ*,"BBN Airlines (Thailand) Co., Ltd. d/b/a Thai SmartLynx - Thailand",Blue Wings
THC,,"Transportes Nacionales, C.A. - Venezuela",Tranaven
THF,,Touraine Helicoptre - France,Touraine Helico
THK,,Turk Hava Kurumu Hava Taksi Isletmesi - Turkey,Hur Kus
THL,,Ternhill (RAF) - United Kingdom,Ternhill
THN,,International Security Assistance Force - Canada,Athena
THR,,Tehran Airline - Iran,Tehran Air
THS,,"TAHIS - Transportes Aereos Hispanos, S.A. - Spain",Tahis
THT,TN,Air Tahiti Nui - French Polynesia,Tahiti Airlines
THU,,Thunder Airlines Ltd. - Canada,Air Thunder
THY,TK,"Turkish Airlines, Inc. - Turkey",Turkish
THZ,,Trans Helicoptere Service - France,Lyon Helijet
TIA,,Trans International Airlines - United States of America,Trans
TIE,,"Time Air, s.r.o. - Czech Republic",Time Air
TIF,,Tiffany Air Transport - Zimbabwe,Tiffany
TIG,,Tiger Helicopters Ltd. - United Kingdom,Tigris
TIH,,"S.C. Ion Tiriac, S.r.l. - Romania",Tiriac Air
TII,,Tailte Éireann - Ireland,Tailte
TIK,,Tic Air - Australia,Ticair
TIL,,Tajikistan International Airlines - Tajikistan,Til
TIN,8T,Air Tindi Ltd. - Canada,Tindi
TIP,,C And M Aviation - United States of America,Transpac
TIR,,"Antair, S.A. de C.V. - Mexico",Antair
TIS,,Aviatis - Russian Federation,Aviatis
TIU,,Thai Jet Intergroup Co. Ltd. - Thailand,Thai Jet
TIV,,Corporate Flight International d/b/a Thrive Aviation - United States of America,Thrive
TIX,,Flexflight S.r.l. - San Marino,Matrix
TJA,,"TapJets, Inc. - United States of America",Tapjets
TJB,,Tayaran Jet JSC - Bulgaria,Aladin
TJC,,TCA Jet Charters - Dominican Republic,
TJD,,Aliserio S.r.l. - Italy,Aliserio
TJE,,"Tomzajet, S.A. De C.V. - Mexico",Tomzajet
TJJ,,Blessing Aviation Limited - Bahamas,Blessed Kid
TJK,7J,"OJSC ""Tajik Air"" - Tajikistan",Tajikair
TJN,,Tien-Shan - Kazakhstan,Neron
TJS,,Tyrolean Jet Service - Austria,Tyroljet
TJT,T7,Twin Jet - France,Twinjet
TKA,,Transliz Aviation (K) Ltd. - Kenya,Tourliz
TKC,,THY Hava Kargo Tasimaciligi A.S. - Turkey,Trukish Cargo
TKF,,UK Royal VIP Helicopter Flights - United Kingdom,Rainbow
TKH,,"Mater Logistics, LLC - United States of America",Trackhouse
TKI,,Turku Air Oy - Finland,Turku Air
TKJ,VF,Ajet Hava Tasimaciligi Anonim Sirketi d/b/a Ajet - Turkey,Anatolia
TKK,,"Aero Ways, Inc. - United States of America",Tarka
TKL,,"Taraz Air, Aircompany - Kazakhstan",Sarisy
TKM,,JM Family Aviation - United States of America,Tacoma
TKN,,Fly Kish Airlines - Iran,Toucan
TKO,,Tretyakovo Air Transport Company - Russian Federation,Tretyakovo
TKR,,For Firefighting purposes - Not to be assigned. -,Tanker
TKU,,Transafric Uganda Limited - Uganda,Ugatrans
TKX,,Tropical International Airways Ltd. - St. Kitts and Nevis,Tropexpress
TLA,,"Aereotcla, S.A. de C.V. - Mexico",Aerocla
TLC,,"Caribbean Express, Inc. - United States of America",Carib-X
TLE,,"Aero Util, S.A. de C.V. - Mexico",Aeroutil
TLF,,Transport Africa Limited - Sierra Leone,Trana-Leone
TLI,,TL Aviation GmbH - Germany,Spirit
TLJ,,Thalair SA - France,Taljet
TLK,,Starlink Aviation Inc. - Canada,Starlink
TLL,,Trans Atlantic Airlines Ltd. - Sierra Leone,Atlantic Leone
TLM,SL,Thai Lion Mentari Co. Ltd. - Thailand,Mentari
TLR,7I,Air Libya Airline Company d/b/a Air Libya - Libyan Arab Jamahiriya,Air Libya
TLS,,"TLC Air, Inc. - United States of America",Tealsy
TLT,,Turtle Airways Ltd. - Fiji,Turtle
TLU,,"Aero Toluca Internacicnal, S.A. de C.V. - Mexico",Aerotoluca
TLX,,"Telesis Transair, Inc. - United States of America",Telesis
TLY,,Top-Fly - Spain,Topfly
TLZ,,Transliz Aviation (TMS) Ltd - Sao Tome And Principe,Transliz
TMB,,"Xtrordinair Asset Management, Inc. d/b/a Xtrordinair - United States of America",Tombo
TMC,,Travel Management Company Ltd. - United States of America,Trail Blaer
TMD,,Transmandu C.A. - Venezuela,Transmandu
TME,,Thomas Air - Mongolia,Taimen
TMG,GM,"Tri-MG Intra Asia Airlines, PT. - Indonesia",Trilines
TMH,,TVS Joint-Stock Company - Russian Federation,Timerkhan
TMI,,Tamir Airways - Israel,Tamirways
TMJ,,Tamga Jet LLP - Kazakhstan,Tamga
TMK,,"Tomahawk Airways, Inc. - United States of America",Tomahawk
TMM,,Traffic Management Corporation (TMC) Airlines - United States of America,Willow Run
TMN,HJ*,Tasman Cargo Airlines Pty Ltd - Australia,Tasman
TMP,,"Centene Management Company, LLC - United States of America",Tempus
TMQ,,"Tram, Société - Mauritania",Tram Air
TMR,,Tamara Niger Aviation SA - Niger,Tamara
TMS,,"Temsco Helicopters, Inc. - United States of America",Temsco
TMT,TM*,Titan Airways Malta Limited - Malta,Kapow
TMW,,"Trans Maldivian Airways Pvt., Ltd - Maldives",Trans Maldivian
TMZ,,Transporte Amazon Air C.A. - Venezuela,Trans Amazon
TNC,,"Transcancun Services, S.A. de C.V. - Mexico",Transcancun
TNE,,"Taxis Aereos Del Noroeste, S.A. de C.V. - Mexico",Taxinoroeste
TNG,,"Tennessee Air National Guard, 164th Airlift Group - United States of America",
TNI,,"Schwans Shared Services, LLC - United States of America",Inca
TNK,,"Airmax Airlines, Inc. - United States of America",Tonka
TNL,,Tengeriyn Ulaach Shine Co. Ltd. - Mongolia,Sky Horse
TNN,,Blocked -,
TNO,6R*,"Aerotransporte de Carga Unión S.A. de C.V., operating as avianca cargo México - Mexico",Aerounion
TNT,,Trans North Turbo Air Ltd. - Canada,Trans North
TNU,8B,PT. Transnusa Aviation Mandiri - Indonesia,Transnusa
TNW,,Trans Nation Airways Pvt. Ltd. Co. - Ethiopia,Trans-Nation
TNX,,Trener Ltd. - Hungary,Trainer
TNZ,TT*,Texel Air Limited t/a Texel Air Australasia - New Zealand,Texel Cargo
TOA,,Helicopter Services Ltd. - United Kingdom,Topcat
TOB,,Tobruk Air - Libyan Arab Jamahiriya,Tobruk Air
TOC,,"Aerotropical, S.A. de C.V. - Mexico",Tropicmex
TOF,,Topcliffe FTU - United Kingdom,Topcliffe
TOG,,"Paragon Aviation Logistics, Inc. d/b/a CSM Aviation - United States of America",Tioga
TOH,,Air Tomisko - Serbia,
TOJ,,TOJ Airlines - Tajikistan,Toj Airline
TOK,CG*,PNG Air Limited. - Papua New Guinea,Balus
TOM,BY,TUI Airways Limited - United Kingdom,Tomjet
TON,L8,Lulutai Airlines Limited - Tonga,Tonga
TOP,,Top Air Havacilik Sanayi Ve Ticaret A.S. - Turkey,Air Top
TOR,SX,flyGTA Inc. - Canada,Homerun
TOS,9N,Tropic Air Limited - Belize,Tropiser
TOT,,Anivia Servicos Aereos Ltda t/a Total Express - Brazil,Total Express
TOW,9L*,AirTanker Ltd - United Kingdom,Towline
TOY,,S.C. Toyo Aviation S.R.L. - Romania,Toyo Aviation
TPA,QT,"Transportes Aereos Mercantiles Panamericanos S.A., (TAMPA) t/a Avianca Cargo - Colombia",Tampa
TPB,,"Aero Tropical, Lda - Angola",Aero Tropical
TPC,TY,Air Calédonie - New Caledonia,Aircal
TPE,,Transportes Peninsulares Terrestres Aereos Y Maritimos S.A. de C.V. - Mexico,Transpen
TPF,,"Taxis Aereos Del Pacifico, S.A. de C.V. - Mexico",Taxipacifico
TPG,,"Transportes Aereos Pegaso, S.A. de C.V. - Mexico",Transpegaso
TPI,,Topair - Czech republic,Topair
TPJ,,"Tempus Jets, Inc - United States of America",Tempus Jets
TPK,,Air Horizon - Chad,Tchad-Horizon
TPL,,Tar Interpilot - Mauritania,Interpilot
TPM,,"Transpais Aereo, S.A. de C.V. - Mexico",Transpias
TPN,,"Transportacion Aerea Del Norte, S.A. de C.V. - Mexico",Aerea Delnorte
TPO,,"Aero Taxi Del Potosi, S.A. - Mexico",Taxi-potosi
TPP,,Transpax Expres PTY Ltd. - Australia,Trans Express
TPS,,Transportes Aereos Petroleros S.A. / TAPSA - Argentina,Tapsa
TPV,,Temple Aviacion S.L. - Spain,
TPX,,"Transportes Aereos de Xalapa, S.A. de C.V. - Mexico",Transxalpa
TPY,,Trans-Provincial Airlines Ltd. - Canada,Trans Provincial
TPZ,,"Transportes La Paz, S.A. de C.V. - Mexico",Transpaz
TQE,,"Taxair Mexiquenses, S.A. De C.V. - Mexico",Taxair
TQN,K3*,"Venture Travel, LLC. t/a Taquan Air - United States of America",Taquan
TQQ,3T,Tarco Aviation Company Limited - Sudan,Aviation Tarco
TQR,,"Transportacion Aerea de Queretaro, S.A. de C.V. - Mexico",Transqueretaro
TRA,HV,Transavia Airlines B.V. t/a Transavia - Netherlands,Transavia
TRB,,Rabbit Wings Airways Company Limited - Thailand,
TRC,,"Trans Air Charter, Inc. - United States of America",Tracker
TRD,,Trans Island Air 2000 - Barbados,Trans Island
TRE,,Trans-Eastern Airlines Ltd. - Kenya,Trans-East
TRF,,Thrust Flight - United States of America,Thrust
TRG,,Tragsa (Medios Aereos) - Spain,
TRH,,Turukhan Airlines - Russian Federation,Turukhan
TRI,,"Executive Flight Operations, Ontario Government - Canada",Trillium
TRK,,Turkish Airlines General Aviation - Turkey,Turkish Republic
TRL,,Starlite Aviation Pty Ltd - South Africa,Starstream
TRM,,Transport Aerien de Mauritanie (TAM) - Mauritania,Sotrans
TRN,,"Servicios Aereos Corporativos, S.A. de C.V. - Mexico",Aerotron
TRO,,Tropic Airlines-Air Molokai - United States of America,Molokai
TRP,,Maryland State Police - United States of America,Trooper
TRR,,Tramson Limited - Sudan,Tramson
TRT,,Trans Arabian Air Transport - Sudan,Trans Arabian
TRU,,Triangle Airline (Uganda) Ltd. - Uganda,Tri Air
TRW,,Transwestern Airlines Of Utah - United States of America,Trans-West
TRY,,"Tristar Airlines, Inc. - United States of America",Tristar Air
TSA,,Transair France - France,Airtraf
TSB,,Transports Aériens Du Benin (T.A.B.) - Benin,Air Benin
TSC,TS,Transat A.T. Inc. d/b/a Air Transat - Canada,Transat
TSF,,"Trans-African Airways, Inc. - Liberia",Africanway
TSG,,Trans Air Congo (TAC) - Congo,Trans-Congo
TSI,,Transport'air - France,Transportair
TSJ,,Combined Private Investigations CC t/a CPI Aviation - South Africa,Tarsier
TSK,U7,"Tashkentair, LLC - Uzbekistan",Tashkent Air
TSM,,Skylounge Services S.A.L. - Lebanon,Skylounge
TSN,,Trans-Air Services Limited - Nigeria,Air Trans
TSQ,,"Air Transse Co., Ltd - Japan",Airtra
TSS,,"Tri-State Aero, Inc. - United States of America",Tri-State
TST,,Shata Air Services Limited - Nigeria,Shata Air
TSU,IF*,"Gulf and Caribbean Cargo, Inc. d/b/a IFL Group - United States of America",Trans-Auto
TSW,,Transwing GmbH - Austria,Grizzzly
TSY,,Tristar Air - Egypt,Triple Star
TSZ,,Sky Handling LLC - Russian Federation,
TTB,,"Aerolineas Turisticas Del Caribe, S.A. de C.V. - Mexico",Aero Turisticas
TTC,,Transteco - Angola,Transteco
TTD,,"Servicios Aereos Interestatales, S.A. de C.V. - Mexico",Interestatales
TTE,,"Avcenter, Inc. - United States of America",Teton
TTF,,224th Flight Unit - Russian Federation,Cargo Unit
TTJ,,"Tatra Jet, s.r.o. - Slovakia",Tatra
TTK,,"TTM Korea Co. Ltd - Korea, Republic of",
TTL,0T*,Total Linhas Aéreas S.A. - Brazil,Total
TTM,,Société Tout Transport Mauritanien - Mauritania,Tout-Air
TTN,,Absolute Flight Services (Pty) Ltd. - South Africa,Titanium
TTO,,Air Transport & Transit Regional - Madagascar,Transport Transit
TTP,,Triple O. Aviation Ltd. - Nigeria,Mighty Wing
TTQ,,SKYTRAC Systems Ltd - Canada,
TTR,,"Transportaciones Y Servicios Aereos, S.A. de C.V. - Mexico",Transportaciones
TTR,,Alaman Air TOO - Kazakhstan,Alaman Air
TTS,,"Transporte Aereo Techico Ejecutivo, S.A. de C.V. - Mexico",Tecnico
TTT,,Blocked -,
TTU,,Tantalus Air - Canada,Tantalus
TTV,,T-air Spol s.r.o. - Czech Republic,Winsky
TTW,IT,Tiger Airways Taiwan Co. Ltd. - Taiwan,Smart Cat
TTX,,Extraordin Air Aviation and Charter - United States of America,Twister
TTY,,"Thai Tours And Trans Airways Co., Ltd - Thailand",Triple Tour
TUA,T5,Turkmenistan Airlines OJSC - Turkmenistan,Turkmenistan
TUC,,Turismo Aereo de Chile Ltda. - Chile,Turichile
TUD,,Paklook Air Services d/b/a Yute Commuter Services - United States of America,Tundra
TUG,,Government of Turkmenistan - Turkmenistan,Turkmenistan Government
TUI,X3*,TUIfly GmbH - Germany,Tui Jet
TUJ,,Tajouj Aviation - Sudan,Taja
TUK,,"New Island Connections, Inc. d/b/a Ocean Wings Commuter Service - United States of America",Tuckernuck
TUN,,Tunisian Air Force - Tunisia,Tunisian Airforce
TUO,,"Taxi Aereo Turistico, S.A. de C.V. - Mexico",Turistico
TUP,4B*,Aviastar-Tu Co. Ltd - Russian Federation,Tupolevair
TUR,,"Aeroturpial, C.A. - Venezuela",Veturpi
TUS,,Trustco Group International (Pty) Ltd - Namibia,Trustco
TUU,,"Pacific Air Charters, Inc. - United States of America",Tuli
TUX,UG,Tunisair Express - Tunisia,Tunexpress
TUZ,,Dashogouz International Airport - Turkey,Utat
TVA,,"Trans America Airlines, Inc. - United States of America",Trans-America
TVD,,"Aeroflight Academy of Aviation, Inc. - United States of America",Aeroflight
TVE,,Tam Aviacao Executiva - Brazil,
TVF,TO,Transavia France S.A.S. - France,France Soleil
TVH,,"Trabajos Aereos Vascongados, S.A. - Spain",Travasa
TVI,,"Tiramavia Ltd. - Moldova, Republic of",Tiramavia
TVJ,VZ,"Thai Vietjet Air Joint Stock Co., Ltd. - Thailand",Thaiviet Jet
TVL,7O,Smartwings Hungary Kft. - Hungary,Travelair
TVP,3Z,Smartwings Polska Sp. z.o.o. - Poland,Jet Travel
TVQ,6D,Smartwings Slovensko s.r.o. - Slovakia,Slovaktravel
TVR,T8*,"CA Terra Avia S.r.l. - Moldova, Republic of",Terraavia
TVS,QS,"Smartwings, a.s. - Czech Republic",Skytravel
TVT,,"Taxis Aereos del Valle de Toluca, S.A. de C.V. - Mexico",Taxis Toluca
TVV,,Travira Air - Indonesia,Paramita
TWB,TW,"Trinity Airway Co. Ltd. - Korea, Republic of",Teeway
TWC,,Canadian Airways Congo - Congo,Canair
TWD,,Wings Aviation Ltd - Nigeria,Tradewings
TWF,,247 Jet Ltd - United Kingdom,Cloud Runner
TWG,,Air-Taxi Europe (a-te) GmbH - Germany,Twin-Goose
TWI,TI*,Tailwind Hava Yollari A.S. - Turkey,Tailwind
TWJ,,Twinjet Aircraft Sales Ltd. - United Kingdom,Twinjet
TWK,,Aircraft Machine Works Chad (AMW) - Chad,
TWL,,Tradewinds Aviation Ltd. - Canada,Tradewinds Canada
TWN,V2,Avialeasing Aviation Company - Uzbekistan,Twinarrow
TWO,,Twente Airlines - Netherlands,Colibri
TWT,,Transwisata Prima Aviation - Indonesia,Transwisata
TWW,,Trans Air Welwitchia - Angola,Welwitchia
TWY,,"Sunset Aviation, LLC d/b/a Solaris Aviation - United States of America",Twilight
TXA,,"Deer Horn Aviation Ltd., Co. - United States of America",Texair
TXB,,"Bell Helicopter, Textron Canada - Canada",Textron
TXC,,Transaviaexport Cargo Airline - Belarus,Transexport
TXD,,"Aerotaxis Del Noroeste, S.A. de C.V. - Mexico",Taxi Oeste
TXF,,"Aerotaxis Alfe, S.A. de C.V. - Mexico",Alfe
TXG,R7,7Air LLC d/b/a 7Air Cargo - United States of America,Cargo Box
TXH,,Bell Helicopter - Canada,Textron
TXI,,"Aereotaxis, S.A. de C.V. - Mexico",Aereotaxis
TXJ,,"Brilliant Jet Co., Ltd. - China",Taixiang
TXL,,"Taxi Aereo Cozatl, S.A. de C.V. - Mexico",Taxi Cozatl
TXM,,Taxi Aereo de Mexico - Mexico,Taximex
TXN,,Texas National Airlines - United States of America,Texas National
TXR,,"Taxirey, S.A. de C.V. - Mexico",Taxirey
TXS,,"Texas Airlines, Inc. - United States of America",Texair
TXT,,"Group One, Inc. d/b/a Texas Air Charters - United States of America",Texas Charter
TXU,,"Atesa Aerotaxis Ecuatorianos, S.A. - Ecuador",Atesa
TXV,,"Puerto Vallarta Taxi Aereo, S.A. de C.V. - Mexico",Taxivallarta
TXZ,,Thai Express Air Co. Ltd - Thailand,Express Air
TYA,Y7,Joint-stock company NordStar Airlines d/b/a NordStar - Russian Federation,Taimyr
TYC,,Transylvania International Airlines - Romania,Transylvania
TYG,,"Beijing Tianyi General Aviation Co., Ltd. - China",
TYJ,,Gama Aviation (Malta) Ltd - Malta,Tyrol Malta
TYL,,Damascene Airlines - Syrian Arab Republic,Damasair
TYT,,National Flight Centre Ltd. - Ireland,Trinity
TYW,,Tyrol Air Ambulance - Austria,Tyrol Ambulance
TZA,,"Aero Tomza, S.A. de C.V. - Mexico",Aero Tomza
TZC,,Blocked -,
TZE,,"Transporte Aereo Ernesto Saenz, S.A. de C.V. - Mexico",Transporte Saenz
TZK,,Tajikistan Airlines - Tajikistan,Tajikistan
TZL,,Tselina - Kazakhstan,Zelin
TZP,ZG,"Zipair Tokyo, Inc. - Japan",Zippy
TZR,,"Rainbow Air, C.A. - Venezuela",Rain-Bee
TZS,N6*,TCA LLC - Georgia,Toka
TZU,,"Servicios Aereos Tamazula, S.A. de C.V. - Mexico",Tamazula
UAA,,UAS/AEF Leuchars - United Kingdom,
UAB,,United Arabian Airlines - Sudan,United Arabian
UAC,,United Air Charters - Zimbabwe,Unitair
UAD,,UAS/AEF Colerne - United Kingdom,
UAE,EK,Emirates - United Arab Emirates,Emirates
UAF,,United Arab Emirates Air Force - United Arab Emirates,Uniforce
UAG,,AS Union Aviation - Latvia,Sakta
UAH,,AEF Cranwell - United Kingdom,
UAI,,NIUAS/13 AEF - United Kingdom,
UAJ,,UAS/AEF Glasgow - United Kingdom,
UAL,UA,"United Airlines, Inc. - United States of America",United
UAM,,UAS/AEF Woodvale - United Kingdom,
UAO,,UAS/AEF Benson - United Kingdom,
UAQ,,UAS/AEF Leeming - United Kingdom,
UAR,,"Ukrainian Aviation Company ""Aerostar"" - Ukraine",Aerostar
UAS,,UAS Cranwell - United Kingdom,
UAT,,UZ Aero Tech Group - Uzbekistan,Uztech
UAU,,UAS/AEF Boscombe Down - United Kingdom,Uniform
UAV,,UAS / AEF Wyton - United Kingdom,
UAW,,UAS/AEF St Athan - United Kingdom,
UAX,,UAS/AEF Church Fenton - United Kingdom,
UAY,,UAS/AEF Cosford - United Kingdom,
UBA,UB,Myanmar National Airlines - Myanmar,Unionair
UBD,UD,UR Airlines d/b/a UBD - Iraq,Urair
UBG,BS,US-Bangla Airlines Limited - Bangladesh,Banglastar
UBS,,Barbedos Aviation Services Limited - Nigeria,Barbedos
UBT,Z0,Norse Atlantic UK Limited - United Kingdom,Longboat
UCA,C5,"CommuteAir, LLC. - United States of America",Commutair
UCC,,Uganda Air Cargo - Uganda,Uganda Cargo
UCG,U7*,"Uniworld Commercial Group, S.A. (Uniworld Air Cargo) - Panama",Uniworld
UCH,,US Airports Air Charter - United States of America,US Charter
UCK,,State Firefighting Service Of The Eastern Kazakhstan Region - Kazakhstan,Galeta
UCM,,University of Central Missouri - United States of America,Mule Flight
UCS,,"United Carriers Systems, Inc. - United States of America",United Carriers
UCV,,United Company for Aviation Administration - Saudi Arabia,
UCZ,,Blocked -,
UDG,,"Team 125, Inc. - United States of America",Inderdog
UEA,EU,Chengdu Airlines - China,United Eagle
UED,,"Air L.A., Inc. - United States of America",Air L-A
UEE,,United Eagle d.o.o. - Slovenia,Eagle Slovenia
UEJ,,"United Executive Jet, Inc. - United States of America",Jetcorp
UEU,,United European Airlines ( S.C. ) S.R.L. - Romania,United European
UFA,,"State Flight Academy Of Ukraine, The - Ukraine",Flight Academy
UFL,,Unifly - Equatorial Guinea,Unifly
UFR,,"United Africa Airline (Liberia), Inc. - Liberia",United Africa
UFX,,Uni-Fly HeliworX Limited - United Kingdom,Ragnar
UGB,,Meridiana Africa Airlines (U) Ltd - Uganda,Ugawings
UGC,,"Urgemer Canarias, S.L. - Spain",Urgemer
UGD,UR,Uganda National Airlines Company Limited d/b/a/ Uganda Airlines - Uganda,Crested
UGJ,,"UG Jet, s.r.o. - Czech Republic",Unijet
UGL,,"Inter-Island Air, Inc. - United States of America",Ugly Van
UGN,,Yuzhnaya Aircompany - Kazakhstan,Pluton
UGP,,Shar Ink Ltd. - Russian Federation,Sharnik
UGS,,SKA Air and Logistics (Uganda) Limited - Uganda,Sky Uganda
UGX,,East Afrian Airlines Limited - Uganda,Crane
UHE,,Unidad de Helicopteros de la Ertzaintza - Spain,
UHI,,Unicorn Air Charter Services - Ghana,
UHL,,Aviation Company Ukrainian Helicopters - Ukraine,Ukraine Copters
UHO,,LLC H3Operations - Ukraine,Heliops
UIA,B7,UNI Airways Corporation - Taiwan,Glory
UIT,,Universitetet I Tromso - Norway,Artic
UJC,UE,Ultimate Jetcharters LLC dba Ultimate Air Shuttle - United States of America,Ultimate
UJR,,"Universal Jet Rental de Mexico, S.A. de C.V. - Mexico",Universal Jet
UJS,,Eurojet Service - Russian Federation,
UKA,FO*,Aero Flightops UK Limited - United Kingdom,Black Jet
UKL,,PJSC Ukraine-Airalliance - Ukraine,Ukraine Alliance
UKN,,Ukraine Air Enterprise - Ukraine,Enterprise Ukraine
UKP,,UK Home Office - United Kingdom,Police
UKT,,"UKTUS, Aircompany - Russian Federation",Uktus
ULA,,"Four Corners Aviation, LLC - United States of America",Ultrajet
ULB,,Ulba - Kazakhstan,Uskam
ULC,,Albinati Aviation Ltd. - Malta,Albi
ULG,,U Airlines Co. Ltd. - Thailand,
ULH,,Ultimate Heli (Pty) Ltd - South Africa,Ultimate Heli
ULR,,Ultimate Airways (Pty) Ltd - South Africa,Viper
ULT,,"Ultrair, Inc. - United States of America",Ultrair
UMA,,"Lineas Aereas Del Humaya, S.A. de C.V. - Mexico",Humaya
UMZ,UY,Umza Aviation Services Limited d/b/a umzaXpress - Nigeria,Umza
UNA,,Business Aviation Asia Limited - Hong Kong,
UNC,,Uni-fly A/S - Denmark,Unicopter
UND,,"Atuneros Unidos de California, S.A. de C.V. - Mexico",Atuneros Unidos
UNF,,Union Flights - United States of America,Union Flights
UNI,,Unicair GmbH - Germany,Unicair
UNN,,Blocked -,
UNO,,United Nations Organization -,United Nations
UNQ,,Unique Air Charter (Pty) Ltd - South Africa,Unique
UNT,,"Servicios Aereos Universitarios, S.A. de C.V. - Mexico",Universitario
UNX,,UNEX - Universal Express Linhas Aereas Ltda. - Brazil,Unex
UNY,,"Lund University School of Aviation, TFHS - Sweden",University
UPL,,Ukrainian Pilot School - Ukraine,Pilot School
UPS,5X,United Parcel Service Company (UPS) - United States of America,UPS
UPV,,Upavon (Trenchard Lines) - United Kingdom,Upavon
UQA,,Unique Air FZE - United Arab Emirates,Unicargo
URA,,RS Avia LLC - Ukraine,Rosavia
URF,,Surf Air - United States of America,Surfair
URG,3N,Air Urga - Ukraine,Urga
URI,,"uSKY AIR - Korea, Republic of",Uri Air
URK,,Turkestan - Kazakhstan,Djuma
URT,,Avia-Urartu - Armenia,Urartu Air
USA,US,Silk Avia LLC - Uzbekistan,Silk
USB,,Tusheti - Georgia,Tusheti
USC,,"AirNet II, LLC - United States of America",Star Check
USJ,,"US Jet, Inc. - United States of America",Usjet
USR,,US Army Aeronautical Services Agency - United States of America,US Army
UST,,"Austro Aereo, S.A. - Ecuador",Austro Aereo
USX,,US Express - United States of America,Air Express
USY,XG,USC GmbH - Germany,Unisky
UTA,UT,Utair Aviation Joint-Stock Company - Russian Federation,Tjumavi
UTG,,Union de Transportes Aereo de Guinea Ecuatorial - Equatorial Guinea,Utage
UTH,,UTair-Helicopter Services - Russian Federation,Utair Helicopters
UTN,QU,Skyline Express Airlines Limited Liability Company - Ukraine,UT-Ukraine
UTS,,State Air Traffic Service Enterprise - Ukraine,Airruh
UTT,,Transarabian Transportation Services Co. Ltd. - Uganda,Arabian Transport
UTY,QQ,Alliance Airlines PTY Limited - Australia,Unity
UVA,UV*,"Universal Airways, Inc. - United States of America",Universal
UVL,VO,Universal Air Charter and Management Limited - Malta,Universalair
UVM,,"Uvavemex, S.A. de C.V. - Mexico",Uvavemex
UVN,,Gulf Aviation Services Group (United Aviation) - Kuwait,Senyari
UVS,,Air Universal Limited - Sierra Leone,Uni-Leone
UVT,RT,JSC UVT aero - Russian Federation,Tat-Jet
UWA,,"United West Airlines, Inc. - United States of America",Grumpy
UWD,,Skyward Aviation - United States of America,Upward
UWJ,,Ukrainian Wings - Ukraine,Ukrainian Wings
UZA,CO*,PJSC Airline Constanta - Ukraine,Constanta
UZB,HY,Uzbekistan Airways Joint Stock Company - Uzbekistan,Uzbek
UZC,,Blocked -,
UZP,5P,Panorama Airways Limited Liability Company - Uzbekistan,Panorama
UZS,9S,"OOO ""Sam Air"" d/b/a Air Samarkand - Uzbekistan",Samarkand
UZU,Y3*,SpaceBee Airlines LLC - Uzbekistan,Spacebee
VAA,V9,Van Air Europe a.s. - Czech Republic,Eurovan
VAB,,Virtrans Ltd - Russian Federation,
VAD,,"Aerotaxi Los Valles, S.L. - Spain",Valles
VAE,,"Air-Evan's, Escuela de Pilotos Privados - Spain",Air-Evans
VAF,V9*,Vise Air Limited - Malawi,Africa Star
VAG,VU,Vietnam Travel Airlines Joint stock company d/b/a Vietravel Airlines - Vietnam,Vietravel Air
VAI,,Avalair - Yugoslavia,Air Avalair
VAJ,,Avcon Jet S.r.l. - San Marino,Trubadix
VAL,,Voyageur Airways Limited - Canada,Voyageur
VAM,,Aeromed Servicios Aereos C.A. - Venezuela,Yunek
VAN,,Caravan Air - Mauritania,Camel
VAQ,,"Aviacion Vap, S.L. - Spain",Vaquero
VAR,,"Westwind School of Aeronautics, Phoenix, LLC d/b/a United Aviate Academy - United States of America",Varney
VAS,V8,OOO ATRAN - Russian Federation,Atran
VAV,,"Vostokaviaservis, LLC - Russian Federation",
VAW,F6,Fly2Sky o.o.d. - Bulgaria,Sofia Jet
VAX,,Avax Air Ltd - Malawi,Avax
VBA,,AVB 2012 Ltd. - Bulgaria,Nove
VBB,,ALK JSC - Bulgaria,Air Lubo
VBD,,V Berd Avia - Armenia,
VBH,,Virgin Blue Holdings Ltd - Australia,Bluey
VBI,,Pacific Blue Pty Ltd. - Australia,Bluey
VBR,,Air Club Transportes Aereos Ltda - Viabrasil - Brazil,Viabrasil
VBS,,"Avbase Aviation, LLC. - United States of America",Avbase
VBW,2J,Air Burkina - Burkina Faso,Burkina
VCA,,Aviacharter Assistance LLC - Russian Federation,
VCB,,Real Aero Club De Vizcaya - Spain,
VCC,,Real Aero Club de Jerez - Spain,
VCG,,Catreus AOC Limited - United Kingdom,Thunder Cat
VCH,,Consorcio Helitec C.A. - Venezuela,Consorcio Helitec
VCI,,CI-Tours - Cote D'Ivoire,CI-Tours
VCJ,,Avcon Jet Malta Ltd. - Malta,Obelix
VCL,,"Airline Vertical-Team, LLC - Russian Federation",
VCM,,Volare Air Charter Company - United States of America,Carmen
VCO,,Aviacion Colombiana Ltda. - Colombia,Aviacol
VCU,,"Servicios Aereos Céu Azul, C.A. - Venezuela",Saceu
VCV,V0,Conviasa - Venezuela,
VCZ,,Blocked -,
VDA,VI*,Volga-Dnepr Airline Joint Stock - Russian Federation,Volga
VDC,,Privium S.L. (Excelair) - Spain,Privium
VDG,,"Viajes Don Goyo, S.A. de C.V. - Mexico",Viajes Don Goyo
VDR,,Voldirect SAS - France,Voldir
VEA,,"Aeroservicios Avila, C.A. - Venezuela",Aerovila
VEE,,"Victor Echo, S.A. - Spain",Victor Echo
VEG,,"Aerovega, S.A. de C.V. - Mexico",Aerovega
VEJ,,"Aero Ejecutivos, C.A. - Venezuela",Venejectutiv
VEK,,"Aviation Industrial Company Vector, LLC - Russian Federation",Rotcev
VEN,,Transaven Airlines - Venezuela,
VEP,,"Aviation Vip, S.L. - Spain",
VES,VD,"Vieques Air Link, Inc. - Puerto Rico",Vieques
VET,,"Venture Aviation Group, LLC - United States of America",Poinsett Air
VFA,,"Falcon Royal Air, S.A. - Venezuela",Falcon Royal
VFC,0V,Branch of Vietnam Airlines JSC Vietnam Air Service Company - Vietnam,Vasco Air
VFM,,"Vifeomed, S.A. de C.V. - Mexico",Vifemed
VFS,,Vision Flight Center - United States of America,Vision Flight
VFT,,"VZ Flights, S.A. de C.V. - Mexico",Zeta Flights
VGA,,"Shanxi Victory General Aviation Co., Ltd. - Air Victory",China
VGB,,Beijing Tianxinai General Aviation Company Limited - China,Hong Xiang
VGC,,"Vanguardia En Aviacion En Colima, S.A. de C.V. - Mexico",Vanguardia Colima
VGE,,Air Service Vosges - France,Air Vosges
VGG,,Aviation Services Management LLC - United Arab Emirates,Blue White
VGH,,Ground Handling Control Center LLC - Russian Federation,
VGI,,Virgin Atlantic International Limited - United Kingdom,
VGJ,,"Vigo-Jet, S.A. de C.V. - Mexico",Vigo Jet
VGL,,RAF Gliding Squadron (SLG) - United Kingdom,Prefect
VGR,,Avia Group Limited Company - Russian Federation,
VGS,,Stichting Vliegschool 16Hoven - Netherlands,Smart
VGT,,Avantis Aviation and Services - Gabon,Avantis
VGU,,"Vuela, S.A. (Volaris Guatemala) - Guatemala",Tikal
VGV,,Vologda State Air Enterprise - Russian Federation,Vologda Air
VGX,,"Virgin Galactic, LLC - United States of America",Galactic
VHA,,VH-Air Industrie - Angola,Air V-H
VHC,,"VIH Cougar Helicopters, Inc. - United States of America",Wildcat
VHS,,Valair AG - Switzerland,Valairheli
VHT,,"Corporate Flight International, Inc. - United States of America",Vegas Heat
VIA,,"Visa Aereas Ejecutivas, S.A. de C.V. - Mexico",Viaje Aereo
VIB,,Vibroair Flugservice Gmbh - Germany,Vitus
VIC,,"Vip Servicios Aereos Ejecutivos, S.A. de C.V. - Mexico",Vip-Ejecutivo
VID,,Via Air - Central African Republic,Vid-Air
VIE,,"Vip Empresarial, S.A. de C.V. - Mexico",Vip Empresarial
VIG,,Vega Aviation & Eng. Systems Co. Ltd. - Sudan,Vega Aviation
VIH,,"Vichi - Moldova, Republic of",Vichi
VIJ,,Club Aero Vigo - Spain,Aero Vigo
VIO,,Prince Aviation SI - Slovenia,Viator
VIP,,TAG Aviation UK Ltd - United Kingdom,Sovereign
VIR,VS,Virgin Atlantic Airways Limited - United Kingdom,Virgin
VIT,,PT. Aviastar Mandiri - Indonesia,Aviastar
VIV,VB,"Aeroenlaces Nacionales, S.A. de C.V. t/a viva - Mexico",Aeroenlaces
VIZ,,AeroVis Airlines Ltd. - Ukraine,Aeroviz
VJA,,"Jetselect, LLC d/b/a Vista America - United States of America",Iconic
VJC,VJ,Vietjet Aviation Joint Stock Company - Vietnam,Vietjetair
VJH,H5*,VistaJet GmbH - Germany,Vista Germany
VJI,,Charlie Foxtrot Aviation Services Privtae Limited - India,Silver Jet
VJM,,"Viajes Ejecutivos Mexicanos, S.A. de C.V. - Mexico",Viajes Mexicanos
VJS,,VistaJet Limited - Malta,Carbon
VJT,,VistaJet Ltd. - Malta,Vista Jet
VKA,,"Vulkan Air, LLC - Ukraine",Vulkan Air
VKG,DK,SunClass Airlines ApS - Denmark,Viking
VKN,,Viking Air Ltd - Canada,True North
VKO,,"Multiservicios Aereos Vikingo, C.A. - Venezuela",Vikingo
VKY,,"Vent Airlines, Inc. - United States of America",Valkyrie
VLA,,Valan International Cargo Charter SA Pty Ltd. - South Africa,Nalau
VLB,,Air Volta Ltd. - Bulgaria,Volta
VLG,VY,"Vueling Airlines, S.A. - Spain",Vueling
VLH,,S.C. Valahia Air S.r.l. - Romania,Valahia
VLL,,Valley SAR Training Unit - United Kingdom,
VLN,,"Air Company ""Valan International Cargo Charter"" Ltd - Moldova, Republic of",Valan
VLR,,"Volare 22 X, S.A. de C.V. - Mexico",Volax
VLS,,"Aero Virel, S.A. de C.V. - Mexico",Virel
VLT,,"Vertical-T, Air Company - Russian Federation",Vertical
VLV,,"Avialift Valdivostok, CJSC - Russian Federation",Vladlift
VLW,,Valow Aviation WWL - Bahrain,Valo Aviation
VLX,,"Biz Jet Charter, Inc. - Kyrgyzstan",Avolar
VLY,,Tennessee Valley Authority - United States of America,Valley
VLZ,,Volare Aviation GSY Ltd. - Guernsey,Volare
VMA,,Vero Monmouth Airlines - United States of America,Vero Monmouth
VMM,,Grupo Vuelos Mediterraneo - Spain,Vuelos Med
VMO,,VMO Solutions - Canada,
VMP,,Execujet Europe A/S - Denmark,Vampire
VMS,,H.R.H. The Crown Prince Maha Vajiralongkorn - Thailand,Victor Mike
VMT,,Voluxis Malta - Malta,Voluxis Malta
VMX,,"Aeroventas De Mexico, S.A. De C.V. - Mexico",Venta
VNC,,"Intervuelos Nacionales, S.A. de C.V. - Mexico",Vuelos Nacionales
VND,,Avionord S.r.l. - Italy,Avinord
VNE,,"Empresa Venezolana, Linea Aerea Bolivariana - Venezuela",Venezolana
VNG,,"Aero Servicios Vanguardia, S.A. de C.V. - Mexico",Vanguardia
VNK,,"Vipport, JSC - Russian Federation",
VNN,,Blocked -,
VNS,,"Aerovena, S.A. de C.V. - Mexico",Aerovena
VNT,,"Ventura Air Services, Inc. - United States of America",Ventura
VNX,,Fly Advanced - United States of America,Vance
VOA,,Voar Aviation Taxi Aereo e Manutencao Ltda - Brazil,Voar
VOC,Q6,Vuela Aviación S.A. d/b/a Volaris Costa Rica - Costa Rica,Costa Rican
VOE,V7,"Volotea, S.A. - Spain",Volotea
VOI,Y4,"Concesionaria Vuela Compania De, SA de CV (Volaris) - Mexico",Volaris
VOK,,Centennial Jets LLC - United States of America,Volcanic
VOL,,Avolon Aerospace Leasing Limited - Ireland,Volaero
VOR,,Flight Calibration Services Ltd - United Kingdom,Flight Cal
VOS,N3,Veula El Salvador S.A. de C.V. d/b/a Volaris El Salvador - El Salvador,Jetsal
VOY,,"Volemos Servicios Aereos, S.L. - Spain",
VOZ,VA,Virgin Australia Airlines Pty Ltd - Australia,Velocity
VPC,,Panaviatic - Estonia,Solar
VPT,,Stream Air - Russian Federation,Potok
VPV,,Vip-Avia - Georgia,
VPX,,Aircraft VIP Services - Luxembourg,Toplux
VQI,VP,Villa Air Private Limited d/b/a Villa Air - Maldives,Villa Air
VRA,,Virgin Australia Regional Airlines Pty Ltd. - Australia,Rapid
VRB,,Silverback Cargo Freighters - Rwanda,Silverback
VRC,,Taxi Aereo de Veracirliz - Mexico,Veracruz
VRE,HF,Air Cote d Ivoire - Cote D'Ivoire,Cote D'Ivoire
VRG,,Voyage Air Ltd. - Bulgaria,Varna Lines
VRH,,Varesh Air Lines - Iran,Sky Victor
VRI,,"Aerotaxi Villa Rica, S.A. de C.V. - Mexico",Villarica
VRL,,Voar Lda. - Angola,Voar-Linhas
VRO,,"Aerovitro, S.A. de C.V. - Mexico",Aerovitro
VRS,,"Sirvair, S.A. de C.V. - Mexico",Vairsa
VRZ,,Vertir LLC - Armenia,Vertir
VSA,,Avstar Aviation Pty Ltd - South Africa,Starbird
VSB,,BAe Systems Marine Ltd. - United Kingdom,Vickers
VSC,,Sociedad de Promocion y Gestion del Turismo Aragones S.L.U. - Spain,
VSE,,"Vuelos Asesorias Y Representaciones, S.A. de C.V. - Mexico",Vasre
VSK,,"Skyven Cielos de Venezuela, S.A. - Venezuela",Skyven
VSM,,Vietstar Airline Corp (Vietstar Airlines Multirole Corporation) - Vietnam,Vietstar
VSN,,Vision Airways Corporation - Canada,Vision
VSO,,Voronezh Aircraft Manufacture Society - Russian Federation,Vaso
VSR,,Aviostart AS Ltd. - Bulgaria,Aviostart
VST,,International Airnavigation Service East - Russian Federation,
VSU,,"Aerolinea Aviasur, C.A. - Venezuela",Venavia
VSV,DV,PLL Scat Aircompany - Kazakhstan,Vlasta
VTA,VT,Air Tahiti - French Polynesia,Air Tahiti
VTB,,Jet Stream Charter Kft. - Hungary,Suxair
VTE,LF,Corporate Flight Management d/b/a Contour Airlines - United States of America,Volunteer
VTG,,"Aviacao Transportes Aereos E Cargas, Lda - Angola",Atacargo
VTH,,"Vuelos Corporativos de Tehuacan, S.A. de C.V. - Mexico",Vuelos Tehuacan
VTK,,Vostok Airlines - Russian Federation,Vostok
VTL,,Victor Tagle Larrain Ltda. - Chile,Vitala
VTM,,"Aeronaves TSM, S.A. de C.V. - Mexico",Aeronaves TSM
VTO,,Air Vitosha Limited - Malta,Vitosha
VTR,,Traverse-Avia Service Ltd - Russian Federation,
VTS,5V,Tatonduk Outfitters Ltd. d/b/a Everts Air - United States of America,Everts
VTT,,Avia Trans Air Transport Co. Ltd. - Sudan,Viatransport
VTU,T9,"Turpial Airlines, C.A. - Venezuela",Turpial
VTX,,"Verataxis, S.A. de C.V. - Mexico",Verataxis
VTY,,Air Midwest Limited - Nigeria,Victory
VTZ,,"Aerovista (T) - Tanzania, United Republic of",Tausi
VUE,,AD Aviation Limited - United Kingdom,Flightvue
VUK,,Vukani Aviation CC - South Africa,Vukani
VUO,,"Aerovuelox, S.A. de C.V. - Mexico",Aerovuelox
VUR,,Vuelos Internos Privados (V.I.P.) - Ecuador,Vipec
VUS,,RAVN Aerospace - United States of America,Harbinger
VVB,,VVB Aviation Charter Services Ltd. - United Kingdom,Vee-Trans
VVD,,Stobart Air Services UK Limited - United Kingdom,Liverbird
VVG,,Aerovilla Ltda. - Colombia,Aerovilla
VVT,,Aviatsa S.A. de C.V. - Honduras,Aviatsa
VVV,,"Valair-Aviacao, Lda - Portugal",Valairjet
VWA,,Venture West LLC - United States of America,Venture West
VXM,,Voluxis San Marino S.r.l. - San Marino,Gos Hawk
VXN,,Sunset Aviation - United States of America,Vixen
VXP,XP,"Avelo Airlines, Inc. - United States of America",Avelo
VXS,,Voluxis Limited - United Kingdom,Voluxis
VYE,,"Vjet, S.A. de C.V. - Mexico",Jet Solutions
VYR,,"Excutive Aviation Services, LLC - United States of America",Veyron
VYT,,Valley FTU - United Kingdom,Anglesey
VYU,VG*,Fly Vaayu - United Arab Emirates,Vaayu
VZA,,"AVE, C.A. - Venezuela",Aveair
VZC,,Blocked -,
VZK,,"APK Vzlet, OOO - Russian Federation",Vzlet Polar
VZL,,Vzlyet - Russian Federation,Vzlyet
VZR,,Aviazur - France,Iazur
WAA,,Westair Aviation (Pty) Ltd. - Namibia,Westair Wings
WAB,,"Aero Industries, Inc. - United States of America",Wabash
WAC,,West African Cargo Airlines Sarl - Mauritania,Westaf Cargo
WAD,,Waddington FTU - United Kingdom,Vulcan
WAE,,Western Air Express - United States of America,Western Express
WAG,,Wisconsin Air National Guard - United States of America,
WAI,,Wings Air - United States of America,Bushwood
WAK,,Fjord Flying Services dba Wings of Alaska - United States of America,Wings Alaska
WAL,WL,"Caribbean Sun Airlines, Inc. d/b/a World Atlantic Airlines - United States of America",World Atlantic
WAM,,Air Taxi & Cargo - Sudan,
WAR,,"NZ Warbirds Association, Inc. - New Zealand",Warbirds
WAS,,Walsten Air Services (1986) Ltd. - Canada,Walsten
WAT,,Wings Air Transport Co. - Sudan,
WAV,4W,"Warbelow's Air Ventures, Inc. - United States of America",Warbelow
WAW,,Wings Airways - United States of America,Wing Shuttle
WAZ,5W,Wizz Air Abu Dhabi d/b/a Wizz Air - United Arab Emirates,Wizz Sky
WBC,,"FTV Aviation, LLC - United States of America",Wabac
WCA,,West Coast Airways Limited - Sierra Leone,West-Leone
WCC,,"West Coast Aviation Services, LLC / West Coast Charters - United States of America",West Coast
WCD,,"Kyungwoon University - Korea, Republic of",White Cloud
WCG,6W*,Warsaw Cargo Sp. z.o.o. - Poland,Warsaw Cargo
WCM,3G*,World Cargo Airlines Sdn. Bhd. - Malaysia,World Cargo
WCO,,"Columbia Helicopters, Inc. - United States of America",Columbia Heli
WCP,,Aviator College of Aeronautical Science and Technology - United States of America,Whitecap
WCY,,"Viking Express, Inc. - United States of America",Titan Air
WCZ,,Blocked -,
WDA,,Adam Aircraft Services GmbH - San Marino,Adam
WDE,,"Pallas Aviation, LLC - United States of America",Sandstone
WDG,,Ministry Of Agriculture Fisheries And Food - United Kingdom,Watchdog
WDK,,Capital Air Services Ltd. - United Kingdom,Woodstock
WDR,,"Jetride, Inc. d/b/a Air Net Private Charter - United States of America",Wind Rider
WDS,,Four Winds Aviation Ltd. - United States of America,Winds
WDW,,"Act Two, Inc. - United States of America",Woodward
WDY,,"Chicago Jet Group, LLC - United States of America",Windycity
WEA,,Windward Express Airways N.V. - Netherlands Antilles,Daystar
WEC,,"Universal Airlines, Inc. - United States of America",Airgo
WED,,Anhui Sky-Aviation International Flight Academy Company Ltd. - China,Wenda
WEJ,,"WEJET, Inc. - United States of America",We Jet
WEN,WR,Westjet Encore Ltd. - Canada,Encore
WES,,"Rainbow International Airlines, Inc. - Virgin Islands (US)",West Indian
WET,,Nordic Sky Limited - Malta,Barefoot
WEV,,Victoria International Airways Ltd - Uganda,Victoria
WEW,4T,Rise Air - Canada,
WEX,,"Wings Express, Inc. - United States of America",Wings Express
WEY,,AWA - Aeronautical Web Academy - Portugal,Web Academy
WFC,,Swift Copters SA - Switzerland,Swiftcopters
WFD,,Warton Large Aircraft Flight Operations - United Kingdom,Avro
WFH,,"Wanfeng General Aviation Co., Ltd. - China",Wanfeng
WFL,2W,"World 2 Fly, S.L.U. d/b/a W2FLY - Spain",Blue World
WGN,KD*,"Western Global Airlines, Inc. - United States of America",Western Global
WGP,,Williams Grand Prix Engineering Ltd. - United Kingdom,Grand Prix
WGS,,Airwings Oy - Finland,Airwings
WHB,,Forty Eight Aviation Co. Ltd - Sudan,Hosham Air
WHE,,Leonardo UK Limited - United Kingdom,Westland
WHG,,"Zhejiang Wanfeng General Aviation Co., Ltd. - China",Cheer
WHH,,Richy Slylark Pvt Ltd. - Sri Lanka,
WHR,,"Hummingbird Aviation, LLC - United States of America",Tangi
WHS,,"Wiking Helikopter Service, GmbH - Germany",Weeking
WHT,WI,White Airways S.A. - Portugal,Whitejet
WHU,,West-Caravan Ltd. - Hungary,
WHY,,Air Sorel Ltee. - Canada,Air Sorel
WIA,WM,Windward Islands Airways International N.V. - Netherlands Antilles,Windward
WID,,Widgeon Airline - Belarus,Widgeon
WIF,WF,Wideroe's Flyveselskap A/S - Norway,Wideroe
WIG,,Wiggins Airways - United States of America,Wiggins Airways
WIN,A7*,"TM Aerolineas, S.A. de C.V. t/a Awesome Cargo - Mexico",Teme Airlines
WIS,,"Pro Aire Cargo And Consulting, Inc. d/b/a Paccair - United States of America",Wiscair
WIT,,Wittering FTU - United Kingdom,Striker
WIW,,V-Avia Airline Ltd - Ukraine,Vee-Avia
WIZ,,MicroMatter Technology Solutions Ltd. - United Kingdom,Wizard
WJA,WS,Westjet - Canada,Westjet
WJM,,Windsor Jet Management - United States of America,Windsor Jet
WJT,,Wijet - France,Wijet
WKC,,Western Kenya Aircharters Co. Ltd. - Kenya,Mushroom
WKR,,Walker Manufacturing Company - United States of America,Speed Walker
WKT,,DEA Aviation Ltd. - United Kingdom,White Knight
WLA,,Airwaver Airlink Limited - Zambia,Airlimited
WLD,,Wilderness Air South Africa (Pty) Ltd - South Africa,Wilderness
WLF,,"Hubei Sky-Blue International Aviation Academy Co., Ltd - China",Sky Blue
WLI,,Airecon Oy - Finland,Wingline
WLK,,Skyrover CC - South Africa,Skywatch
WLL,,Weltall-Avia Airlines - Russian Federation,Weltall
WLN,,West Link Airlines (Nig) Limited - Nigeria,West Link
WLS,,"Williams Air, Inc. - United States of America",Williams Air
WLT,,"Aviation Partners, Inc. - United States of America",Winglet
WLV,,Phelps Collins Aviation d/b/a Aviation North - United States of America,Wolverine
WLX,,West Air Luxembourg S.A. - Luxembourg,West Lux
WMA,,Watermakers Air - United States of America,Watermakers
WML,,"Chantilly Air, Inc. - United States of America",Marlin
WMN,,"Trident Aircraft, Inc. - United States of America",Waterman
WMT,W4,Wizz Air Malta Limited - Malta,Wizz Malta
WMU,,Western Michigan University College of Aviation - United States of America,Skybronco
WNA,,"Winair, Inc. - United States of America",Winair
WND,,Larry Connor - United States of America,Windancer
WNE,,Jackson Family Wines - United States of America,Crush
WNG,,US Aviation Academy - United States of America,Goldwing
WNI,,"Weathernews, Inc. - Japan",
WNN,,Blocked -,
WNR,,Wondair On Demand Aviation S.L. - Spain,Wondair
WOF,,FFA Aviation (Pty) Ltd t/a Working on Fire - South Africa,Firewise
WOK,,Kovar Air - Czech Republic,Wokair
WON,IW,"Wings Abadi Airlines, PT. - Indonesia",Wings Abadi
WPA,,Western Pacific Airservice - Solomon Islands,Westpac
WPC,,Commandair C.A. - Venezuela,Command Air
WPK,,Coywolf Aviation Limited - Canada,Wolf Pack
WPR,,Auckland Regional Rescue Helicopter Trust - New Zealand,Westpac Rescue
WPT,3P,"World2Fly Portugal, S.A. - Portugal",New Blue
WRA,,White River Air Services Ltd. - Canada,
WRC,7W,Wind Rose Aviation Company Ltd t/a WINDROSE Airlines - Ukraine,Wind Rose
WRF,8V,"Wright Air Service, Inc. - United States of America",Wright Flyer
WRR,,"WRA, Inc. - United States of America",Wrap Air
WSA,,"Joint Stock company ""Solaris Aero"" - Russian Federation",
WSC,,Westair Cargo Airlines - Cote D'Ivoire,Westcar
WSF,,West African Airlines - Benin,
WSG,WP,Wasaya Airways L.P. - Canada,Wasaya
WSH,,Westair Helicopter Saudi Company - Saudi Arabia,West Star
WSI,,"Wind Spirit Air, Inc. - United States of America",Wind Spirit
WSK,,Western Sky Australia Pty Ltd - Australia,Western
WSM,,Wisman Aviation - United States of America,Wisman
WSN,AN,"Advanced Air, LLC - United States of America",Wingspan
WSP,1P,Travelport d/b/a WorldSpan - United States of America,
WSP,,"VeriJet, Inc. - United States of America",Whisper Jet
WSR,,Canadian Helicopters - Canada,Whistler
WSS,,Vilga-Aviaservice - Kazakhstan,Vilga-Service
WST,WU,Western Air Limited - Bahamas,Western Bahamas
WSX,,Eurojet Ltd. d/b/a Merlin - United Kingdom,Wessex
WTC,,Weasua Air Transport Company Limited (WATCO) - Liberia,Watco
WTF,,West African Air Transport - Senegal,Westaf Airtrans
WTN,,Warton Military Flight Ops - United Kingdom,Tarnish
WTP,,Westpoint Air - Canada,Westpoint
WTV,,Western Aviators - United States of America,Westavia
WUE,,Wuerth Aviation - Germany,Fasty
WUK,W9,Wizz Air UK Limited - United Kingdom,Wizz Go
WUP,,Wheels Up Private Jets LLC - United States of America,Up Jet
WVA,,Hand D Aviation - United States of America,Wabash Valley
WVE,,"Cimex Enviromental, LLC - United States of America",Clear Wave
WVU,,"Stockmeier Urethanes USA, Inc. - United States of America",Country Roads
WVZ,,Winair D.o.o. - Croatia,
WWA,,Westwind Aviation Ltd. (Kenya) - Kenya,Wilken Air
WWF,,"Owyhee Air Research, LLC - United States of America",Wild Watch
WWG,,"Aereo WWG, S.A. de C.V. - Mexico",Aero-W
WWI,,Worldwide Jet Charter LLC - United States of America,Worldwide
WWN,,Nova West Aviation C.A. - Venezuela,Novawest
WWP,WH,"La Nueva Aerolinea, S.A. t/a wingo - Panama",Wingo Panama
WWS,,Worldwide Aviation Services - Pakistan,
WXX,,Sling Pilot Academy - United States of America,Whisper Flight
WYC,,Airways Aero Associations Ltd t/a Booker Aviation - United Kingdom,Wycombe
WYG,,Wyoming Airlines Ltd. - United States of America,Wyoming
WYM,,M&N Aviation - United States of America,World Class
WYT,,"2 Sqn, No 1 Elementary Flying Training School - United Kingdom",Wyton
WZC,,Blocked -,
WZE,,Skyfive Airlines Limited t/a AIRWAZE - Cyprus,Aphrodite
WZZ,W6*,Wizz Air Hungary Airlines Limited - Hungary,Wizz Air
XAA,XA,"ARINC (Aeronautical Radio, Inc.) - United States of America",Rockfish
XAB,,"Xabre Aerolineas, S.A. de C.V. - Mexico",Aero Xabre
XAC,,Air Charter World - United States of America,
XAD,,"Certified Aircraft Dispatch, Inc. - United States of America",
XAE,,Xair Brno - Czech Republic,Aura
XAF,,Executive Air Fleet - United States of America,
XAI,,"Apex Air Co., Ltd. - China",Pex Air
XAK,P2,Airkenya Express Ltd. - Kenya,
XAM,,AMR Services Corp - United States of America,Alliance
XAO,,Airline Operations Services - United States of America,
XAP,,"Direct Air, Inc. d/b/a Midway Connection - United States of America",Mid-Town
XAS,,"PHH Aviation Systems, Inc. - United States of America",
XAT,,AT&T Aviation Division - United States of America,
XAU,A8*,Aerolink Uganda Limited - Uganda,
XAV,,Aviaprom Enterprises - Russian Federation,Aviaprom
XAX,D7,Airasia X Berhad d/b/a Airasia X - Malaysia,Xanadu
XBG,,"Bangor, City Of - United States of America",
XCA,,Colt Transportes Aereos S.A. - Brazil,Colt
XCC,,"Ecoturistica de Xcalac, S.A. de C.V. - Mexico",Xcalac
XCL,,Contel ASC - United States of America,
XCN,,U.S. Forest Service - United States of America,Fire Scan
XCO,,"Compuflight Operations Service, Inc. - United States of America",
XCR,,Miscellaneous Auxiliary Calegory - United States of America,
XCS,,Compuserve Incorporated - United States of America,
XCT,,"Aero Costa Taxi Aereo, S.A. de C.V. - Mexico",Aerocostaxi
XCX,,"Citibank, N.A. - United States of America",
XCZ,,Blocked -,
XDA,,"Bureau Veritas, S.A. - France",
XDD,,Lockheed Duats - United States of America,
XDS,,"Dispatch Services, Inc. - United States of America",
XDT,,Date Transformation Corp. - United States of America,
XDY,,"Dynair Services, Inc. - United States of America",
XED,,Xead Aviation S.à.r.l. - Luxembourg,Bunny
XEJ,4U,XE Jet Aviation Ltd - Nigeria,Red Tail
XEL,,Excel Charter Ltd. - United Kingdom,Heli Excel
XEN,,"Thro Aviation, Inc. d/b/a ZEN Flight - United States of America",Zen Jet
XER,,Xerox Corporation - United States of America,Xerox
XFL,,"Executive Fliteways, Inc. - United States of America",Ex-Flight
XFS,,"American Flight Service Systems, Inc. - United States of America",
XFX,,Airways Corporation Of New Zealand Limited - New Zealand,Aircorp
XGA,,General Aviation Terminal Inc. - Canada,
XGG,,IMP Group Aviation Services Limited - Canada,
XGN,,"NexGen Flight Solutions, LLC - United States of America",Nexgen
XGO,,AirGO Private Airline GmbH - Germany,Pastis
XGS,,"Global Systems, Inc. - United States of America",
XGW,,"Global Weather Dynamics, Inc. - United States of America",
XHA,,Empresas Especiales de Servicio En Tierra -,
XHA,,Entreprises Speciales de Service Au Sol -,
XHA,,Special Handling Service For Aircraft -,
XIA,,Irving Oil Ltd (Gander Fbo) - Canada,
XJA,,Assistance Aeroportuaire de Uaeroport de Paris - France,
XJT,,YellowJET LLC - United States of America,Xanthus
XKA,,"Kavouras, Inc. - United States of America",
XKX,,Asecna - Agence Pour La Securite de La Navigation Aerienne En Afrique Et A Madagascar - Madagascar,
XKY,SR*,Skyway Airlines Inc. - Philippines,Sky Racer
XLB,,"Aircraft Performance Group, Inc. - United States of America",
XLD,,"Jepenssen Data Plan, Inc. - United States of America",
XLE,2N,NG Eagle Limited - Nigeria,Aquila
XLG,,"Lockheed Air Terminal, Inc. - Guam",
XLJ,,"Xcel Jet Management, Inc. - United States of America",Xcel Jet
XLK,F2*,Safarilink Aviation Limited - Kenya,Safarilink
XLL,,"Air Excel - Tanzania, United Republic of",Tinga-Tinga
XLR,XL*,Texel Air W.L.L. - Bahrain,Texel
XLS,,"ExcelAire, LLC - United States of America",Excelaire
XLT,,Empresa Brasileira de Infraestrutura - Brazil,Infraero
XMA,,Martin Aviation Services - United States of America,
XMI,,Skyblue Jet Management LLC - United States of America,Zemi
XMR,,"Irish Aviation Authority, Flight Check Department - Ireland",Authority
XMS,,British Airways SANTA - United Kingdom,Santa
XMX,,Servicios A La Navegacion En El Espacio Aereo Mexicano (SENEAM) - Mexico,Seneam
XNA,,Express.Net Airlines - United States of America,Expressnet
XNC,,Canadian National Telecommunications - Canada,
XNN,,Blocked -,
XNR,,"Taxi Aereo del Norte, S.A. de C.V. - Mexico",Taxi Norte
XNS,,Navtech System Support Inc. - Canada,
XNT,,"Notams International, Inc. - United States of America",
XNV,,Tigin Ltd. d/b/a Navinc Airlines Services - United States of America,
XPA,,Pan Am Weather Systems - United States of America,
XPD,,Expedition Airways - Zimbabwe,Expedition
XPG,,Southport Aerospace Centre - Canada,
XPN,,Aero Express - Niger,
XPR,,Air-Rep - United States of America,
XPX,,Phoenix Flight Operations Ltd. - Canada,
XRC,7A,Express Air Cargo - Tunisia,
XRO,,Exxaero BV - Netherlands,Cramer
XSA,,"Spectrum Air Service, Inc. - United States of America",
XSK,,"Stark Airways, LLC - United States of America",Stark Air
XSL,,"Sesatslab Proof-of-Concept Flights, Embry-Riddle University - United States of America",Satslab
XSM,,"Steelman Aviation, Inc. t/a AirSmart - United States of America",Airsmart
XSN,,"McLean Aviation Services, Inc. d/b/a AirSF Flight Service - United States of America",Santana
XSR,,"Executive Flight Services, Inc. - United States of America",Excutive Airshare
XSS,,"Aero Express Intercontinental, S.A. de C.V. - Mexico",Inter Express
XTA,,"Servicios Aereos Textra, S.A. de C.V. - Mexico",Textra
XTH,,"Xinjiang General Aviation Co., Ltd. - China",Bright Pearl
XTJ,,"Advance Aviation Services, Inc. - United States of America",
XTO,,Express Tours - Gabon,Express Tours
XTR,,Sector Airlines - Canada,Exter
XTX,,Air Txt S.L. - Spain,Zafiro
XUM,XU,"Island Air Co., Ltd. d/b/a sum air - Korea, Democratic People's Republic of",
XWS,,WSI Corporation - United States of America,
XWW,,World Weatherwatch - Canada,
XXD,XD,OAG Worldwide. - United States of America,
XXS,,Skyplan Services Ltd. - Canada,
XXV,,Administracion de Aeropuertos Y Servicios Auxiliaries A La Navegacion Aerea (AASANA) - Bolivia,
XYZ,,Island Air Express - United States of America,Rainbird
XZC,,Blocked -,
YAK,,Yak Design Bureau - Russian Federation,Yak Avia
YAY,,Government Civil Aviation Authority -,
YBE,,"Stewart Aviation Services, Inc. - United States of America",Yellow Bird
YBY,,Meteorological Operational Telecommunications Network Europe (MOTNE) -,
YCY,,Rescue Co-Ordination Centre -,
YCZ,,Blocked -,
YDY,,Authority Supervising The Aerodrome -,
YEL,,"Summit Aviation, Inc. - United States of America",Yellowstone
YET,,Etihad Flight College - United Arab Emirates,Zayed
YFA,,AFTN Communications Centre -,
YFY,,Aeronautical Fixed Station -,
YGD,,Corporacion Centroamericana de Servicios Ge Navegacion Aerea (COCESNA) -,
YLY,,Aircraft Accident Authority -,
YMY,,Meteorological Office -,
YNN,,Blocked -,
YNY,,International Notam Office -,
YOG,,"Central Aviation, Inc. - United States of America",Yogan Air
YOY,,Aeronautical Information Service Unit -,
YPY,,Robex Centre Collecteur / Centro Colector / Collection Centre -,
YRG,,"Yak Air, Aircompany Ltd. - Georgia",Yakair
YSY,,Aeronautical Station -,Radio
YTY,,Telecommunication Authority -,
YWY,,Military Flight Operational Control Centre -,
YXA,,National Airports Authority Of India - India,
YXY,,Military Service Or Organization -,
YYY,,Organization Not Allocated A Designator On An Exclusive Basis -,
YZC,,Blocked -,
YZR,Y8,"Suparna Airlines Co., Ltd. - China",Yangtze River
YZY,,MET Data Bank -,
ZAK,,Zambia Skyways Ltd. - Zambia,Easair
ZAV,,"Zetavia Limited, Aircompany - Ukraine",Zetavia
ZAW,,Z-Airways & Services Ltd. - Bangladesh,Zed Air
ZAZ,,Approach Control Office -,Approach
ZBA,,"Boskovic, Z, Air Charters Limited - Kenya",Bosky
ZBZ,,Repetitive Flight Plan Office -,
ZCA,,Blocked -,
ZCB,,Blocked -,
ZCC,,Blocked -,
ZCD,,Blocked -,
ZCE,,Blocked -,
ZCG,,Blocked -,
ZCH,,Blocked -,
ZCI,,Blocked -,
ZCJ,,Blocked -,
ZCK,,Blocked -,
ZCL,,Blocked -,
ZCM,,Blocked -,
ZCN,,Blocked -,
ZCO,,Blocked -,
ZCP,,Blocked -,
ZCQ,,Blocked -,
ZCR,,Blocked -,
ZCS,,Blocked -,
ZCT,,Blocked -,
ZCU,,Blocked -,
ZCV,,Blocked -,
ZCW,,Blocked -,
ZCX,,Blocked -,
ZCY,,Blocked -,
ZCZ,,Blocked -,
ZDZ,,Air Traffic Flow Control Unit -,
ZEZ,,Flight Information Data Base -,
ZFP,,"Flight Plan Processing Center of ATMB, CAAC. - China",
ZFZ,,Centre In Charge Of A Flight Information Region Or An Upper Flight Information Region (Whe -,
ZGZ,,Air Traffic Control (In General) -,
ZHZ,,Helicopter Air Traffic Control -,
ZIZ,,Flight Information Centre -,Information
ZKC,,Eurocontrol CFMU Central Executive Unit -,
ZKD,,Eurocontrol CFMU Database Operators -,
ZKT,,Eurocontrol CFMU Technical Monitoring Team -,
ZMF,,Eurocontrol CFMU Ifidu System -,
ZMS,,Eurocontrol CFMU Str System -,
ZMT,,Eurocontrol CFMU Tac System -,
ZNN,,Blocked -,
ZOZ,,Oceanic Air Traffic Control -,Oceana
ZPZ,,Air Traffic Services Reporting Office -,
ZQZ,,Centre In Charge Of Flight Information Region Or An Upper Flight Information Region (Wheth -,
ZRZ,,Area Control Centre -,Control
ZSZ,,Sarsat Centre -,
ZTZ,,Aerodrome Control Tower -,Tower
ZUZ,,Upper Area Control Centre -,
ZWD,,Zimbabwe Cargo Airlines - Zimbabwe,Zimbabwe Cargo
ZYZ,,Aerodrome Security Services -,
ZZC,,Blocked -,
ZZM,,Agence Nationale Des Aerodromes Et de La Meteorologie (ANAM) - Cote D'Ivoire,
ZZZ,,Aircraft In Flight -,